"cod_depto","depto","cod_mpio","mpio","periodo","poblacion","pct_subsidiado","pct_cont","pob_asegurada","aseguramiento_capado","tasa_matriculacion_5_16","cobertura_neta","cobertura_neta_media","desercion","repitencia","reprobacion","Cobertura_acueducto","Cobertura_alcantarillado","Cobertura_aseo","infraestructura_basica","ICEE_rural","rmm42","mortalidad_infantil_1","Recaudo_ICA","Rec_ICA_PC","luces_viirs_2024","log_viirs_2024","poblacion_2024","viirs_rad","log_viirs"
5,"ANTIOQUIA",5001,"MEDELLIN",2018,2427133,0.255567403,0.744427782,2700047,1,0.970671,96.8753,48.4536,4.1352,3.8112,9.7624,97.26,95.29,94.67,95.74,100,29.45074363,7.104991901,668761.4982,0.27553558,3e-04,3e-04,2211,13.7957783767846,2.69434189526818
5,"ANTIOQUIA",5002,"ABEJORRAL",2018,20368,0.850278383,0.149721617,16524,0.811272584,0.762192,76.2192,30.9144,2.474,4.2615,5.6315,15.71,15.71,15.71,15.71,97.0681,0,12.82051282,617.731312,0.030328521,0,0,3127,0.298493370806939,0.26120464683766
5,"ANTIOQUIA",5004,"ABRIAQUI",2018,2718,0.832338578,0.167661422,1843,0.678072112,0.675048,67.5048,37.3626,2.1563,2.965,0,39.04,39.04,39.04,39.04,85.1163,0,0,16.370258,0.006022906,0,0,4073,0.188109709967705,0.172363565134261
5,"ANTIOQUIA",5021,"ALEJANDRIA",2018,4642,0.861133494,0.138866506,3723,0.802024989,0.661074,66.1074,22.5352,2.7915,3.2841,0,39.36,32.56,33.4,35.10666667,98.4174,0,0,411.112888,0.088563741,0,0,681,0.268736339687186,0.238021397000983
5,"ANTIOQUIA",5030,"AMAGA",2018,30230,0.461162541,0.538837459,25169,0.832583526,0.813117,81.3117,37.0488,3.6884,4.3757,13.8603,64.326,60.184,65.782,63.430666668,98.9763,0,3.215434084,3453.844278,0.114252209,0.0209,0.0207,53059,0.985556100638804,0.685899026359379
5,"ANTIOQUIA",5031,"AMALFI",2018,25935,0.809485816,0.190469858,22560,0.869866975,0.785763,78.5763,25.2941,3.5398,3.9596,1.9174,41.79,35.1,39.93,38.94,85.1053,0,14.59854015,1726.552314,0.066572289,0,0,2043,0.207166710273554,0.18827605210847
5,"ANTIOQUIA",5034,"ANDES",2018,43265,0.793281782,0.206718218,40219,0.929596672,0.933241,93.3241,39.5983,3.871,3.8183,8.9732,15.94,11.11,12.76,13.27,97.2356,0,12.34567901,2942.381786,0.068008362,0,0,1853,0.282246504805895,0.248613621454628
5,"ANTIOQUIA",5036,"ANGELOPOLIS",2018,5758,0.683430045,0.316569955,4653,0.808093088,1.00666,100.666,51.5789,0.6604,0.3774,3.5849,38.37,38.37,38.42,38.38666667,98.2845,0,17.54385965,147.8324639,0.025674273,0,0,793,0.510966469899072,0.41274949237534
5,"ANTIOQUIA",5038,"ANGOSTURA",2018,11444,0.902360107,0.097639893,10508,0.918210416,1.043916,104.3916,64.5012,6.2414,1.0345,2.7586,51.58,10.49,10.49,24.18666667,97.6002,0,25.42372881,292.4162747,0.025551929,0,0,1067,0.294039342445978,0.257768599361484
5,"ANTIOQUIA",5040,"ANORI",2018,18317,0.898075424,0.101924576,16679,0.910574876,0.823265,82.3265,27.8846,5.2016,2.4447,8.2965,36,21.17,36,31.05666667,74.2857,0,0,878.423694,0.047956745,0.0031,0.0031,11184,0.196969716268707,0.17979312656382
5,"ANTIOQUIA",5042,"SANTAFE DE ANTIOQUIA",2018,26167,0.673332601,0.326667399,27303,1,1.055103,105.4521,47.7974,4.6439,1.449,6.6341,66.6,54.89,61.7,61.06333333,96.6073,0,3.03030303,2355.816678,0.090030064,0,0,4018,0.276433406206805,0.240767983151962
5,"ANTIOQUIA",5044,"ANZA",2018,7013,0.836312456,0.163687544,7105,1,0.753756,75.3756,21.6216,1.7529,0,3.6728,40.02,26.59,26.59,31.06666667,94.1091,0,11.76470588,170.489523,0.024310498,0.0825,0.0793,21121,0.185179443381423,0.169894192136738
5,"ANTIOQUIA",5045,"APARTADO",2018,121014,0.400220607,0.599779393,144148,1,1.020026,101.9919,42.7316,4.7794,0.8852,8.4047,58.86,37.775,53.73,50.1216666675,89.9555,46.92632567,10.7930549,12371.08349,0.102228531,0.0209,0.0207,2810,0.73948748810332,0.553590522771873
5,"ANTIOQUIA",5051,"ARBOLETES",2018,29307,0.886292738,0.113676067,32056,1,1.095594,109.5594,49.5812,3.3599,1.7865,4.5511,58.36,23.14,52.44,44.64666667,98.483,0,16.63201663,543.267542,0.018537126,0.1201,0.1134,5196,0.274714416506298,0.242722166467659
5,"ANTIOQUIA",5055,"ARGELIA",2018,7687,0.924755062,0.075244938,7655,0.995837128,0.802273,80.2273,28.3784,6.636433333,1.6635,5.540333333,26.45,26.45,26.45,26.45,85.2816,0,0,147.445326,0.019181127,18687,10539,32595,0.200340819284634,0.182605532539554
5,"ANTIOQUIA",5059,"ARMENIA",2018,5142,0.726116123,0.273883877,4323,0.840723454,0.656699,65.6699,31.4685,4.1022,3.9944,4.91435,69.18,27.35,40.61,45.71333333,98.9839,0,0,95.225552,0.018519166,0.0548,0.0534,28716,0.285042652841965,0.250791910669436
5,"ANTIOQUIA",5079,"BARBOSA",2018,51974,0.443311056,0.556665494,42645,0.820506407,0.865873,86.5758,44.0424,2.77365,3.0693,6.74385,99.92,28.67,32.95,53.84666667,100,255.7544757,7.672634271,9813.074617,0.188807377,0.1596,0.1481,45212,1.71535557412658,0.998922911339658
5,"ANTIOQUIA",5086,"BELMIRA",2018,5996,0.742180095,0.257819905,4220,0.703802535,1.052091,105.2091,42.3237,3.0605,4.1888,5.988,47.31,19.56,20.92,29.26333333,97.2662,0,20,334.684244,0.055817919,0.32,0.2777,6149,0.235962630830169,0.211850124622269
5,"ANTIOQUIA",5088,"BELLO",2018,522259,0.246379315,0.753618218,405310,0.776070877,0.842885,84.2012,37.5433,2.839,1.8288,1.3985,99.89,99.89,100,99.92666667,100,79.0513834,7.707509881,49254.98681,0.094311418,0.1093,0.1038,12413,7.10777963901894,2.09282405000371
5,"ANTIOQUIA",5091,"BETANIA",2018,10311,0.896379526,0.103620474,8010,0.776840268,0.694732,69.4732,23.9075,6.387,7.4515,4.1327,72.96,48.65,48.65,56.75333333,98.2185,0,0,222.370824,0.021566368,0.0253,0.025,20688,0.232052379664701,0.208681380169158
5,"ANTIOQUIA",5093,"BETULIA",2018,15597,0.928038938,0.071961062,16231,1,0.974007,97.4007,43.4276,4.7207,2.64805,9.6228,16.83,19.03,19.18,18.34666667,97.2342,0,10.98901099,355.892183,0.02281799,0.3085,0.2689,28130,0.205269450603492,0.186703152404855
5,"ANTIOQUIA",5101,"CIUDAD BOLIVAR BOLIVAR",2018,26118,0.733389729,0.266610271,28371,1,0.89628,89.6083,33.1454,7.7163,3.8915,4.692,51.086,41.588,42.372,45.015333332,98.804,0,6.535947712,1458.397599,0.055838793,0.0353,0.0347,7628,0.260164945312931,0.229599370054319
5,"ANTIOQUIA",5107,"BRICEÑO",2018,8029,0.893645847,0.106354153,7381,0.919292564,0.821159,82.1159,19.4444,3.51045,3.06985,9.9005,31.48,31.48,31.48,31.48,88.8259,0,18.86792453,7208.879276,0.897855184,0.747,0.5579,124423,0.303975845276987,0.265417939772305
5,"ANTIOQUIA",5113,"BURITICA",2018,9346,0.752762431,0.247237569,7964,0.852129253,0.738344,73.8344,26.513,5.25,2.1861,4.0625,94.81,92.39,94.06,93.75333333,95.8574,0,0,711.581111,0.076137504,0.1231,0.1161,31449,0.193810330278833,0.177150149989251
5,"ANTIOQUIA",5120,"CACERES",2018,29014,0.957462494,0.042537506,27129,0.935031364,0.918625,91.8625,22.4673,5.9532,4.8419,5.7018,38.36,48.45,45.14,43.98333333,72.1905,0,25.06963788,192.617072,0.006638763,0.0248,0.0245,8170,0.196982371905985,0.17980369957181
5,"ANTIOQUIA",5125,"CAICEDO",2018,8297,0.925118234,0.074750394,7612,0.917440039,0.838275,83.8275,33.7705,2.6684,0,5.7179,69.87,18.38,17.68,35.31,96.623,0,32.60869565,114.171543,0.013760581,0.1716,0.1584,5308,0.203057835179766,0.184866511630592
5,"ANTIOQUIA",5129,"CALDAS",2018,79632,0.206445702,0.793554298,80767,1,0.960007,95.9752,50.8528,2.6044,3.3958,5.34025,100,91.99,100,97.33,99.88,0,4.860267315,8793.707015,0.110429313,21017,11319,62506,1.3793776305502,0.866838953717534
5,"ANTIOQUIA",5134,"CAMPAMENTO",2018,9211,0.922844175,0.077155825,7271,0.78938226,0.705831,70.5831,13.8817,4.2328,3.1746,9.0535,31.38,21.83,18.97,24.06,95.2263,0,0,222.6530606,0.024172518,79558,21923,593344,0.251199140040565,0.224102403500941
5,"ANTIOQUIA",5138,"CAÑASGORDAS",2018,15531,0.866416979,0.133583021,14418,0.928336875,0.874231,87.4231,38.0783,2.7328,3.3401,2.058,71.65,48.87,48.87,56.46333333,95.1293,0,0,907.743109,0.058447177,0.0838,0.0805,6193,0.19444653340552,0.177682926133568
5,"ANTIOQUIA",5142,"CARACOLI",2018,4581,0.792925744,0.207074256,4269,0.9318926,0.784289,78.4289,32.0611,2.2936,3.9755,4.2813,91.16,54.74,54.74,66.88,93.408,0,0,162.837872,0.035546359,0.0952,0.091,10758,0.218358683455671,0.197504611531122
5,"ANTIOQUIA",5145,"CARAMANTA",2018,4758,0.863949978,0.136050022,4638,0.974779319,0.910099,91.0099,31.5068,3.8511,2.5641,2.9525,76.52,50.51,50.51,59.18,97.4766,0,0,165.1502834,0.034710022,0.0648,0.0628,16861,0.336171052286362,0.289808100067384
5,"ANTIOQUIA",5147,"CAREPA",2018,47923,0.53547285,0.46452715,55028,1,0.98093,98.093,33.2207,4.7064,3.0034,5.1678,57.28,54.13,54.13,55.18,93.5301,106.2699256,10.62699256,3943.330216,0.082284711,0.2375,0.2131,27391,0.711376399644698,0.537297958819494
5,"ANTIOQUIA",5148,"CARMEN DE VIBORAL",2018,59410,0.380154517,0.619821784,42196,0.7102508,0.856419,85.5708,40.8195,2.4367,3.7995,6.9772,81.85,59.71,63.73,68.43,95.6641,0,4.291845494,2862.072089,0.048174922,0.1496,0.1394,8023,0.815743837762099,0.596495211728369
5,"ANTIOQUIA",5150,"CAROLINA",2018,3957,0.626890756,0.373109244,2975,0.751832196,0.996616,99.6616,30.7692,1.7991,4.9475,2.5487,81.14,75.88,75.88,77.63333333,96.9027,0,0,251.2519428,0.063495563,0.2983,0.2611,10848,0.244231993315335,0.21851846673325
5,"ANTIOQUIA",5154,"CAUCASIA",2018,90211,0.752874263,0.247106997,106723,1,0.981936,98.1664,39.0853,4.5508,3.0555,7.6064,82.23,82.28,82.42,82.31,89.5185,44.82294935,10.30927835,5682.020766,0.062985897,0.0373,0.0366,29159,0.32845992935583,0.284020323441296
5,"ANTIOQUIA",5172,"CHIGORODO",2018,57380,0.56693338,0.43306662,68613,1,0.985877,98.5877,38.6613,5.08,3.4592,6.1483,71.41,71.11,82.57,75.03,86.4887,0,8.130081301,2296.381657,0.040020594,0.0516,0.0503,9036,0.375712283091239,0.318971621056743
5,"ANTIOQUIA",5190,"CISNEROS",2018,9778,0.712155624,0.28774563,10127,1,0.828392,82.8392,49.0196,2.1448,1.6086,3.6193,66.07,49.88,70.99,62.31333333,94.6237,0,0,562.548237,0.057532035,22824,11886,88316,0.843733928059887,0.611792824083532
5,"ANTIOQUIA",5197,"COCORNA",2018,15438,0.833721727,0.166278273,14590,0.945070605,0.92768,92.768,34.5238,3.93,0.6935,6.539,35.78,30.61,30.53,32.30666667,93.4502,0,15.87301587,1050.710046,0.068059985,0.0393,0.0386,9940,0.336201033919467,0.289830538284922
5,"ANTIOQUIA",5206,"CONCEPCION",2018,4795,0.833376793,0.166623207,3835,0.799791449,0.595183,59.5183,23.1293,2.24155,0.98985,5.5468,26.15,26.15,26.15,26.15,98.2353,0,68.18181818,94.269885,0.019660039,0.1137,0.1077,15570,0.30666673835626,0.267479419998745
5,"ANTIOQUIA",5209,"CONCORDIA",2018,21367,0.823816658,0.176183342,18021,0.843403379,0.87218,87.218,37.0757,2.245,2.84965,4.0209,36.95,34.9,35.18,35.67666667,97.4677,0,10,654.165033,0.030615671,0.0314,0.0309,4538,0.265577598709261,0.235528617739695
5,"ANTIOQUIA",5212,"COPACABANA",2018,77875,0.28900092,0.710966238,60896,0.781971108,1.030195,102.9519,50.7706,3.079,2.6893,7.2981,82.47,82.47,82.47,82.47,100,171.5265866,6.861063465,10470.61386,0.134454111,0.155,0.1441,4556,6.68297098364366,2.03900631918224
5,"ANTIOQUIA",5234,"DABEIBA",2018,23048,0.922314119,0.077685881,23698,1,0.848373,84.8373,28.2418,5.1116,4.2657,6.5155,40.93,40.93,40.93,40.93,86.1667,0,10.48951049,578.319084,0.025091942,0.4843,0.3949,50543,0.178046109659314,0.163857226788748
5,"ANTIOQUIA",5237,"DON MATIAS",2018,18914,0.349957008,0.650042992,19771,1,0.991188,99.1188,42.7068,4.4994,3.9631,0.0298,65.01,57.85,65.01,62.62333333,99.6417,0,4.201680672,1943.107957,0.102733846,16709,0.9824,68325,0.591345221316781,0.464579709675242
5,"ANTIOQUIA",5240,"EBEJICO",2018,12153,0.815237508,0.184659675,9726,0.800296223,0.830475,83.0475,34.7107,2.7427,2.0845,9.1059,90.15,20.22,20.22,43.53,96.7611,0,10,301.3947757,0.024800031,0.2062,0.1875,3947,0.26949043252079,0.238615585718907
5,"ANTIOQUIA",5250,"EL BAGRE",2018,51868,0.84151206,0.15848794,58913,1,0.930998,93.0998,32.7061,5.5187,2.0024,3.7494,66.45,33.27,71.87,57.19666667,82.4352,105.374078,18.96733404,1162.080323,0.022404572,0.2606,0.2316,93572,0.238289796389862,0.213731231190319
5,"ANTIOQUIA",5264,"ENTRERRIOS",2018,11154,0.292085848,0.707914152,8946,0.80204411,0.839577,83.9577,39.6419,5.2276,5.9619,3.5055,39.42,28.26,27.22,31.63333333,99.6997,0,8.474576271,1202.812156,0.107836844,0.2087,0.1896,56758,0.260729237240946,0.231690313261613
5,"ANTIOQUIA",5266,"ENVIGADO",2018,228836,0.098617634,0.901382366,188445,0.823493681,0.99093,96.959,62.9824,2.2531,3.2899,2.5056,92.98,93.05,93.88,93.30333333,100,0,1.846153846,68907.89558,0.301123493,10987,0.7413,10040,17.3081901616875,2.90734850954581
5,"ANTIOQUIA",5282,"FREDONIA",2018,24415,0.556582864,0.443417136,15791,0.646774524,0.737432,73.7432,37.0068,3.0686,1.6767,3.3217,39.47,39.47,39.47,39.47,98.6003,0,0,868.036048,0.035553391,0.1173,0.1109,16062,0.400452555950424,0.336795438636117
5,"ANTIOQUIA",5284,"FRONTINO",2018,20742,0.885283403,0.114716597,23606,1,0.91851,91.851,36.4954,3.4667,4.6555,1.4974,64.74,64.74,100,76.49333333,88.14,0,17.24137931,386.022873,0.018610687,0.0857,0.0822,5108,0.190837371045237,0.174656732808828
5,"ANTIOQUIA",5306,"GIRALDO",2018,5545,0.817761128,0.182238872,4538,0.81839495,0.932023,93.2023,35.2041,3.4364,2.1478,5.0687,83.89,26.32,42.15,50.78666667,95.4315,0,0,436.317373,0.078686632,0.1319,0.1239,22182,0.29320817921512,0.257126091636581
5,"ANTIOQUIA",5308,"GIRARDOTA",2018,51660,0.306479523,0.693499113,46809,0.906097561,0.893868,89.3145,46.623,4.3737,4.1254,10.5958,96.21,51.82,74.79,74.27333333,100,0,8.928571429,19092.94753,0.369588609,77632,21706,89546,3.98730419553311,1.60689552240435
5,"ANTIOQUIA",5310,"GOMEZ PLATA",2018,9761,0.714883898,0.285116102,7881,0.807396783,0.787725,78.7725,25.8065,4.1667,5.3279,9.0164,46.8,43.35,43.06,44.40333333,97.0775,0,17.54385965,677.421021,0.069400781,0.0137,0.0136,24651,0.274598905597136,0.242631545273129
5,"ANTIOQUIA",5313,"GRANADA",2018,10124,0.819237148,0.180762852,9045,0.893421573,0.813034,81.3034,46.2644,3.741366667,2.1813,4.946166667,48.89,41.21,41.2,43.76666667,98.1358,0,8.130081301,371.089828,0.036654467,0.6066,0.4741,19689,0.359484738666635,0.307105759331635
5,"ANTIOQUIA",5315,"GUADALUPE",2018,6555,0.786483148,0.213516852,5667,0.864530892,0.733086,73.3086,26.2712,2.266033333,2.506633333,7.161833333,31.95,29.64,29.64,30.41,98.4615,0,14.92537313,376.939918,0.057504183,0.1156,0.1094,12627,0.254384500228755,0.226645014214927
5,"ANTIOQUIA",5318,"GUARNE",2018,55110,0.31796148,0.68203852,38577,0.7,0.734893,73.409,36.8963,2.4096,4.2638,5.818,64.14,26.23,32.11,40.82666667,96.3738,0,13.64522417,12854.0763,0.23324399,0.0935,0.0894,55742,2.82959001978651,1.34275775302072
5,"ANTIOQUIA",5321,"GUATAPE",2018,8367,0.53852983,0.46147017,5632,0.673120593,0.895701,89.5701,59.3496,2.4257,0.7825,4.0689,98.4,66.33,76.55,80.42666667,98.4848,0,13.33333333,810.07479,0.096817831,0.1804,0.1659,12568,0.817599806663506,0.59751684317558
5,"ANTIOQUIA",5347,"HELICONIA",2018,5460,0.816632017,0.183367983,4810,0.880952381,0.973422,97.3422,38.0952,3.7353,4.6958,3.2017,95.84,95.28,93.81,94.97666667,98.2426,0,0,95.145195,0.01742586,137589,26918,260430,0.410502576970174,0.343946078448797
5,"ANTIOQUIA",5353,"HISPANIA",2018,5471,0.736867014,0.263132986,4226,0.772436483,0.919881,91.9881,23.8636,0.4469,7.933,5.0279,74.27,55.74,55.69,61.9,98.1191,0,0,257.314541,0.047032451,0.2628,0.2333,26245,0.226750981805239,0.204369196317891
5,"ANTIOQUIA",5360,"ITAGUI",2018,276746,0.164509183,0.835476438,278179,1,0.880356,87.6867,48.832,2.8833,2.6547,7.4236,98.91,96.8,98.91,98.20666667,100,39.82477101,6.371963361,109741.0607,0.396540729,0.0216,0.0214,21716,21.1493443122991,3.09780789389945
5,"ANTIOQUIA",5361,"ITUANGO",2018,27065,0.897251567,0.102748433,22813,0.84289673,0.891445,89.1445,36.2625,5.9353,3.5165,4.5364,100,97.42,99.56,98.99333333,86.4691,0,19.76284585,4346.325363,0.160588412,0.5938,0.4661,6331,0.220881497031139,0.199573136389969
5,"ANTIOQUIA",5364,"JARDIN",2018,14520,0.755242253,0.244757747,13973,0.962327824,0.93094,93.094,41.978,2.9529,0.9171,6.5842,69.9,53.28,54.45,59.21,97.3464,0,15.38461538,723.201864,0.049807291,55343,18771,60604,0.332378154531086,0.286965431624388
5,"ANTIOQUIA",5368,"JERICO",2018,13647,0.664737794,0.33517179,11060,0.810434528,0.841894,84.1894,51.1166,2.7095,1.331,4.31105,36.33,36.33,37.98,36.88,98.3108,0,10.86956522,974.195786,0.071385344,0.1456,0.136,10301,0.513705514552947,0.414560627874776
5,"ANTIOQUIA",5376,"LA CEJA",2018,64878,0.183972709,0.816012329,66836,1,0.88216,88.1796,48.3808,1.925,1.4806,6.4244,99.65,99.65,99.57,99.62333333,99.3149,0,16.10541728,6266.427403,0.096587863,0.1623,0.1504,10463,3.28676665190167,1.45553275457425
5,"ANTIOQUIA",5380,"LA ESTRELLA",2018,71567,0.258351076,0.741648924,40863,0.57097545,1.183864,117.5898,62.3383,4.4273,0,6.5403,87.46,82.86,99.94,90.08666667,100,0,4.87804878,29163.9393,0.407505405,0.1151,0.109,6975,2.39868673962924,1.22338910395697
5,"ANTIOQUIA",5390,"LA PINTADA",2018,8127,0.577565928,0.422434072,8077,0.993847668,0.934975,93.4975,28.9116,6.4473,4.094,5.9772,90.15,52.52,86.73,76.46666667,99.8092,0,0,1032.409962,0.127034571,44896,17028,64068,0.387732398106237,0.326308933848375
5,"ANTIOQUIA",5400,"LA UNION",2018,21479,0.494165783,0.505834217,19797,0.921690954,0.939928,93.9928,52.9491,2.016375,2.181775,6.429325,97.12,91.95,92.1,93.72333333,97.196,0,0,1798.039319,0.0837115,0.9612,0.6736,9518,0.804333151605026,0.590191078429024
5,"ANTIOQUIA",5411,"LIBORINA",2018,10023,0.884868067,0.115131933,9285,0.92636935,0.916917,91.6917,46.9388,1.6489,5.6915,0.3191,40.31,21.84,21.84,27.99666667,97.2916,0,25.64102564,518.479677,0.051728991,0.2478,0.2214,5126,0.236699057723156,0.212445779837191
5,"ANTIOQUIA",5425,"MACEO",2018,8217,0.788635032,0.211364968,8535,1,0.967147,96.7147,31.1355,4.2417,5.1133,3.5445,59.35,36.83,35.13,43.77,94.5394,0,8.620689655,606.25149,0.07378015,0.1977,0.1804,5862,0.273541199414205,0.241801366240509
5,"ANTIOQUIA",5440,"MARINILLA",2018,64640,0.326281336,0.673700379,54689,0.846055074,0.977543,97.7543,59.0737,3.5359,1.2155,3.2044,80.19,80.19,80.19,80.19,98.0757,0,11.56812339,7195.879971,0.111322401,366015,3627,302075,4.27883067637365,1.66370461038364
5,"ANTIOQUIA",5467,"MONTEBELLO",2018,6662,0.855696637,0.144303363,5828,0.874812369,0.77862,77.862,35.9223,3.1893,1.6461,6.3786,38.45,19.58,19.1,25.71,96.556,0,0,693.232752,0.104057753,0.0201,0.0199,29342,0.576144107160032,0.454981425808757
5,"ANTIOQUIA",5475,"MURINDO",2018,4902,0.955938314,0.044061686,4993,1,0.722747,72.2747,10.6796,5.2109,5.5418,0,0,0,0,0,80.3109,0,11.23595506,80.344811,0.01639021,0.146,0.1362,15350,0.197767464369583,0.180459377655451
5,"ANTIOQUIA",5480,"MUTATA",2018,13991,0.906010634,0.093989366,22194,1,1.238244,123.8244,37.3057,5.1056,1.5993,5.6797,28.4,28.4,49.86,35.55333333,78.3225,0,15.15151515,389.586532,0.02784551,0.3799,0.322,14317,0.195486529756789,0.17855324039713
5,"ANTIOQUIA",5483,"NARIÑO",2018,10154,0.928928047,0.071071953,10215,1,0.787583,78.7583,28.5714,3.2214,2.545566667,6.364366667,29.51,22.39,29.51,27.13666667,95.1712,1086.956522,0,184.317386,0.018152195,48812,17718,72033,0.215516177312387,0.195168823868846
5,"ANTIOQUIA",5490,"NECOCLI",2018,42279,0.920089441,0.079892231,54561,1,1.171409,117.1409,41.221,4.9328,2.777,4.3381,23.1,23.1,20.37,22.19,96.1476,104.6025105,12.55230126,856.745983,0.020264102,91501,23175,81925,0.246814731669094,0.220592084424409
5,"ANTIOQUIA",5495,"NECHI",2018,25786,0.951605642,0.048394358,26656,1,0.911149,91.1149,20.9647,7.3065,2.6796,4.7163,75.69,0,75.69,50.46,87.1065,0,16.91331924,228.379359,0.008856719,0.8932,0.6382,8554,0.188307325052234,0.172529878607083
5,"ANTIOQUIA",5501,"OLAYA",2018,3118,0.911533117,0.088466883,2159,0.692431046,0.8,80,44,4.0076,6.2977,8.3969,32.52,25.13,31.59,29.74666667,93.9605,0,0,51.154544,0.016406204,0.8198,0.5987,23718,0.406791930136722,0.341311885275336
5,"ANTIOQUIA",5541,"PEÑOL",2018,21046,0.715097403,0.284902597,17248,0.819538155,0.742985,74.2985,33.4891,2.8096,0.6243,5.307,61.58,48.8416666666667,52.7016666666667,54.374444445,97.6566,0,7.90513834,572.035179,0.027180233,0.1178,0.1113,10817,0.733198232629053,0.549968391167573
5,"ANTIOQUIA",5543,"PEQUE",2018,8108,0.92871081,0.07128919,7687,0.948075974,0.783925,78.3925,22.0447,1.9493,5.653,10.0065,100,21.46,21.46,47.64,96.9197,0,0,198.025946,0.024423526,0.0905,0.0866,8808,0.177671268454841,0.163538987248539
5,"ANTIOQUIA",5576,"PUEBLORRICO",2018,8660,0.847041656,0.152958344,7538,0.870438799,0.803419,80.3419,25,3.661,3.8644,1.2203,37.57,35.98,36.07,36.54,98.1989,0,0,279.807116,0.032310291,43133,16702,73095,0.408098745229313,0.342240386831658
5,"ANTIOQUIA",5579,"PUERTO BERRIO",2018,39317,0.654292584,0.345686689,48246,1,0.905846,90.559,42.4514,3.4912,2.3465,3.2337,88.45,88.45,88.45,88.45,94.7343,0,5.597014925,2498.104528,0.063537516,20777,30809,2524747,0.209672394237555,0.190349574385636
5,"ANTIOQUIA",5585,"PUERTO NARE",2018,14382,0.734118487,0.265881513,11208,0.779307468,0.826012,82.6012,38.75,3.7111,5.6664,9.8563,98.35,88.54,97.49,94.79333333,94.3162,0,0,1726.776064,0.120065086,0.2828,0.249,6595,0.334688739947997,0.281535643799611
5,"ANTIOQUIA",5591,"PUERTO TRIUNFO",2018,18052,0.748693514,0.251306486,13012,0.720806559,1.019437,101.9437,28.0612,6.6172,9.665,6.1779,53.798,50.528,58.52,54.282,97.7974,0,4.484304933,1613.614448,0.089387018,0,0,5769,0.525975227018736,0.422633698797817
5,"ANTIOQUIA",5604,"REMEDIOS",2018,28423,0.823436659,0.176563341,26002,0.914822503,1.018733,101.8733,33.5472,3.5759,1.4911,4.349,100,71.61,74.17,81.92666667,83.17,231.4814815,9.259259259,687.036623,0.024171855,0.0331,0.0326,13872,0.207349642715404,0.188427579301046
5,"ANTIOQUIA",5607,"RETIRO",2018,23516,0.331101835,0.668819406,12697,0.53993026,1.056315,103.1985,53.7383,3.7147,0.5944,5.0149,69.8,65.57,94.69,76.68666667,98.3385,0,23.39181287,2942.908175,0.12514493,0.0372,0.0365,10906,2.11447700997257,1.13606124407383
5,"ANTIOQUIA",5615,"RIONEGRO",2018,135473,0.158868532,0.841125228,160252,1,0.982968,97.9193,48.5405,4.148,2.9716,10.8905,68.37,48.68,63.34,60.13,98.7089,0,6.114130435,53705.46226,0.396429268,0.0728,0.0703,28955,5.67104933139621,1.89777716860278
5,"ANTIOQUIA",5628,"SABANALARGA",2018,9034,0.916666667,0.083333333,8604,0.952402037,0.812651,81.2651,31.307,3.6054,2.8287,5.8205,57.03,22.09,24.17,34.43,98.1248,0,28.03738318,267.468914,0.02960692,0.105,0.0998,42718,0.17525286718616,0.161483330558489
5,"ANTIOQUIA",5631,"SABANETA",2018,82376,0.113488482,0.886511518,59169,0.718279596,0.936095,93.5037,58.2734,1.566,1.8938,6.3236,98.78,99.81,99.94,99.51,100,0,4.993757803,51255.51937,0.622214229,0.1607,0.149,3431,12.3011591270731,2.58785118384167
5,"ANTIOQUIA",5642,"SALGAR",2018,18267,0.862681646,0.137318354,16378,0.896589478,0.820243,82.0243,22.1519,6.9,4.2574,7.4942,25.92,18.58,22.73,22.41,96.4718,0,18.18181818,666.6045068,0.036492282,14069,0.8783,23491,0.220437076536158,0.199209054041437
5,"ANTIOQUIA",5647,"SAN ANDRES",2018,7215,0.77711039,0.22288961,6160,0.853776854,0.774098,77.4098,29.1971,2.5436,1.5262,5.2326,68.99,41.31,42.38,50.89333333,97.1204,0,12.98701299,195.424342,0.027085841,0.0189,0.0188,8733,0.195795601863015,0.178811739470794
5,"ANTIOQUIA",5649,"SAN CARLOS",2018,16256,0.830204082,0.169795918,13475,0.828924705,0.88816,88.816,40.681,3.0104,4.99,5.29865,36.04,36.04,36.04,36.04,91.2082,0,0,2519.223437,0.154971914,0.2221,0.2006,9040,0.236760037292411,0.212495086954814
5,"ANTIOQUIA",5652,"SAN FRANCISCO",2018,5648,0.921996616,0.078003384,5910,1,0.759162,75.9162,22.9268,4.151866667,1.422533333,5.4593,33.75,33.75,33.75,33.75,87.5404,0,0,120.483686,0.021332097,0.081,0.0779,39164,0.180440714311821,0.165887855453708
5,"ANTIOQUIA",5656,"SAN JERONIMO",2018,15358,0.616876985,0.383123015,11649,0.7584972,0.778165,77.8165,40.0398,2.376,0.0834,7.8366,40.45,38.42,40.38,39.75,98.503,0,7.246376812,1078.343758,0.070213814,0.1711,0.1579,15465,0.772820150716455,0.572571584110727
5,"ANTIOQUIA",5658,"SAN JOSE DE LA MONTANA",2018,3648,0.667274385,0.332725615,3291,0.902138158,0.786305,78.6305,33.7748,5.6604,0,0.2903,71.93,57.61,95.56,75.03333333,98.5632,0,25.64102564,96.692227,0.026505545,0.3668,0.3125,20006,0.22250867332168,0.200905037083383
5,"ANTIOQUIA",5659,"SAN JUAN DE URABA",2018,20085,0.957961565,0.042038435,23312,1,1.059622,105.9622,34.7079,4.8443,5.4726,5.0645,13.55,13.55,26.51,17.87,95.7837,0,7.246376812,309.4980206,0.015409411,0.0731,0.0706,32457,0.316242292126272,0.274780928514446
5,"ANTIOQUIA",5660,"SAN LUIS",2018,12990,0.748876481,0.251123519,14686,1,0.905773,90.5773,44.6581,3.01625,1.54575,6.3365,25.49,25.49,25.49,25.49,92.7767,0,5,769.549874,0.059241715,16189,0.9627,26766,0.215027475776777,0.19476669034487
5,"ANTIOQUIA",5664,"SAN PEDRO",2018,21949,0.407537647,0.592462353,24172,1,1.142092,114.2092,72.5722,2.6563,1.3179,4.7933,78.05,51.57,57.32,62.31333333,99.5781,0,13.24503311,4609.726645,0.210019894,91905,23215,151872,0.633017993045616,0.490429832326656
5,"ANTIOQUIA",5665,"SAN PEDRO DE URABA",2018,30934,0.93267293,0.06732707,35231,1,1.071907,107.1907,40.5344,3.6884,1.262,4.3412,25.88,24.66,23.29,24.61,90.7344,0,8.818342152,603.472994,0.019508405,0.0653,0.0633,9827,0.279529930965827,0.246492769048929
5,"ANTIOQUIA",5667,"SAN RAFAEL",2018,15713,0.759909056,0.240015157,13195,0.839750525,1.046123,104.6123,66.4717,2.8938,1.0442,4.1468,34.72,25.91,31.07,30.56666667,95.2974,0,0,923.194655,0.058753558,205694,30713,103765,0.312202024902395,0.271706661062943
5,"ANTIOQUIA",5670,"SAN ROQUE",2018,21517,0.818443644,0.181556356,18055,0.839103964,0.815395,81.5395,35.3887,2.6674,2.5041,2.1502,40.48,40.37,40.37,40.40666667,97.996,0,0,317.035883,0.014734205,0.1441,0.1346,18915,0.259728072256118,0.230895882002086
5,"ANTIOQUIA",5674,"SAN VICENTE",2018,22084,0.856320724,0.143679276,15465,0.700280746,0.729954,72.9954,33.7063,2.2158,1.5088,8.3815,19.77,14.6,14.6,16.32333333,97.928,0,0,442.448806,0.020034813,0.1087,0.1032,7406,0.553932548213259,0.440788845735247
5,"ANTIOQUIA",5679,"SANTA BARBARA",2018,26782,0.710224271,0.289727705,20823,0.777499813,0.754609,75.4609,38.1406,2.3715,1.605733333,4.7899,40.42,34.62,74.98,50.00666667,97.8719,0,24.24242424,783.046379,0.029237786,0.0854,0.0819,16912,0.52634585564648,0.422876549153024
5,"ANTIOQUIA",5686,"SANTA ROSA DE OSOS",2018,36312,0.483338841,0.51663362,36312,1,1.032705,103.2441,56.7873,3.9518,3.8436,4.2496,41.22,28.33,32.67,34.07333333,98.8452,0,8.888888889,4058.110483,0.111756733,0.0479,0.0468,6013,0.344905392984974,0.29632367079172
5,"ANTIOQUIA",5690,"SANTO DOMINGO",2018,12393,0.838048667,0.161951333,8589,0.69305253,1.036166,103.6166,52.2167,3.3538,1.0225,4.7035,41.32,21.69,21.85,28.28666667,97.3565,0,25,679.2992532,0.054813141,0.9807,0.6834,17982,0.350603476412516,0.300551512131685
5,"ANTIOQUIA",5697,"SANTUARIO",2018,35429,0.56437396,0.43562604,28249,0.797341161,0.827627,82.7496,43.126,3.6712,3.2145,6.0776,96.08,64.57,77.52,79.39,99.1021,0,8.016032064,2152.905058,0.060766746,0.1882,0.1725,3963,2.28804183729992,1.19029220135261
5,"ANTIOQUIA",5736,"SEGOVIA",2018,37900,0.648668564,0.351306027,39356,1,0.896336,89.6336,27.5932,8.8797,4.5223,1.6632,40.02,10.35,71.48,40.61666667,72.2019,0,9.259259259,2332.083585,0.061532548,0.2601,0.2312,20025,0.240512779330001,0.215524825854013
5,"ANTIOQUIA",5756,"SONSON",2018,36327,0.810792952,0.189207048,31780,0.874831393,0.875409,87.5409,37.6923,4.3478,3.3036,5.3454,55.05,48.51,52.94,52.16666667,94.7883,0,9.546539379,10796.11474,0.297192577,0.0341,0.0335,14242,0.261693215875645,0.232454640966067
5,"ANTIOQUIA",5761,"SOPETRAN",2018,15057,0.765133596,0.234866404,11415,0.758119147,0.90455,90.455,36.7742,2.2402,5.9482,6.5662,57.06,28.7,47.77,44.51,98.3842,0,0,448.94693,0.029816493,0.5633,0.4468,22297,0.511553737457732,0.413138087008799
5,"ANTIOQUIA",5789,"TAMESIS",2018,16276,0.711975922,0.288024078,14287,0.877795527,0.875355,87.5355,43.8835,1.7069,1.7069,3.0798,30.7,30.7,36.55,32.65,98.073,0,0,605.315486,0.037190679,0.1347,0.1264,32352,0.349051480299478,0.299401738320661
5,"ANTIOQUIA",5790,"TARAZA",2018,26960,0.924596938,0.075403062,34362,1,0.983399,98.3399,22.5615,8.5629,4.9372,9.9472,98.23,98.23,98.23,98.23,78.7372,0,10.12658228,790.960205,0.029338287,0.196,0.1789,17222,0.194395046240854,0.177639819746679
5,"ANTIOQUIA",5792,"TARSO",2018,6187,0.639653223,0.360346777,5306,0.857604655,0.756803,75.6803,31.1927,2.261,1.1305,14.4913,53.41,50.61,55.35,53.12333333,98.5075,0,15.38461538,1345.460623,0.217465754,0.0874,0.0838,24238,0.326350088221657,0.282430875183691
5,"ANTIOQUIA",5809,"TITIRIBI",2018,10782,0.542827657,0.457172343,7752,0.718976071,0.761042,76.1042,24.8466,4.0788,10.3376,10.6892,66.32,53.62,73.04,64.32666667,99.3584,1470.588235,14.70588235,628.296692,0.058272741,0.5242,0.4214,24534,0.292119694011549,0.256284043493166
5,"ANTIOQUIA",5819,"TOLEDO",2018,4993,0.830160508,0.169839492,5358,1,1.071115,107.1115,30.7692,2.2142,0.4622,10.3873,39.73,27.91,27.67,31.77,98.0697,1923.076923,0,637.79943,0.12773872,0.3737,0.3175,29171,0.18287456367906,0.1679475469814
5,"ANTIOQUIA",5837,"TURBO",2018,124559,0.733107502,0.266885321,139337,1,1.124974,112.4974,41.7046,3.6532,1.0205,5.3239,33.47,7.59,45.29,28.78333333,91.5635,34.87966516,12.55667946,8439.246112,0.067753001,0.204,0.1856,39788,0.270639334251593,0.239520186597318
5,"ANTIOQUIA",5842,"URAMITA",2018,6880,0.905297425,0.094702575,6758,0.982267442,0.821564,82.1564,36.6142,1.718,0.2863,5.0823,39.11,39.11,39.11,39.11,94.8026,0,26.66666667,112.38646,0.016335241,0.3028,0.2645,13434,0.157905458077371,0.146612733397647
5,"ANTIOQUIA",5847,"URRAO",2018,30136,0.869983897,0.130016103,31050,1,0.845195,84.5195,38.9232,3.551,2.5364,7.331,93.94,93.94,93.94,93.94,90.9074,0,11.17318436,865.424598,0.028717301,20661,11204,39396,0.195684295151837,0.178718653418599
5,"ANTIOQUIA",5854,"VALDIVIA",2018,13798,0.916455532,0.083479504,15393,1,0.854909,85.4909,16.9014,2.9412,9.5908,0,45.87,21.61,68.61,45.36333333,92.3815,0,12.87553648,572.652584,0.041502579,0.1879,0.1722,39116,0.201767008311967,0.183792980645363
5,"ANTIOQUIA",5856,"VALPARAISO",2018,6512,0.700349108,0.299650892,5156,0.791769042,0.784133,78.4133,41.7112,4.6771,1.22645,2.08025,51.48,34.26,36.26,40.66666667,98.2342,0,0,381.7868196,0.058628197,0.1083,0.1028,36144,0.330834367880068,0.285806089806234
5,"ANTIOQUIA",5858,"VEGACHI",2018,11817,0.809386121,0.190613879,13488,1,1.052711,105.2711,43.9394,6.4984,2.6943,2.6962,50.4,50.4,50.4,50.4,95.0196,0,0,807.212918,0.068309462,0.9121,0.6482,16366,0.251908467917622,0.224669161313341
5,"ANTIOQUIA",5861,"VENECIA",2018,11606,0.615671999,0.384328001,10439,0.899448561,0.989322,98.9322,43.1755,3.8114,4.4629,0.08225,77.47,77.47,77.98,77.64,99.2628,0,0,1151.044665,0.09917669,0.1481,0.1381,16676,0.455065946802565,0.375051223859273
5,"ANTIOQUIA",5873,"VIGIA DEL FUERTE",2018,9089,0.977754651,0.022245349,7687,0.845747607,0.779288,77.9288,18.7032,4.8934,3.6306,1.7758,0,0,63.32,21.10666667,91.6507,0,8.403361345,135.286537,0.014884645,0.0468,0.0457,29027,0.197845007089348,0.180524114937224
5,"ANTIOQUIA",5885,"YALI",2018,7606,0.868686869,0.131313131,6633,0.872074678,0.718634,71.8634,24.2537,4.3661,4.0302,0,69.72,47,49.61,55.44333333,96.5361,0,0,185.587768,0.02440018,0.1949,0.178,6530,0.215191455098369,0.194901640591334
5,"ANTIOQUIA",5887,"YARUMAL",2018,41553,0.671991946,0.327986169,45694,1,0.907823,90.7823,42.1279,2.6483,2.0734,2.9107,81.97,71.09,74.26,75.77333333,97.8651,369.6857671,9.242144177,2482.904994,0.059752725,0.3406,0.2931,11449,0.290912496129248,0.255349329651966
5,"ANTIOQUIA",5890,"YOLOMBO",2018,22530,0.839206584,0.160793416,18956,0.841367066,0.812937,81.2937,34.4363,2.4518,0.5754,1.7013,48.96,26.83,30.31,35.36666667,96.2478,0,4.716981132,600.07984,0.026634702,0.1416,0.1325,4867,0.247497517014009,0.221139558272024
5,"ANTIOQUIA",5893,"YONDO",2018,19043,0.935915716,0.064084284,12624,0.662920758,0.805097,80.5097,25.2976,5.6085,3.5656,8.685,46.68,43.55,56.58,48.93666667,80.5879,406.504065,24.3902439,7066.124025,0.371061494,0.1923,0.1759,130019,0.285184601326972,0.250902366649483
5,"ANTIOQUIA",5895,"ZARAGOZA",2018,24659,0.925138319,0.074824043,26569,1,1.195554,119.5554,33.8353,3.7585,5.3675,1.1327,38.44,38.44,54.07,43.65,80.402,0,6.535947712,1571.378374,0.063724335,0.0309,0.0304,7406,0.266798990122319,0.236493238494091
8,"ATLANTICO",8001,"BARRANQUILLA",2018,1206322,0.489989055,0.51000964,1533122,1,1.014012,101.0051,56.6709,0.6916,0.7631,5.7638,99.38,96.16,98.8,98.11333333,81.0945,37.04770922,12.76087762,395449.4027,0.327814135,0.0293,0.0289,31776,12.6421315182701,2.09671389968938
8,"ATLANTICO",8078,"BARANOA",2018,62371,0.795562911,0.204437089,50754,0.813743567,0.906192,90.5653,53.2761,1.5462,0.7639,5.6144,29.83,11.73,29.83,23.79666667,97.5339,311.2033195,13.48547718,1890.948089,0.030317745,0.0358,0.0351,14927,2.62232743250524,1.28711675639828
8,"ATLANTICO",8137,"CAMPO DE LA CRUZ",2018,22876,0.957137546,0.042862454,26900,1,0.881728,88.1728,30.6005,2.107,1.2807,6.3417,100,90.71,100,96.90333333,79.3919,273.9726027,16.43835616,202.174977,0.008837864,0.1743,0.1607,6683,1.27801634853229,0.823305041703493
8,"ATLANTICO",8141,"CANDELARIA",2018,15977,0.948878195,0.051121805,16001,1,0.841134,84.0332,43.5,3.6977,0.85365,7.28415,87.66,87.66,87.66,87.66,91.2125,0,17.16738197,222.480317,0.013925037,0.1003,0.0956,12126,0.65641296476931,0.50465439973502
8,"ATLANTICO",8296,"GALAPA",2018,60724,0.766681454,0.233318546,38321,0.631068441,0.775732,77.4515,36.5301,5.5302,1.0901,4.3806,97.98,66.69,96.45,87.04,91.4493,0,17.14285714,8065.473275,0.132821838,0.4286,0.3567,12343,5.51279485399344,1.87376868113996
8,"ATLANTICO",8372,"JUAN DE ACOSTA",2018,21005,0.877921923,0.122078077,16727,0.796334206,0.796288,79.6056,42.7012,2.6667,0.6813,7.7037,100,0,95.17,65.05666667,95.6378,0,17.77777778,337.524882,0.016068788,0,0,11150,0.76017461891816,0.565413019422958
8,"ATLANTICO",8421,"LURUACO",2018,28173,0.9468301,0.0531699,24638,0.874525255,0.867149,86.7149,39.3058,2.475,1.8647,3.8142,80.19,34.93,68.88,61.33333333,96.7613,0,28.01724138,483.008911,0.01714439,0.0448,0.0438,7746,0.669871314429478,0.512746566231746
8,"ATLANTICO",8433,"MALAMBO",2018,128199,0.801113548,0.198886452,107584,0.839195314,0.817158,81.4225,37.3511,1.8837,1.0412,0.142,51.16,46.31,43.13,46.86666667,93.6998,58.99705015,20.05899705,21688.48299,0.169178254,0.2197,0.1986,41862,5.96960558964456,1.94155863631977
8,"ATLANTICO",8436,"MANATI",2018,19803,0.95343461,0.04656539,18168,0.917436752,0.783343,78.3343,38.2244,3.702,1.1551,2.6173,68.37,68.37,68.37,68.37,78.0822,0,19.88636364,442.647283,0.022352537,0.0772,0.0744,24828,0.837334478139213,0.608315868123177
8,"ATLANTICO",8520,"PALMAR DE VARELA",2018,28928,0.880019352,0.119980648,20670,0.714532633,0.903014,90.0885,49.2172,2.6852,2.8333,4.7407,99.96,33.5,73.13,68.86333333,64.4444,0,20.28985507,285.430824,0.009866939,0.1904,0.1743,21677,0.910277561693305,0.647248551758848
8,"ATLANTICO",8549,"PIOJO",2018,6609,0.954339866,0.045660134,4643,0.702526857,0.758333,75.8333,28.4444,4.7135,0.0924,4.2514,86.928,27.874,81.004,65.268666666,91.679,0,15.38461538,138.078,0.020892419,0.0896,0.0858,26532,0.344434670724959,0.295973605531343
8,"ATLANTICO",8558,"POLO NUEVO",2018,18187,0.888518024,0.111481976,13482,0.74129873,0.752823,75.2577,35.3276,3.773,2.3462,5.1997,99.93,77.35,98.55,91.94333333,90.4376,0,8.849557522,280.8638,0.015443108,0.1002,0.0955,90619,1.47887118689331,0.907803289981864
8,"ATLANTICO",8560,"PONEDERA",2018,23842,0.955352879,0.044647121,20942,0.878365909,0.843116,84.2578,34.9015,6.5972,0.2655,3.3701,93.35,0,74.01,55.78666667,92.5745,0,15,182.548763,0.007656604,0.1741,0.1605,53319,0.740447050885511,0.554142006022928
8,"ATLANTICO",8573,"PUERTO COLOMBIA",2018,49250,0.700565176,0.299434824,27602,0.560446701,1.444525,139.6739,78.508,2.0264,0.7436,4.7778,82.1,61.48,81.41,74.99666667,95.7313,311.0419907,9.33125972,10418.83639,0.211549977,0.0044,0.0044,4135,6.82398779182238,2.0571943723814
8,"ATLANTICO",8606,"REPELON",2018,26207,0.953668604,0.046247157,23742,0.905941161,0.844098,84.4098,38.5602,3.0512,0.1816,4.4679,83.6,0,59.08,47.56,98.1723,0,16.80672269,368.696447,0.014068625,0.0422,0.0413,20073,0.615503265056635,0.479646527361547
8,"ATLANTICO",8634,"SABANAGRANDE",2018,32341,0.833489052,0.166510948,24617,0.761170032,0.906684,90.5268,54.6064,0.9968,0.0475,4.6361,100,100,100,100,87.7285,0,20.2020202,980.181254,0.030307698,0.0084,0.0084,4673,5.92060469209793,1.93450314906303
8,"ATLANTICO",8638,"SABANALARGA",2018,93248,0.716165966,0.28381377,98695,1,0.934928,93.4146,52.5373,0,0,0,55,37.83,44.91,45.91333333,92.6844,0,14.97192764,3761.630803,0.04034007,0.6348,0.4915,58996,1.43600689182971,0.890360179001985
8,"ATLANTICO",8675,"SANTA LUCIA",2018,16030,0.962877209,0.037122791,12957,0.808296943,0.543257,54.3257,21.267,0.6068,1.8205,0.5202,100,100,100,100,89.4428,0,18.69158879,579.975032,0.036180601,0.069,0.0667,46068,0.927812230075175,0.656385800405692
8,"ATLANTICO",8685,"SANTO TOMAS",2018,29842,0.752779333,0.247180677,25006,0.837946518,0.691034,68.7855,30.7841,1.9184,1.2969,1.9184,85.91,66.88,76.97,76.58666667,70.9589,0,12.75510204,719.650229,0.024115348,34411,14909,73740,2.99229174683625,1.38436543865361
8,"ATLANTICO",8758,"SOLEDAD",2018,603998,0.574148614,0.425851386,527933,0.874064153,0.806132,80.2942,42.5616,1.7252,0.3586,4.3846,97.96,72.14,69.83,79.97666667,92.6941,49.48657677,16.08313745,37033.96032,0.061314707,395415,37023,1279120,36.9628686783529,3.63660854197049
8,"ATLANTICO",8770,"SUAN",2018,11937,0.961775345,0.038224655,10229,0.856915473,0.835745,83.5745,43.7086,0.9701,1.1388,5.0612,81.54,0,62.36,47.96666667,43.3071,0,11.76470588,81.945347,0.006864819,12146,0.7951,26781,0.619568005995798,0.482159450717845
8,"ATLANTICO",8832,"TUBARA",2018,17376,0.899292908,0.100707092,9334,0.537177716,0.604338,60.4338,28.7478,2.6942,2.0207,6.1518,81.858,47.212,80.332,69.800666668,87.468,0,25.42372881,969.092027,0.055771871,0.6881,0.5236,19104,1.26887474891189,0.81928400326565
8,"ATLANTICO",8849,"USIACURI",2018,12261,0.929789233,0.070210767,7449,0.60753609,0.631134,63.1134,33.8061,2.4272,1.8811,5.7039,99.45,66.61,96.06,87.37333333,63.7755,0,16.39344262,51.394898,0.004191738,69108,20682,69030,0.845609085631217,0.612809350725724
11,"BOGOTA D.C.",11001,"BOGOTA D.C.",2018,7391056,0.179070402,0.820927622,7591154,1,0.970334,96.5065,56.0142,1.6505,0.3346,0.3282,98.21,98.16,90.65,95.67333333,94.8315,25.23196201,9.244073356,3702867.764,0.50099306,11791,0.7789,23939,13.3144299218026,2.66126811392213
13,"BOLIVAR",13001,"CARTAGENA",2018,973047,0.531706538,0.468272402,1139623,1,1.06774,106.588,54.4535,2.9649,6.5348,8.9355,48.08,46.66,39.96,44.9,96.4187,42.39084358,13.56506994,291965.5228,0.300052847,0.6633,0.5088,32443,1.46595313831806,0.850694557547962
13,"BOLIVAR",13006,"ACHI",2018,24354,0.97690501,0.02309499,22992,0.944074895,0.984919,98.4747,37.1002,2.2364,0.3514,1.6613,37.99,0,37.99,25.32666667,90.4625,0,24.69135802,640.1417444,0.026284871,87308,22753,149019,0.213179545511565,0.193244636742553
13,"BOLIVAR",13030,"ALTOS DEL ROSARIO",2018,10967,0.976961213,0.023038787,10287,0.937995806,0.766467,76.6467,25.8197,2.2646,1.3111,6.9925,67.59,19.24,40.47,42.43333333,77.8325,0,10.05025126,46.526,0.004242363,0.6591,0.5063,23362,0.218990049552543,0.19802268767053
13,"BOLIVAR",13042,"ARENAL",2018,7348,0.958987784,0.041012216,8022,1,0.970079,97.0079,34.1693,1.4576,3.748,4.6851,78.03,78.03,78.03,78.03,58.8391,0,5.154639175,122.091477,0.016615607,2151,11477,34647,0.194827327479597,0.177905317111037
13,"BOLIVAR",13052,"ARJONA",2018,69506,0.909205255,0.090763688,64398,0.926509942,0.954033,95.3199,45.7531,2.1677,1.2154,6.7082,0,0,0,0,94.6967,0,11.65048544,1606.178473,0.023108487,0.2348,0.2109,7724,0.675570973871084,0.516153987113704
13,"BOLIVAR",13062,"ARROYOHONDO",2018,8249,0.963797734,0.036202266,8563,1,0.93985,93.985,38.835,2.2063,0.4615,10.0051,74.57,0,74.57,49.71333333,91.7981,0,38.46153846,183.020191,0.022186955,25918,12786,21012,0.409119791425885,0.341927126706973
13,"BOLIVAR",13074,"BARRANCO DE LOBA",2018,14837,0.973563772,0.026436228,16606,1,1.0745,107.45,35.0309,6.0417,0.172,5.3752,66.9383333333333,27.1616666666667,50.2516666666667,48.1172222233333,77.72,0,9.523809524,199.018299,0.013413648,0.9462,0.6659,27097,0.206033768337521,0.187337098192861
13,"BOLIVAR",13140,"CALAMAR",2018,22476,0.955319846,0.044639201,24418,1,1.067784,106.3976,38.6803,0,0,0,0,0,0,0,90.4,0,4.081632653,201.991559,0.008986989,112316,2504,62582,0.344945425261566,0.296353436216868
13,"BOLIVAR",13160,"CANTAGALLO",2018,8232,0.906907281,0.093092719,8035,0.976068999,1.014602,101.4602,26.1538,4.5889,4.0631,7.7916,100,100,100,100,46.6469,0,12.82051282,1535.770198,0.186561006,0.4372,0.3627,29894,0.161935871977509,0.150087469279897
13,"BOLIVAR",13188,"CICUCO",2018,13442,0.954345156,0.045654844,13843,1,0.942833,94.2833,31.3274,1.9833,0.9485,4.3691,100,0,0,33.33333333,92.0393,0,11.36363636,396.19359,0.029474304,86454,22665,38726,0.991689279651387,0.68898316288487
13,"BOLIVAR",13212,"CORDOBA",2018,15954,0.968229415,0.031770585,16808,1,1.028369,102.8369,45.3925,0,0,0,23.2,0,23.2,15.46666667,92.752,0,19.23076923,340.161035,0.021321364,16911,0.99,103909,0.291119503154308,0.255509673927762
13,"BOLIVAR",13222,"CLEMENCIA",2018,14517,0.972217774,0.027782226,12490,0.8603706,0.825753,82.5753,42.487,0.5832,1.5437,1.6467,84.36,0,84.36,56.24,85.8696,0,18.51851852,1438.439464,0.099086551,11547,0.7677,19147,1.03941418419908,0.689716841380735
13,"BOLIVAR",13244,"EL CARMEN DE BOLIVAR",2018,70142,0.897785539,0.102202076,80742,1,1.001678,100.1616,42.2819,2.1034,1.983,4.0928,73.35,0,73.35,48.9,63.5147,0,7.846556234,792.86156,0.011303663,35263,15099,36050,0.443394233187914,0.36699744635078
13,"BOLIVAR",13248,"EL GUAMO",2018,8645,0.957361128,0.042638872,8443,0.976633892,0.837342,83.7342,37.037,0.4545,1.3628,2.5974,36.43,0,33.59,23.34,93.1306,0,0,43.158997,0.004992365,404801,37252,710269,0.25623572161951,0.22811972688564
13,"BOLIVAR",13268,"EL PEÑON",2018,7641,0.974296504,0.025703496,8209,1,0.964447,96.4447,29.321,0,0,0,23.83,0,23.83,15.88666667,90.535,775.1937984,0,195.982333,0.025648781,15324,0.9292,14150,0.402019432525515,0.33642712444536
13,"BOLIVAR",13300,"HATILLO DE LOBA",2018,12322,0.962064224,0.037935776,12363,1,0.919842,91.9842,27.3897,1.3711,2.8641,7.4954,63.1,25.03,38.85,42.32666667,95.805,0,3.802281369,39.085,0.003171969,14908,0.9126,20017,0.435193922364977,0.3612999776179
13,"BOLIVAR",13430,"MAGANGUE",2018,133277,0.887931554,0.112068446,149373,1,0.927865,92.7223,36.0712,3.9066,3.5611,8.687,100,100,100,100,92.4132,0,10.90342679,3462.942353,0.025983045,0.7754,0.574,15033,0.500126263273925,0.405549280081554
13,"BOLIVAR",13433,"MAHATES",2018,27683,0.953792502,0.046207498,26381,0.952967525,0.965049,96.5049,46.1255,1.3662,1.7948,5.3535,0,0,0,0,94.3748,0,13.5501355,537.126169,0.019402744,162041,28451,7918660,0.473294157590204,0.387500817197078
13,"BOLIVAR",13440,"MARGARITA",2018,10665,0.985048995,0.014951005,9899,0.928176278,0.905158,90.5158,38.9027,3.1592,3.2013,2.064,40.58,6.77,16.16,21.17,87.754,0,14.18439716,55.721259,0.005224684,0.0439,0.043,27507,0.250044427215769,0.223179092455231
13,"BOLIVAR",13442,"MARIA LA BAJA",2018,46114,0.943667599,0.056332401,52563,1,0.972874,97.2874,37.5195,1.8353,0,5.891,62.73,48.25,62.73,57.90333333,93.0711,236.6863905,16.56804734,752.017721,0.016307796,0.0509,0.0497,11401,0.498526150664887,0.404482058850129
13,"BOLIVAR",13458,"MONTECRISTO",2018,16377,0.981435766,0.018564234,10127,0.618367222,0.754933,75.4933,7.5286,4.6866,0.0299,9.5522,54.78,0,29.14,27.97333333,46.5918,0,17.54385965,1.7754,0.000108408,0.1052,0.1,8533,0.174989685167511,0.161259368976749
13,"BOLIVAR",13468,"MOMPOS",2018,44445,0.916831489,0.083168511,51065,1,1.032796,103.2421,38.2468,3.8198,3.1783,7.9917,36.9,36.9,36.9,36.9,98.4532,125,10,865.456465,0.019472527,0.8557,0.6183,73374,0.260573531446568,0.23156680108647
13,"BOLIVAR",13473,"MORALES",2018,22255,0.97840027,0.02159973,14815,0.665693103,0.791483,79.1483,20.9249,3.1554,0.47445,6.49165,38.04,38.04,38.04,38.04,32.5219,0,8.196721311,123.636326,0.00555544,0.425,0.3542,8531,0.193891808188548,0.177218397957399
13,"BOLIVAR",13490,"NOROSI",2018,9211,0.97370892,0.02629108,5325,0.578113126,0.829237,82.9237,8.4337,4.489,0.0478,6.0649,41.6,41.6,41.6,41.6,47.099,0,11.49425287,18.63325,0.002022935,0.0778,0.075,17222,0.214923459605775,0.194680923328986
13,"BOLIVAR",13549,"PINILLOS",2018,24204,0.972498315,0.027459569,23744,0.980994877,0.950209,95.0209,26.8685,3.6769,1.8305,5.9077,30.36,11.93,6.03,16.10666667,76.4604,0,7.067137809,146.102807,0.006036308,0.4222,0.3522,24810,0.202868437535563,0.184709069030009
13,"BOLIVAR",13580,"REGIDOR",2018,6731,0.904820766,0.095179234,5663,0.841331154,0.707135,70.7135,22.0974,2.8549,3.0864,3.4722,100,100,100,100,83.7329,0,37.03703704,12.64394591,0.001878465,0.1248,0.1176,8825,0.324976102173368,0.279959803044906
13,"BOLIVAR",13600,"RIO VIEJO",2018,10605,0.927317182,0.072682818,8998,0.848467704,0.749276,74.9276,15.5216,1.503,0.1503,8.6172,100,100,100,100,46.3295,0,28.57142857,175.308451,0.016530736,137652,26923,1010408,0.215600489082732,0.195238184398962
13,"BOLIVAR",13620,"SAN CRISTOBAL",2018,8050,0.95409541,0.04590459,7777,0.966086957,0.84193,84.193,35.6209,0.5974,0.4182,7.8853,100,0,69.71,56.57,93.9815,0,0,163.102359,0.020261163,11084,0.7459,15697,0.669282404079675,0.504726348382718
13,"BOLIVAR",13647,"SAN ESTANISLAO",2018,18259,0.964322805,0.035677195,16369,0.896489402,0.895596,89.5596,47.8955,1.4642,0.6936,8.2713,100,0,100,66.66666667,93.0948,0,8.403361345,149.45741,0.00818541,12352,0.8043,15919,0.729184625190846,0.547649982487314
13,"BOLIVAR",13650,"SAN FERNANDO",2018,12542,0.988821928,0.011178072,10288,0.820283846,0.739228,73.9228,24.0458,2.4774,3.9717,5.9379,56.97,18.45,18.45,31.29,87.3959,0,20.97902098,63.6188093,0.005072461,0.1468,0.1369,18180,0.240100819932909,0.215192682709267
13,"BOLIVAR",13654,"SAN JACINTO",2018,23923,0.941377607,0.058622393,26321,1,0.931517,93.1517,42.3581,2.2385,0.8491,3.9174,33.1,0,66.01,33.03666667,74.0535,0,15.24390244,215.014457,0.008987771,0.2746,0.2426,76463,0.459240862625202,0.377916343389647
13,"BOLIVAR",13655,"SAN JACINTO DEL CAUCA",2018,9943,0.987220447,0.012779553,9390,0.944382983,0.8751,87.51,25.8373,1.855,0.801,1.5599,17.48,0,16.64,11.37333333,93.4837,0,21.05263158,22.102857,0.002222957,0.0963,0.092,9616,0.20632173720788,0.187312862476983
13,"BOLIVAR",13657,"SAN JUAN NEPOMUCENO",2018,36871,0.922990289,0.077009711,39956,1,0.951859,95.0946,48.7677,2.3115,0.4838,4.0586,38.17,0,68.79,35.65333333,84.4088,0,14.81481481,619.75408,0.016808714,0.1013,0.0965,8018,0.420948454586897,0.351324574415452
13,"BOLIVAR",13667,"SAN MARTIN DE LOBA",2018,14771,0.982615316,0.017384684,15761,1,1.046506,104.6506,36.3489,2.9445,1.3011,4.0858,79.1240476190476,50.3130952380952,73.2759523809524,67.571031747619,65.9128,310.5590062,3.105590062,148.9024,0.010080726,0.2515,0.2243,13252,0.307842646236881,0.268378944756116
13,"BOLIVAR",13670,"SAN PABLO",2018,27182,0.945480735,0.054519265,27770,1,0.952612,95.2473,30.7562,2.53775,9.75515,0.90855,82.95,82.95,82.95,82.95,84.4178,0,8.097165992,728.780409,0.02681114,0.3483,0.2988,149065,0.182739872212787,0.167833672577884
13,"BOLIVAR",13673,"SANTA CATALINA",2018,14557,0.961743155,0.038256845,12965,0.890636807,0.970306,96.8806,45.1499,1.005,0.1884,11.9347,100,0,100,66.66666667,93.3831,0,0,161.503,0.011094525,0.2934,0.2573,31676,0.805908076759344,0.591063554895055
13,"BOLIVAR",13683,"SANTA ROSA",2018,20961,0.918883701,0.081116299,18418,0.878679452,0.774418,77.4418,34.375,1.65395,0.7548,4.02345,50.48,11.665,48.45,36.865,79.4118,0,4.784688995,702.384001,0.033509088,0.1628,0.1508,11721,1.14841172625487,0.76472883716817
13,"BOLIVAR",13688,"SANTA ROSA DEL SUR",2018,32660,0.920744081,0.079255919,35480,1,1.022,102.176,26.327,4.907,1.86,4.4651,54.57,52.93,54.57,54.02333333,34.3781,0,7.741935484,673.074714,0.020608534,0.3182,0.2763,48970,0.176463437847376,0.162512851649574
13,"BOLIVAR",13744,"SIMITI",2018,18122,0.951846085,0.048153915,17984,0.992384946,0.888557,88.8557,28.294,4.4114,1.0234,4.972,35.98,0,35.98,23.98666667,64.7309,0,12.98701299,516.799817,0.028517814,0.2426,0.2172,48552,0.212843406013072,0.192967525183956
13,"BOLIVAR",13760,"SOPLAVIENTO",2018,10658,0.946722261,0.053277739,8634,0.810095703,0.773585,77.3585,44.6866,1.1188,0,2.0245,90.07,0,90.07,60.04666667,35.1351,0,27.77777778,231.6010144,0.021730251,0.0144,0.0143,16510,0.620816621865784,0.482930109806305
13,"BOLIVAR",13780,"TALAIGUA NUEVO",2018,13096,0.962566845,0.037433155,14025,1,0.931811,93.1811,43.346,0.9273,0.7532,1.9994,52.5,46.48,46.48,48.48666667,87.9085,0,5.952380952,490.649698,0.037465615,0.0449,0.044,25591,0.359369071877233,0.307020674367505
13,"BOLIVAR",13810,"TIQUISIO",2018,18036,0.985190995,0.014809005,21676,1,1.086752,108.6752,29.4041,2.1002,1.3425,5.0611,100,0,100,66.66666667,56.5527,0,6.211180124,27.15472,0.001505584,0.066,0.0639,12515,0.214246430128817,0.19412366225901
13,"BOLIVAR",13836,"TURBACO",2018,105166,0.676157092,0.323816943,77025,0.732413518,0.801401,80.0189,37.7079,2.8146,1.1966,6.6677,0,0,0,0,89.7479,98.71668312,10.85883514,7571.64574,0.071997088,0.031,0.0306,25747,2.94772346219338,1.37313907408083
13,"BOLIVAR",13838,"TURBANA",2018,16396,0.884000295,0.115999705,13569,0.827579898,0.92888,92.888,42.906,1.6573,2.7513,2.3034,37.02,36.665,34.99,36.225,90.9664,0,5.128205128,458.111431,0.027940439,0.1059,0.1006,7810,0.961769288064665,0.673846764047795
13,"BOLIVAR",13873,"VILLANUEVA",2018,23773,0.951964032,0.048035968,21130,0.888823455,0.837238,83.4982,28.9282,0,0,0,69.48,0,69.48,46.32,83.937,0,10.56338028,171.069329,0.00719595,0.0426,0.0417,12277,0.737383795464036,0.552380415911754
13,"BOLIVAR",13894,"ZAMBRANO",2018,11871,0.904718086,0.095281914,11954,1,0.908629,90.8629,40.5117,1.7724,0.0394,1.2997,84.97,0,84.97,56.64666667,15.942,581.3953488,0,389.226307,0.032787997,11325,0.7573,9542,0.231293107584692,0.208064924127581
15,"BOYACA",15001,"TUNJA",2018,174101,0.329393572,0.670579107,183006,1,1.060834,105.8901,52.8567,1.7593,3.6275,7.6881,74.79,73.17,74.21,74.05666667,97.4825,0,9.259259259,26721.54877,0.153483029,0.5043,0.4083,21053,3.87793925327743,1.58472284651353
15,"BOYACA",15022,"ALMEIDA",2018,1893,0.93359375,0.06640625,1536,0.81141046,0.855513,85.5513,61.7021,1.2987,0,4.7619,43.96,13.29,13.29,23.51333333,94.6991,0,0,127.680103,0.067448549,0.123,0.116,12766,0.248589653185909,0.222014636878758
15,"BOYACA",15047,"AQUITANIA",2018,15339,0.948691768,0.051308232,15670,1,0.960085,96.0085,53.4351,3.1054,2.1644,6.7127,4.75,4.24,4.26,4.416666667,97.4216,0,9.708737864,228.4719052,0.014894837,0.3087,0.2691,27176,0.265361737150974,0.235358039523338
15,"BOYACA",15051,"ARCABUCO",2018,5816,0.907871972,0.092128028,4624,0.795048143,0.891414,89.1414,62.6263,2.4302,0,9.811,59.15,21.74,22.21,34.36666667,97.5789,0,0,125.597879,0.021595234,0.018,0.0179,10708,0.253946802276443,0.226296018883793
15,"BOYACA",15087,"BELEN",2018,7499,0.819462412,0.180537588,6957,0.927723696,1.004785,100.4101,75.9843,1.40905,2.8263,1.3541,99.57,18.43,18.43,45.47666667,97.793,0,0,108.713218,0.014497029,0.2286,0.2059,42048,0.394779874530145,0.332736606786486
15,"BOYACA",15090,"BERBEO",2018,1569,0.929654336,0.070345664,1649,1,0.996364,99.6364,67.3913,2.3569,2.6936,3.7037,26.16,2.65,2.65,10.48666667,86.5961,0,0,38.64148053,0.024628095,0.0939,0.0897,15853,0.840904452270332,0.610257000996615
15,"BOYACA",15092,"BETEITIVA",2018,1937,0.860188088,0.139811912,1595,0.823438307,0.771242,77.1242,50,1.1407,1.9011,4.1825,2.24,2.24,2.24,2.24,98.9619,0,0,36.865169,0.019032096,0.0463,0.0453,29026,0.316870861713509,0.275258363066212
15,"BOYACA",15097,"BOAVITA",2018,5059,0.840427427,0.159394479,5615,1,0.966457,96.6457,54.6012,1.4549,1.7459,7.4685,24.2,24.2,24.2,24.2,98.7375,0,0,65.340008,0.012915598,0.5673,0.4494,15213,0.236022333289692,0.211898427876862
15,"BOYACA",15104,"BOYACA",2018,5040,0.883189742,0.116810258,4991,0.990277778,0.77734,77.734,53.4884,1.4354,0.7177,1.7943,82.34,16.46,16.46,38.42,98.9525,0,11.23595506,92.34718691,0.018322855,18223,10375,22371,0.430997785364473,0.358371952959191
15,"BOYACA",15106,"BRICENO",2018,2173,0.959827834,0.040172166,2091,0.962264151,0.922353,92.2353,60.274,0,0,0,57.1,14.49,14.49,28.69333333,95.5102,0,47.61904762,33.01419341,0.01519291,0.0775,0.0747,33643,0.678558211630496,0.424360598116465
15,"BOYACA",15109,"BUENAVISTA",2018,4393,0.963052033,0.036947967,4574,1,1.048984,104.8984,85,0,0,0,7.84,7.84,7.84,7.84,93.3121,0,0,77.3683,0.017611723,0.0528,0.0514,18510,0.244439965582398,0.218685601872779
15,"BOYACA",15114,"BUSBANZA",2018,1112,0.86409396,0.13590604,596,0.535971223,0.569061,56.9061,40.7407,1.8349,0,6.422,99.7,35.14,41.64,58.82666667,97.8417,0,0,42.917352,0.038594741,0.4855,0.3958,12824,0.693684011796289,0.526906045061851
15,"BOYACA",15131,"CALDAS",2018,3117,0.952764171,0.047235829,2858,0.916907283,0.84471,84.471,54,0,0,0,79.08,13.54,13.54,35.38666667,99.0575,0,0,28.62155,0.009182403,0.2946,0.2582,14965,0.293838037930589,0.257613024358339
15,"BOYACA",15135,"CAMPOHERMOSO",2018,3102,0.943942134,0.056057866,2765,0.891360413,0.716692,71.6692,46.0784,1.8293,0.4065,3.252,33.794,28.954,29,30.582666666,94.2288,0,0,87.83304651,0.028314973,0.0116,0.0115,18535,0.219766807446099,0.198659699037688
15,"BOYACA",15162,"CERINZA",2018,3710,0.833985649,0.166014351,3066,0.826415094,0.899023,89.7394,55.6522,0.3431,0,8.5763,27.75,40.22,40.22,36.06333333,99.7041,0,41.66666667,23.429564,0.006315246,58817,19289,124939,0.257352030641456,0.229007946598147
15,"BOYACA",15172,"CHINAVITA",2018,3185,0.939514669,0.060485331,2761,0.866875981,0.96325,96.325,51.1111,3.5316,3.3457,9.1078,96.18,33.76,33.83,54.59,97.9854,0,0,63.57858136,0.019961878,19267,10739,17726,0.336990917272795,0.290421504733078
15,"BOYACA",15176,"CHIQUINQUIRA",2018,56458,0.551412962,0.448554519,61502,1,1.018057,101.7544,64.8485,3.1914,0.9583,5.0193,88.99,60.51,65.34,71.61333333,98.706,0,10.04304161,3141.557852,0.055644158,0.5765,0.4552,28802,2.62882224534156,1.28890814531224
15,"BOYACA",15180,"CHISCAS",2018,3964,0.948710762,0.051289238,3568,0.900100908,0.844504,84.4504,58.0153,1.0511,0.3003,2.4024,49.51,17.91,24.46,30.62666667,99.2775,0,0,54.08290356,0.013643518,0.1694,0.1565,13291,0.189731567650963,0.173727708275379
15,"BOYACA",15183,"CHITA",2018,7992,0.939261745,0.060738255,8940,1,0.942685,94.2685,56.3694,2.8686,1.1066,4.0765,54.34,26.28,26.28,35.63333333,90.9783,0,20,118.2486588,0.014795878,0.1096,0.104,1825,0.218866015986509,0.197920931403706
15,"BOYACA",15185,"CHITARAQUE",2018,5802,0.970593446,0.029406554,5645,0.972940365,0.784577,78.4577,41.4365,0.7224,0,2.3736,59.15,21.34,23.16,34.55,93.2248,0,0,144.2735357,0.024866173,0.1046,0.0995,15405,0.252062127834179,0.224791894317483
15,"BOYACA",15187,"CHIVATA",2018,2771,0.874682472,0.125317528,2362,0.852399856,0.667752,66.7752,38.6364,1.2766,2.766,15.5319,38.47,3.03,3.03,14.84333333,97.4174,0,37.03703704,98.76635,0.035642855,0.2705,0.2394,6370,0.822278204607076,0.600087479062489
15,"BOYACA",15189,"CIENEGA",2018,4601,0.951213533,0.048786467,4079,0.886546403,0.909469,90.9469,67.1141,1.41,1.41,4.6638,26.84,7.13,7.13,13.7,97.3451,0,0,49.85020349,0.010834645,0.2869,0.2522,7638,0.330171234763588,0.285307681888905
15,"BOYACA",15204,"COMBITA",2018,12881,0.893627274,0.106372726,8301,0.644437544,0.984324,98.3243,52.1173,3.5928,5.7884,8.5828,33.7,6.03,6.85,15.52666667,97.2742,0,24.69135802,669.990163,0.052013831,0.0847,0.0813,1645,1.21878579187421,0.796960105660417
15,"BOYACA",15212,"COPER",2018,3578,0.958588957,0.041411043,3260,0.911123533,0.853801,85.3801,53.0973,2.7331,0,3.537,11.18,10.26,10.26,10.56666667,98,0,43.47826087,120.4559173,0.033665712,0.0874,0.0838,1825,0.22276091790612,0.201111349374052
15,"BOYACA",15215,"CORRALES",2018,2493,0.669826224,0.330173776,1899,0.761732852,0.974178,97.4178,51.3514,2.2624,2.4887,5.8824,31.82,22.74,22.74,25.76666667,92.4528,0,0,333.978867,0.133966653,0.1749,0.1612,5145,4.50879901647068,1.70634663506425
15,"BOYACA",15218,"COVARACHIA",2018,2785,0.949018257,0.050981743,2903,1,0.845455,84.5455,55.1724,2.621,3.2193,7.2581,27.29,9.84,9.84,15.65666667,93.918,0,40,49.686272,0.017840672,0.3319,0.2866,5297,0.19568305818451,0.178717618891365
15,"BOYACA",15223,"CUBARA",2018,10314,0.940757238,0.059242762,8980,0.870661237,0.425539,42.5539,13.4663,2.6003,2.526,0.3715,58.08,58.08,58.08,58.08,33.587,0,35.97122302,95.83450729,0.009291692,0.0599,0.0582,2247,0.191920486284723,0.175565860281228
15,"BOYACA",15224,"CUCAITA",2018,3724,0.908732394,0.091267606,3550,0.953276047,0.985411,98.5411,61.6,1.1292,0.8783,6.1481,35.71,21.41,21.43,26.18333333,98.0132,0,0,27.2232,0.007310204,0.0918,0.0878,4509,1.3401024170448,0.850194696379684
15,"BOYACA",15226,"CUITIVA",2018,1793,0.922539683,0.077460317,1575,0.878416062,0.815789,81.5789,65.4545,0.9375,0,9.0625,37.31,2.69,2.69,14.23,94.5758,0,0,48.424852,0.027007726,0.4452,0.3682,1288,0.402807537063187,0.338475612140272
15,"BOYACA",15232,"CHIQUIZA",2018,4631,0.979276803,0.020723197,4729,1,0.794268,79.4268,54.8387,0.1232,0,1.4778,65.33,11.02,11.02,29.12333333,97.1429,0,0,41.3972,0.008939149,0.1473,0.1374,2893,0.701721432078104,0.531640345826201
15,"BOYACA",15236,"CHIVOR",2018,2470,0.920847269,0.079152731,1794,0.726315789,0.794433,79.4433,77.2152,3.9063,3.125,0.7813,28.214,17.94,18.722,21.6253333314,92.4528,0,76.92307692,69.277513,0.028047576,0.0537,0.0523,3186,0.241490716315275,0.216312848141327
15,"BOYACA",15238,"DUITAMA",2018,123361,0.392160079,0.607839921,128037,1,1.031392,102.9829,63.2493,1.2973,3.1156,6.1447,99.8,83.65,84.34,89.26333333,98.0799,68.82312457,7.570543703,10430.51712,0.084552793,0.1964,0.1793,3583,2.13854385425739,1.14375895167684
15,"BOYACA",15244,"EL COCUY",2018,4204,0.878787879,0.121212121,4455,1,0.932535,93.2535,53.3784,1.9814,1.5152,3.8462,40.81,22.43,22.43,28.55666667,99.3355,0,23.80952381,57.283676,0.013625993,0.0543,0.0529,3093,0.189718177023543,0.173716453045089
15,"BOYACA",15248,"EL ESPINO",2018,3062,0.920269734,0.079730266,2521,0.823318093,0.920078,92.0078,76.9231,1.8,0.4,0,100,17.93,17.93,45.28666667,98.7822,0,37.03703704,91.331007,0.029827239,22426,11764,58135,0.404557566584069,0.339722353966116
15,"BOYACA",15272,"FIRAVITOBA",2018,6637,0.79667063,0.20332937,5046,0.760283261,0.692907,69.2042,47.1795,1.1962,0.9569,4.4258,83.57,27.43,27.43,46.14333333,94.4262,0,0,183.954926,0.027716578,0.1303,0.1225,4813,0.436858509049629,0.362459139513992
15,"BOYACA",15276,"FLORESTA",2018,3250,0.890338614,0.109661386,3219,0.990461538,0.892532,89.2532,66.3265,0.1883,0,6.403,100,100,100,100,98.5687,0,0,98.371322,0.030268099,0.0185,0.0183,4078,1.32623271768755,0.844250099688286
15,"BOYACA",15293,"GACHANTIVA",2018,2771,0.944702105,0.055297895,2803,1,1.071429,107.1429,85.7143,1.9169,0,1.4377,33.76,6.69,6.69,15.71333333,97.8427,0,0,41.480676,0.014969569,0.0288,0.0284,8239,0.307151143393247,0.267850069419972
15,"BOYACA",15296,"GAMEZA",2018,4826,0.805206881,0.194793119,4302,0.891421467,0.890304,89.0304,47.7419,1.0504,1.3655,1.9958,8.99,14.89,14.89,12.92333333,97.5912,0,18.51851852,94.888497,0.019661935,0.0571,0.0555,5961,0.503338315111875,0.407688178662633
15,"BOYACA",15299,"GARAGOA",2018,18005,0.61414227,0.38585773,16532,0.918189392,0.866881,86.6881,55.9387,2.1388,1.0896,6.0936,33.19,33.19,33.19,33.19,95.5005,0,0,748.324777,0.041562054,0.6149,0.4792,2858,0.452733093765154,0.373446674503989
15,"BOYACA",15317,"GUACAMAYAS",2018,1844,0.930322581,0.069677419,1550,0.840563991,0.692737,69.2737,55.3571,0.3788,0,3.7879,9.88,9.88,9.88,9.88,99.4983,0,0,32.940806,0.017863778,0.0874,0.0838,2702,0.252219434485529,0.224917524481378
15,"BOYACA",15322,"GUATEQUE",2018,10737,0.584702312,0.415297688,9557,0.890099655,0.981461,98.1461,65.6151,2.093,0.6977,4.6512,99.43,74.67,80.62,84.90666667,98.8726,0,0,581.9959805,0.054204711,0.7843,0.579,4535,0.461003505404788,0.379123532084498
15,"BOYACA",15325,"GUAYATA",2018,3377,0.946617008,0.053382992,3222,0.954101273,0.945313,94.5313,68.2353,0.5882,0.5882,6.8627,27.79,7.05,7.05,13.96333333,98.5388,0,0,72.250503,0.021394878,0.7647,0.568,13473,0.248755078267278,0.22214711765286
15,"BOYACA",15332,"GUICAN",2018,4262,0.904600382,0.095399618,4717,1,0.685801,68.5801,59.4771,0.9763,0,0.8368,18.11,17.07,17.07,17.41666667,86.952,0,28.98550725,65.84391578,0.015449065,0.0262,0.0258,3513,0.186236506995568,0.170785696374101
15,"BOYACA",15362,"IZA",2018,1939,0.711538462,0.288461538,1820,0.938628159,0.927778,92.7778,31.5789,2.3055,4.8991,5.1873,90.81,55.8,54.87,67.16,97.1053,0,0,60.83688281,0.031375391,1283,0.8255,2561,0.565724316771562,0.448348539141199
15,"BOYACA",15367,"JENESANO",2018,7164,0.952507473,0.047492527,6022,0.840591848,0.81237,81.237,50.6494,0.5632,0.4827,5.712,99.25,47.49,51.44,66.06,96.3235,0,0,111.8448649,0.015612069,0.0588,0.0572,2873,0.465027506613323,0.381874018138039
15,"BOYACA",15368,"JERICO",2018,3909,0.862133333,0.137866667,3750,0.959324635,0.892994,89.2994,42.1488,0,0,0,22.32,7.52,7.52,12.45333333,96.6935,0,0,60.483829,0.015472967,0.0314,0.0309,12974,0.228155423802919,0.205513388330827
15,"BOYACA",15377,"LABRANZAGRANDE",2018,3530,0.942788317,0.057211683,3321,0.940793201,0.889513,88.9513,43.8202,1.2024,4.008,2.6052,97.91,43.79,97.09,79.59666667,78.3388,0,0,39.80688,0.011276737,0.5531,0.4402,3801,0.236350387166352,0.212163803623707
15,"BOYACA",15380,"LA CAPILLA",2018,2689,0.972651081,0.027348919,2267,0.843064336,0.824561,82.4561,78.3784,2.2613,0.5025,2.0101,9.38,8.82,8.82,9.006666667,97.1338,0,0,35.94812784,0.013368586,0.5513,0.4391,1837,0.3139036113208,0.273002562212589
15,"BOYACA",15401,"LA VICTORIA",2018,1125,0.95045417,0.04954583,1211,1,0.994595,99.4595,35.1351,2.11915,0.8496,6.67495,71.04,22.39,16.9,36.77666667,89.5765,0,0,30.393473,0.02701642,35132,1507,134425,0.204791680028251,0.186306672352605
15,"BOYACA",15403,"LA UVITA",2018,2990,0.898463844,0.101536156,2669,0.89264214,0.874747,87.4747,50.5882,3.6364,0,12.1212,87.42,40,40,55.80666667,98.1586,0,0,50.404,0.016857525,0.0865,0.0829,4305,0.253680941685265,0.226083977369407
15,"BOYACA",15407,"VILLA DE LEYVA",2018,16117,0.574282147,0.425717853,13617,0.844884284,1.053878,105.2505,58.9899,1.8987,1.3403,5.8079,91.82,58.31,54.02,68.05,98.0165,0,11.76470588,1015.725436,0.063021991,0.1687,0.1559,3128,1.35635828976789,0.857117329680306
15,"BOYACA",15425,"MACANAL",2018,4943,0.890450169,0.109549831,3843,0.777463079,0.752955,75.2955,49.6503,3.6199,0,3.1674,38.1113333333333,26.4473333333333,26.6236666666667,30.3941111095667,98.7252,0,0,442.9583445,0.08961326,0.9367,0.661,7088,0.325431675975573,0.28173819956822
15,"BOYACA",15442,"MARIPI",2018,5705,0.96485623,0.03514377,5634,0.987554777,0.882657,88.2657,60,2.583,0.2765,3.7823,34.68,15.38,15.49,21.85,90.616,0,18.51851852,148.352079,0.02600387,0.2894,0.2542,3328,0.292237931610606,0.25637554599883
15,"BOYACA",15455,"MIRAFLORES",2018,8856,0.758326419,0.241673581,8437,0.952687444,0.842038,84.2038,52.2388,0,0,0,55.38,31.18,31.41,39.32333333,96.5784,1111.111111,0,603.8927588,0.068190239,0.0632,0.0613,2765,0.258017726151862,0.229537248919724
15,"BOYACA",15464,"MONGUA",2018,4634,0.835148515,0.164851485,4040,0.871817005,0.858316,85.8316,53.2051,2.4943,0.5669,0.907,31.36,12.26,12.26,18.62666667,93.5469,1754.385965,17.54385965,52.843745,0.011403484,0.1014,0.0965,4687,0.255716199057691,0.227706086349808
15,"BOYACA",15466,"MONGUI",2018,4242,0.790721918,0.209278082,3837,0.904526167,0.975364,97.5364,71.8121,1.7335,0,3.0336,35.59,33.68,33.45,34.24,97.0438,0,0,69.247453,0.016324246,0.2824,0.2487,19295,0.420178097699602,0.350782284663837
15,"BOYACA",15469,"MONIQUIRA",2018,22564,0.705804973,0.294195027,23566,1,0.91969,91.9448,53.4653,2.2271,0.4345,5.1331,49.44,34.08,37.72,40.41333333,98.4024,0,7.874015748,551.542509,0.024443472,0.1826,0.1678,1811,0.660159208685715,0.506913506616309
15,"BOYACA",15476,"MOTAVITA",2018,5520,0.918283963,0.081716037,4895,0.886775362,0.718524,71.8524,54.4503,1.5284,0.2183,5.2402,47.21,10.79,8.06,22.02,97.5369,0,0,61.549996,0.011150362,10652,0.7252,11331,0.476852191855574,0.389912925322609
15,"BOYACA",15480,"MUZO",2018,8623,0.810462823,0.189537177,8621,0.999768062,0.958161,95.8161,55.6314,4.3214,0.0609,4.8083,41.39,41.28,41.39,41.35333333,93.5654,0,0,1207.655429,0.140050496,0.0963,0.0919,3455,0.290573142533824,0.255086416240947
15,"BOYACA",15491,"NOBSA",2018,15904,0.601359578,0.398640422,9856,0.61971831,0.901139,90.0469,54.6512,1.4728,0.6091,1.0665,99.86,99.78,99.78,99.80666667,98.9914,0,0,11956.82064,0.751812163,0.0128,0.0128,4383,5.34777725277443,1.84810471269351
15,"BOYACA",15494,"NUEVO COLON",2018,5096,0.946037435,0.053962565,5022,0.985478807,0.909183,90.9183,60.479,1.1136,0.5568,3.6748,29.03,10.72,11.63,17.12666667,96.4887,0,0,50.605142,0.009930365,12226,0.7987,1934,0.622549056332709,0.483998404166902
15,"BOYACA",15500,"OICATA",2018,2809,0.834786822,0.165213178,2064,0.734781061,0.75448,75.448,53.6842,2.5253,0,6.0606,46.465,23.2675,24.0325,31.255,97.3864,0,0,108.4558189,0.038610117,0.4617,0.3796,7401,4.79713235299893,1.75736337338883
15,"BOYACA",15507,"OTANCHE",2018,8002,0.846245216,0.153754784,7577,0.946888278,0.828539,82.8539,52.7211,1.328,0.1992,0.332,50.46,49.27,49.27,49.66666667,91.434,0,14.28571429,464.105449,0.057998681,0.095,0.0907,4024,0.204285598220998,0.185886526582051
15,"BOYACA",15511,"PACHAVITA",2018,2438,0.944662096,0.055337904,2042,0.83757178,0.864103,86.4103,53.0303,2.5568,8.8068,5.3977,76.6,15.22,16.36,36.06,97.1581,0,0,53.213566,0.021826729,0.1139,0.1079,2586,0.405519641127455,0.34040708574383
15,"BOYACA",15514,"PAEZ",2018,3272,0.920555753,0.079444247,2807,0.857885086,0.810985,81.0985,39.3939,2.44595,0.296,7.36015,22.53,22.53,22.53,22.53,95.9128,0,0,423.14428,0.129322824,0.1267,0.1193,2854,0.326200929524335,0.282318410845413
15,"BOYACA",15516,"PAIPA",2018,33587,0.503258312,0.496741688,33146,0.98686992,1.000783,99.9061,59.292,2.7352,1.1057,10.5917,40.75,32.42,36.68,36.61666667,98.8614,0,12.19512195,3551.135767,0.105729472,0.0798,0.0768,1142,0.799915930950563,0.58773995878394
15,"BOYACA",15518,"PAJARITO",2018,2375,0.833950291,0.166049709,1891,0.796210526,0.84188,84.188,45.3333,4.717,3.5377,11.7925,16.68,16.68,16.68,16.68,93.8119,0,0,635.8249987,0.267715789,0.0169,0.0168,3741,0.258795804745616,0.230155553461551
15,"BOYACA",15522,"PANQUEBA",2018,1711,0.934606481,0.065393519,1728,1,0.981763,98.1763,83.0189,0.8824,0.8824,1.4706,78.85,29.1,29.65,45.86666667,99.0456,0,0,59.65940269,0.034868149,0.075,0.0723,5314,0.439426627708478,0.364244859092669
15,"BOYACA",15531,"PAUNA",2018,7154,0.93291643,0.06708357,7036,0.983505731,0.999278,99.9278,64.6586,2.7834,0.1358,2.5119,36.42,45.82,45.82,42.68666667,92.0883,0,0,136.296087,0.019051731,0.0665,0.0644,5887,0.242374918042391,0.217024804337536
15,"BOYACA",15533,"PAYA",2018,2583,0.95434677,0.04565323,2059,0.797135114,0.709779,70.9779,31.068,0.625,1.6667,5.8333,100,38.33,38.33,58.88666667,16.2741,0,0,105.444328,0.040822427,0.2694,0.2385,9038,0.265049118474517,0.235110950259274
15,"BOYACA",15537,"PAZ DE RIO",2018,4285,0.522321429,0.477678571,3584,0.836406068,0.914839,91.4839,50.3817,0.7622,0,11.2805,83.24,43.39,43.39,56.67333333,98.4359,0,0,268.968502,0.062769779,0.076,0.0733,4526,0.351148650494592,0.300955082899
15,"BOYACA",15542,"PESCA",2018,6809,0.923341303,0.076658697,6692,0.98281686,0.826649,82.6649,40.7563,1.6154,0.5385,2.6154,8.57,8.57,8.57,8.57,97.2936,0,37.5,191.137391,0.028071287,0.6577,0.5054,4325,0.289862932177744,0.254535958602432
15,"BOYACA",15550,"PISBA",2018,1755,0.943160525,0.056839475,1601,0.912250712,0.805419,80.5419,21.2121,5.1829,0,8.8415,8.34,7.79,7.79,7.973333333,22.9651,0,0,61.434439,0.035005378,0.5292,0.4247,23763,0.2411276613548,0.21591806582483
15,"BOYACA",15572,"PUERTO BOYACA",2018,46921,0.649464817,0.350515862,51758,1,1.03215,103.1336,48.9069,4.4028,1.3163,6.0249,56.35,56.35,82.93,65.21,92.8335,0,10.98901099,6891.560722,0.146875828,0.6035,0.4722,5281,0.602338621906831,0.471464200783408
15,"BOYACA",15580,"QUIPAMA",2018,4868,0.905067218,0.094932782,4835,0.993221035,1.001085,100.1085,52.7607,3.6853,2.2908,10.4582,28.59,24.25,24.19,25.67666667,88.6726,0,0,369.62791,0.075930138,0.142,0.1328,8228,0.226760037576378,0.204376578205372
15,"BOYACA",15599,"RAMIRIQUI",2018,9861,0.823629452,0.176370548,9996,1,0.953365,95.2885,58.5165,2.3355,0.0531,7.0064,91.04,21.3,21.33,44.55666667,99.3218,0,16.2601626,155.651732,0.015784579,73571,21231,16962,0.352944421224971,0.302283270166776
15,"BOYACA",15600,"RAQUIRA",2018,7822,0.819937466,0.180062534,5437,0.69509077,0.773959,77.3959,43.0279,2.1559,3.3997,4.8922,93.33,12.58,12.58,39.49666667,98.2724,0,30.76923077,167.321188,0.0213911,0.2994,0.2619,5229,0.361487155118175,0.308577598726671
15,"BOYACA",15621,"RONDON",2018,2395,0.948035488,0.051964512,2367,0.988308977,0.839917,83.9917,50.6329,1.8349,9.4037,2.7523,22.73,64.13,64.13,50.33,96.0193,0,0,31.156669,0.013009048,0.7951,0.585,2929,0.264078424293373,0.234343338335879
15,"BOYACA",15632,"SABOYA",2018,13449,0.951234789,0.048765211,11176,0.830991152,0.824629,82.3571,53.3049,2.2302,0.9808,7.8501,96.82,4.59,4.54,35.31666667,98.5773,0,0,136.441663,0.010145116,0.0299,0.0294,8190,0.449799753995279,0.371425446202794
15,"BOYACA",15638,"SACHICA",2018,5444,0.907740993,0.092259007,4108,0.754592212,0.698878,69.8878,34.8958,1.6997,1.6997,5.6657,85.16,52.49,54.53,64.06,94.7299,0,0,111.6133914,0.020502092,0.1072,0.1019,2301,0.278750967045544,0.245883794526263
15,"BOYACA",15646,"SAMACA",2018,18240,0.503098673,0.496901327,20654,1,1.090482,108.9988,57.5663,1.8791,0.2285,4.5201,41.86,16.66,16.66,25.06,97.9854,0,3.058103976,1693.713254,0.092857086,0.0647,0.0627,3376,0.939241909706253,0.662297128512798
15,"BOYACA",15660,"SAN EDUARDO",2018,1697,0.941027267,0.058972733,1577,0.929286977,0.915751,91.5751,61.2245,1.8657,0.3731,4.1045,40.02,40.02,39.99,40.01,93.379,0,0,45.89108875,0.02704248,14662,0.9027,37880,0.327434813690027,0.283248368363336
15,"BOYACA",15664,"SAN JOSE DE PARE",2018,4961,0.970469513,0.029530487,4707,0.948800645,0.840326,84.0326,47.7273,5.7743,0.2625,5.643,50.92,22.43,23.78,32.37666667,97.9705,0,0,11.85237742,0.002389111,0.0419,0.041,2205,0.61477578121068,0.479196111872461
15,"BOYACA",15667,"SAN LUIS DE GACENO",2018,5477,0.861756249,0.138243751,4521,0.82545189,0.900943,90.0943,56.1798,2.5355,5.3753,2.3327,23.74,23.74,23.74,23.74,93.0233,0,27.02702703,235.246673,0.042951739,0.3663,0.3121,1725,0.263142198349232,0.23360242479744
15,"BOYACA",15673,"SAN MATEO",2018,3317,0.915044713,0.084955287,3802,1,0.961794,96.1794,64.5833,3.4429,0.313,4.8513,69.8,36.32,36.32,47.48,98.7038,0,0,47.9988666,0.014470566,0.044,0.0431,7346,0.282112209720183,0.248508881751033
15,"BOYACA",15676,"SAN MIGUEL DE SEMA",2018,2971,0.869649055,0.130350945,2593,0.872770111,1.030016,103.0016,71.875,1.7241,2.1552,3.1609,99.97,99.97,99.97,99.97,97.1145,0,0,38.362311,0.012912255,0.0184,0.0182,2735,0.369892314889437,0.314732134480229
15,"BOYACA",15681,"SAN PABLO DE BORBUR",2018,6552,0.950041085,0.049958915,6085,0.928724054,0.899929,89.9929,52.1186,1.9564,0.6015,2.0316,29.6,17.81,17.81,21.74,88.3557,0,0,303.115852,0.046263103,0.2128,0.193,4373,0.268532951623504,0.237861076561356
15,"BOYACA",15686,"SANTANA",2018,7514,0.888100155,0.111899845,7748,1,0.937073,93.6389,49.2063,1.8773,7.0036,0,52.32,33.99,33.99,40.1,96.0089,0,11.62790698,254.5857687,0.033881524,0.1907,0.1745,7014,0.474107279140225,0.388052572082257
15,"BOYACA",15690,"SANTA MARIA",2018,3560,0.767851623,0.232148377,3235,0.908707865,0.941617,94.012,58.1818,2.0312,2.4916,6.7657,34.13,34.13,34.13,34.13,96.2519,0,0,1758.101734,0.493848802,0.0139,0.0138,1951,0.260347684590196,0.231040558171552
15,"BOYACA",15693,"SANTA ROSA DE VITERBO",2018,13097,0.800701117,0.199298883,7702,0.588073605,0.833025,83.2562,52.381,1.8326,0.1832,10.2627,70.04,58.56,58.56,62.38666667,97.9675,0,11.23595506,220.80156,0.016858942,0.388,0.3279,47787,1.53171953698862,0.928898730764708
15,"BOYACA",15696,"SANTA SOFIA",2018,3166,0.923839746,0.076160254,2521,0.7962729,0.864865,86.4865,51.6854,1.6791,0.3731,0,28.25,21.84,23.19,24.42666667,98.2716,0,0,153.439228,0.048464696,0.044,0.0431,5005,0.293016884919023,0.256978158419865
15,"BOYACA",15720,"SATIVANORTE",2018,2202,0.875,0.125,2184,0.991825613,0.864,86.4,57.1429,0.8646,1.4409,5.4755,19.97,8.89,8.89,12.58333333,98.8201,0,0,31.754933,0.01442095,0.4936,0.4012,10131,0.263693975261429,0.2340391582325
15,"BOYACA",15723,"SATIVASUR",2018,1077,0.788602941,0.211397059,1088,1,0.984456,98.4456,97.0588,2.4155,0,0,32.6,11.19,11.19,18.32666667,91.5916,0,0,14.60538,0.01356117,0.2287,0.2059,8043,0.236316687676913,0.212136546020138
15,"BOYACA",15740,"SIACHOQUE",2018,6677,0.946601942,0.053398058,7004,1,1.017846,101.7846,70.8861,1.6514,2.6911,7.4006,100,27.62,23.99,50.53666667,98.9416,0,0,94.57392554,0.014164134,0.0208,0.0206,2467,0.397957788193475,0.335012448930489
15,"BOYACA",15753,"SOATA",2018,9102,0.690589306,0.309410694,9893,1,0.914394,91.4394,65.4545,0.1905,0.0635,6.1587,40.98,29.9,30.25,33.71,98.9445,0,22.72727273,115.357203,0.01267383,0.1089,0.1034,14424,0.269806379313483,0.238864431614236
15,"BOYACA",15755,"SOCOTA",2018,7242,0.787135459,0.212864541,7338,1,0.87476,87.476,38.0952,1.5818,0.5502,2.751,28.43,3.38,3.38,11.73,96.0526,0,12.5,55.924154,0.007722197,0.6941,0.5271,6250,0.234191715790066,0.210416274672017
15,"BOYACA",15757,"SOCHA",2018,7935,0.495055781,0.504817444,7888,0.994076875,1.045482,104.4868,69.7318,1.027,0.5135,2.7599,99.46,22.23,22.52,48.07,83.4528,0,10.52631579,689.9427523,0.086949307,25555,12685,19327,0.304598376510811,0.26589523594463
15,"BOYACA",15759,"SOGAMOSO",2018,128183,0.408548137,0.591430335,139352,1,1.12234,112.0807,66.5527,1.5652,2.4006,4.04,63.5,57.2,58.83,59.84333333,96.6214,0,9.179926561,14369.96602,0.112105084,0.079,0.0761,1672,2.17781119220613,1.15619265546421
15,"BOYACA",15761,"SOMONDOCO",2018,2894,0.945029776,0.054970224,2183,0.754319281,1.043038,104.3038,97.1014,2.0595,0,0.2288,9.32,9.32,9.32,9.32,97.7558,0,0,78.430808,0.027101178,0.2319,0.2085,4871,0.268581084115447,0.237899019272066
15,"BOYACA",15762,"SORA",2018,3008,0.935483871,0.064516129,2542,0.845079787,0.85625,85.625,67.6471,0.8503,0,3.4014,29.69,6.25,6.3,14.08,97.9784,5000,0,54.818844,0.01822435,0.0583,0.0567,5304,0.355011832207274,0.303810186549829
15,"BOYACA",15763,"SOTAQUIRA",2018,8089,0.813821138,0.186178862,6150,0.760291754,0.806678,80.6678,43.3333,2.7064,0.2706,2.2327,59.17,59.17,59.17,59.17,97.1406,0,0,237.413085,0.029350116,0.1233,0.1163,3397,0.522903038369208,0.420618406994148
15,"BOYACA",15764,"SORACA",2018,5910,0.909477625,0.090522375,5877,0.994416244,1.228058,122.8058,91.8552,1.9876,0.1242,0.9938,100,0,0,33.33333333,97.9229,0,0,198.294534,0.033552375,0.1028,0.0978,3081,0.794673440528623,0.584823078107363
15,"BOYACA",15774,"SUSACON",2018,2705,0.952737298,0.047262702,2539,0.938632163,0.754167,75.4167,53.75,1.061,0,0.2653,19.75,19.75,19.75,19.75,98.1884,0,0,4.5933,0.001698078,0.0997,0.095,6772,0.203611771428773,0.185326845909355
15,"BOYACA",15776,"SUTAMARCHAN",2018,6047,0.904274753,0.095725247,5474,0.905242269,0.813717,81.3717,54.2289,2.2886,2.1869,5.1741,25.24,11.5,11.5,16.08,96.7761,0,12.65822785,447.4304258,0.073992133,0.0572,0.0556,3640,0.544576797074385,0.434749955076182
15,"BOYACA",15778,"SUTATENZA",2018,4197,0.885254989,0.114745011,3608,0.859661663,0.646889,64.6889,49.1525,2.5263,0.2105,1.6842,30.58,30.58,30.58,30.58,97.7257,0,62.5,88.422665,0.021068064,0.8716,0.6268,13452,1.12472563819973,0.753642682605358
15,"BOYACA",15790,"TASCO",2018,5852,0.676573427,0.323426573,5148,0.879699248,0.899668,89.9668,56.1856,2.2787,0,10.8677,17.17,6.05,6.05,9.756666667,98.9101,0,0,75.63906311,0.012925335,0.3057,0.2668,3338,0.315156798489035,0.273955896916099
15,"BOYACA",15798,"TENZA",2018,3836,0.864463311,0.135536689,3298,0.859749739,0.869783,86.9783,55.6604,1.8519,0,4.4444,44.11,27.94,28.06,33.37,98.4684,0,0,99.602064,0.025965084,0.2373,0.2129,7746,0.532514316272676,0.426909730561219
15,"BOYACA",15804,"TIBANA",2018,8995,0.95706619,0.04293381,7826,0.870038911,0.859064,85.9064,65.8088,1.7132,0.0635,6.2183,21.94,9.53,9.53,13.66666667,96.4489,0,0,87.743702,0.00975472,0.1057,0.1004,2080,0.342530085561501,0.294555957251457
15,"BOYACA",15806,"TIBASOSA",2018,12883,0.766861987,0.233138013,8021,0.622603431,0.822526,82.2526,45.9459,2.6929,1.7607,3.9358,100,48.94,71.58,73.50666667,99.4483,0,18.51851852,5051.086927,0.392073813,0.1691,0.1563,1055,2.07210437937113,1.00452569148287
15,"BOYACA",15808,"TINJACA",2018,3249,0.916294189,0.083705811,2461,0.757463835,0.851789,85.1789,52.6882,1.7341,0,8.2852,26.95,9.73,24.39,20.35666667,95.7426,0,0,55.34263411,0.017033744,0.1674,0.1547,6894,0.355555964318703,0.30421167594953
15,"BOYACA",15810,"TIPACOQUE",2018,3315,0.934293948,0.065706052,3470,1,0.924171,92.4171,65.4206,0.4847,0.3231,6.462,40.08,10.6,10.92,20.53333333,96.6684,0,0,48.561251,0.014648944,0.2756,0.2434,9285,0.196315079079241,0.179246064879339
15,"BOYACA",15814,"TOCA",2018,8754,0.79650381,0.20349619,8924,1,0.979782,97.9782,69.7368,2.8096,1.9771,4.8907,99.96,46.61,46.74,64.43666667,99.0616,735.2941176,7.352941176,77.826654,0.008890411,0.441,0.3654,8424,0.454523839050995,0.374678588678549
15,"BOYACA",15816,"TOGUI",2018,4301,0.962349739,0.037650261,4409,1,0.958947,95.8947,51.773,4.262,2.183,10.6029,46.55,14.88,14.97,25.46666667,96.307,1754.385965,17.54385965,77.224124,0.017954923,0.0585,0.0569,7460,0.299211199769001,0.261757310899974
15,"BOYACA",15820,"TOPAGA",2018,3601,0.763193968,0.236806032,2918,0.810330464,0.853297,85.3297,35.4839,2.6012,1.8786,2.8902,100,36.59,96.58,77.72333333,96.988,0,22.22222222,126.150225,0.035031998,48223,17617,136725,1.32838345734397,0.845174231659047
15,"BOYACA",15822,"TOTA",2018,5131,0.961251261,0.038748739,4955,0.965698694,0.892294,89.2294,54.386,3.0651,0.0958,7.4713,96.41,20.91,20.91,46.07666667,97.0642,0,33.89830508,87.729192,0.017097874,0.1905,0.1743,2963,0.233680381393992,0.210001881718692
15,"BOYACA",15832,"TUNUNGUA",2018,1524,0.959338387,0.040661613,1451,0.952099738,1.013559,101.3559,65.9091,3.5948,0,0,51.59,19.31,19.31,30.07,87.5536,0,0,68.64367862,0.045041784,0.3388,0.2918,3150,0.227618964664976,0.205076492214478
15,"BOYACA",15835,"TURMEQUE",2018,6093,0.91774963,0.08225037,6079,0.997702281,1.209622,120.9622,105.2632,0.7358,0.4682,2.2742,61.84,19.08,19.6,33.50666667,98.3255,2222.222222,0,42.174063,0.006921724,12236,0.7991,6179,0.308699223028915,0.269033684382258
15,"BOYACA",15837,"TUTA",2018,8218,0.853408585,0.146591415,6733,0.8192991,1.126852,112.6852,80.8989,1.5018,0.0518,3.2108,38.9,10.84,12.04,20.59333333,98.192,0,11.36363636,3381.830717,0.411515054,0.2719,0.2405,8132,0.727838857393384,0.546871412210183
15,"BOYACA",15839,"TUTASA",2018,2017,0.934850052,0.065149948,1934,0.958849777,0.943299,94.3299,95,0.2519,0,4.0302,100,16.7,16.7,44.46666667,96.5602,0,0,33.162768,0.01644163,0.06,0.0582,2795,0.239182037044668,0.214451514409156
15,"BOYACA",15842,"UMBITA",2018,7453,0.958870845,0.040977387,6589,0.884073527,0.822442,82.2442,73.3607,1.6317,0,4.2735,96.85,13.2,13.2,41.08333333,99.3522,0,14.49275362,146.543492,0.01966235,0.3504,0.3004,6304,0.298365053488399,0.261105821797801
15,"BOYACA",15861,"VENTAQUEMADA",2018,15573,0.878281802,0.121718198,13293,0.853592757,0.876757,87.6757,65.4275,1.3831,0,4.9447,13.21,4.42,6.08,7.903333333,98.9643,0,11.04972376,225.5394501,0.014482723,0.5644,0.4475,4257,0.490913236969069,0.399388842921803
15,"BOYACA",15879,"VIRACACHA",2018,2803,0.967462039,0.032537961,2766,0.986799857,0.727915,72.7915,39.2157,3.132,0.4464,7.83,35.19,2.08,3.54,13.60333333,99.1404,0,0,26.901182,0.009597282,0.1724,0.159,6012,0.967606259990895,0.676817707470323
15,"BOYACA",15897,"ZETAQUIRA",2018,4609,0.955344748,0.044655252,4322,0.937730527,0.965897,96.5897,69.4805,1.5436,0.9912,3.3076,42.76,29.07,29.07,33.63333333,90.8968,2040.816327,20.40816327,103.4938077,0.022454721,0.0945,0.0903,3673,0.264528015802684,0.234698942519211
17,"CALDAS",17001,"MANIZALES",2018,434403,0.21871369,0.781276315,400199,0.921262054,0.818494,81.7778,44.5843,2.5961,6.7191,5.7194,94.82,94.59,94.6,94.67,99.842,31.24023743,9.684473602,45883.8473,0.10562507,0.1487,0.1386,9107,4.0747631708259,1.62427985799185
17,"CALDAS",17013,"AGUADAS",2018,22819,0.783552695,0.216447305,20818,0.912309917,0.885446,88.5446,49.3233,2.6416,2.5054,6.3181,40.76,40.76,40.76,40.76,98.9174,492.6108374,0,432.7181779,0.018963065,34432,14914,13579,0.331977730754734,0.286664853325837
17,"CALDAS",17042,"ANSERMA",2018,36129,0.778534129,0.221434788,32172,0.890475795,0.845612,84.5612,36.9444,3.9027,3.1109,8.5973,58.27,50.8,52.31,53.79333333,99.8975,0,0,839.940123,0.023248363,0.2351,0.2111,3552,0.641685888942491,0.495723694887895
17,"CALDAS",17050,"ARANZAZU",2018,10561,0.816086066,0.183913934,11712,1,0.938974,93.8974,57.485,2.5157,1.4675,6.8134,39.12,38.78,38.86,38.92,99.9012,0,7.246376812,284.374573,0.02692686,0.1552,0.1442,3217,0.364608249766749,0.310867390937668
17,"CALDAS",17088,"BELALCAZAR",2018,10653,0.852916753,0.147083247,9634,0.904346194,0.867435,86.7435,27.5148,4.4824,3.8954,11.8463,97.84,38.32,42.09,59.41666667,99.8921,0,42.55319149,305.156803,0.028645152,0.2645,0.2346,8960,0.509704388282148,0.411913862311942
17,"CALDAS",17174,"CHINCHINA",2018,51266,0.511411008,0.488588992,56612,1,0.972683,97.1977,43.9949,3.1748,1.3661,9.145,100,100,100,100,99.94,180.1801802,7.207207207,5249.890021,0.102404908,0.0858,0.0823,4440,0.752687378450547,0.56115025486752
17,"CALDAS",17272,"FILADELFIA",2018,11440,0.842307692,0.157692308,8840,0.772727273,0.808329,80.8329,41.2791,4.5267,4.8179,5.9965,39.53,31.57,39.53,36.87666667,99.8119,0,0,145.635538,0.012730379,23524,12097,3720,0.332197104632656,0.286829537621705
17,"CALDAS",17380,"LA DORADA",2018,71898,0.58327172,0.41672828,74389,1,0.904381,90.4307,40.8041,4.6192,2.1541,9.2561,99.62,93.42,93.23,95.42333333,98.2639,0,6.928406467,3598.750723,0.050053558,0.1288,0.1212,5161,0.272629795167589,0.241085464372581
17,"CALDAS",17388,"LA MERCED",2018,6007,0.839310759,0.160689241,4991,0.830863992,1.037949,103.7949,69.1429,2.6168,1.4953,2.9907,100,38.87,100,79.62333333,99.7802,0,18.18181818,86.405194,0.014384084,97444,23744,187765,0.320615891875155,0.278098212535365
17,"CALDAS",17433,"MANZANARES",2018,17919,0.857778038,0.142221962,17093,0.953903678,0.848727,84.8727,48.6583,3.2601,2.3679,4.6328,34.34,2.78,42.3,26.47333333,99.7439,0,6.711409396,413.329647,0.023066558,0.074,0.0714,1570,0.428816651127579,0.356846584996869
17,"CALDAS",17442,"MARMATO",2018,8874,0.634975962,0.365024038,8320,0.93757043,0.951522,95.1522,38.8693,2.9576,0.9487,5.9152,88.63,17.64,39.64,48.63666667,99.7528,0,0,159.364933,0.017958636,0.2595,0.2307,5756,0.443747513938319,0.367242173338999
17,"CALDAS",17444,"MARQUETALIA",2018,13240,0.88105658,0.11886527,12796,0.966465257,0.965665,96.5665,56.3981,2.6425,1.0939,1.963,62.85,35.47,35.48,44.6,99.9647,0,7.8125,188.379844,0.014228085,10468,0.7163,8251,0.37628585932781,0.319388464539327
17,"CALDAS",17446,"MARULANDA",2018,2599,0.809878844,0.190121156,2146,0.825702193,0.807018,80.7018,51.3158,4.2714,4.0201,2.5126,41.48,40.9,40.9,41.09333333,99.6599,0,0,29.035375,0.011171749,0.0605,0.0587,2021,0.186243878516793,0.170791910563496
17,"CALDAS",17486,"NEIRA",2018,21031,0.748200666,0.251799334,18618,0.885264609,0.960889,96.0621,43.2767,3.4872,2.0451,3.8804,100,58.16,100,86.05333333,99.8476,0,4.784688995,842.568562,0.040063172,0.1048,0.0996,7698,0.430120667961224,0.357758823901422
17,"CALDAS",17495,"NORCASIA",2018,6020,0.82214487,0.17785513,6033,1,1.023256,102.3256,43.0493,3.0496,3.9007,5.9574,80.88,60.56,60.56,67.33333333,97.54,1369.863014,0,442.430939,0.073493511,0.7072,0.5349,16977,0.243877789472196,0.217970219360742
17,"CALDAS",17513,"PACORA",2018,15331,0.803528777,0.196471223,12979,0.84658535,0.870543,87.0543,54.6763,2.514,0.838,4.2831,53.17,38.89,38.89,43.65,100,0,9.174311927,277.541348,0.018103278,11954,0.7864,19143,0.361478074761185,0.308570929264357
17,"CALDAS",17524,"PALESTINA",2018,15570,0.807104356,0.192895644,11317,0.7268465,1.017765,101.7765,50.8772,4.0608,2.20645,4.5101,98.83,51.37,98.87,83.02333333,100,0,6.289308176,380.788209,0.024456532,0.1437,0.1342,2910,0.586446505338358,0.461496612807866
17,"CALDAS",17541,"PENSILVANIA",2018,19905,0.837593243,0.162406757,18232,0.915950766,0.869307,86.9307,44.4623,2.7254,1.6232,4.2621,30.7,20.64,20.64,23.99333333,99.7142,0,16.75977654,481.929142,0.024211462,0.0506,0.0493,4740,0.236115995241728,0.21197420191507
17,"CALDAS",17614,"RIOSUCIO",2018,50792,0.835357572,0.164623026,51542,1,0.9293,92.93,53.2098,3.56495,2.1924,6.85995,61.22,61.22,61.22,61.22,99.5864,0,9.293680297,1158.418202,0.0228071,0.1361,0.1276,22674,0.272244385208258,0.240782573200004
17,"CALDAS",17616,"RISARALDA",2018,10829,0.858403609,0.141596391,10198,0.941730538,1.013008,101.3008,35.6923,3.1424,2.5849,10.0355,100,56.33,100,85.44333333,99.7831,0,19.23076923,122.341651,0.011297595,0.3796,0.3218,37428,0.584112778023167,0.460024489104708
17,"CALDAS",17653,"SALAMINA",2018,19457,0.767252309,0.232747691,16563,0.851261757,0.753071,75.3071,35.8792,3.8577,1.9534,4.23375,46.47,39.54,41.1,42.37,99.3888,0,0,360.792335,0.018543061,0.1368,0.1283,10820,0.337556413856049,0.290844377482495
17,"CALDAS",17662,"SAMANA",2018,20471,0.921822099,0.078177901,19494,0.952273949,0.915377,91.5377,46.875,3.7257,0.5949,5.7439,21.91,19.57,22.09,21.19,98.7555,613.4969325,0,330.698057,0.016154465,0.2725,0.2409,10467,0.219993115151303,0.198845215410637
17,"CALDAS",17665,"SAN JOSE DE CALDAS",2018,4847,0.863605823,0.136394177,4465,0.921188364,0.977218,97.7218,57.1429,2.0311,0.1195,2.7479,31.79,18.02,18.97,22.92666667,99.5932,0,0,569.87989,0.117573734,16166,0.9619,51007,0.544668899298539,0.43461461091021
17,"CALDAS",17777,"SUPIA",2018,28623,0.734864666,0.265135334,28559,0.997764036,0.896484,89.6288,48.2163,2.2366,0.1935,4,91.35,55.4,57.05,67.93333333,99.9793,0,3.401360544,580.77878,0.020290633,0.1203,0.1136,11182,1.6331771750856,0.968191168446113
17,"CALDAS",17867,"VICTORIA",2018,10161,0.832632685,0.167367315,7612,0.749138864,0.835385,83.5385,41.5902,3.0752,0.2847,2.9613,58.13,54.97,57.83,56.97666667,99.3846,0,11.62790698,368.040843,0.036220927,0.3056,0.2667,72044,0.26473200188181,0.234860243514871
17,"CALDAS",17873,"VILLAMARIA",2018,64668,0.492715276,0.507251231,29857,0.461696666,0.846118,83.9281,47.3223,2.6181,0.6143,7.1961,90.44,75.94,75.94,80.77333333,99.1677,0,8.196721311,2760.691195,0.042690221,0.2853,0.251,5844,0.50771177711031,0.410593122081049
17,"CALDAS",17877,"VITERBO",2018,12736,0.618139804,0.381860196,12117,0.951397613,1.026939,102.6475,52.5547,4.1326,0.7749,11.1494,90.71,86.33,91.02,89.35333333,98.583,0,0,355.592115,0.027920235,42974,16672,467681,0.540189531590303,0.431905481313979
18,"CAQUETA",18001,"FLORENCIA",2018,168606,0.675067823,0.32492085,176563,1,0.990993,98.9675,39.7024,3.30355,1.78655,3.76575,77.51,77.51,69.16,74.72666667,90.466,30.14772385,8.139885439,11259.77088,0.066781555,0.1242,0.1171,18375,0.432069010641591,0.359120259166087
18,"CAQUETA",18029,"ALBANIA",2018,4672,0.930199138,0.069800862,4871,1,0.831346,83.1346,47.1795,3.745166667,3.170966667,2.599133333,90.53,70.84,79.98,80.45,87.7427,0,0,52.000467,0.011130237,13007,0.8332,9394,0.270510192150033,0.239418545902562
18,"CAQUETA",18094,"BELEN DE LOS ANDAQUIES",2018,11035,0.91967666,0.08032334,9773,0.885636611,0.768972,76.8972,27.8656,5.0184,6.12,1.3056,65.76,65.76,65.76,65.76,77.6028,0,59.25925926,166.63396,0.015100495,0.1445,0.135,13619,0.262400641208423,0.233015179037436
18,"CAQUETA",18150,"CARTAGENA DEL CHAIRA",2018,30395,0.959128244,0.040871756,30559,1,0.935835,93.5835,19.4313,7.3079,2.4077,1.1494,43.33,43.33,43.33,43.33,26.2325,183.4862385,16.51376147,442.098026,0.014545091,0.0286,0.0282,2685,0.230535824717577,0.207449704376879
18,"CAQUETA",18205,"CURILLO",2018,7602,0.958992145,0.041007855,9803,1,0.938894,93.8894,35.3125,5.217,0.3901,0,28.18,28.18,28.18,28.18,77.0068,0,0,84.035007,0.011054329,0.1688,0.156,21568,0.23765348684791,0.213217237545741
18,"CAQUETA",18247,"EL DONCELLO",2018,19306,0.897675764,0.102276015,20738,1,0.907999,90.7999,45.9816,4.8977,2.5983,4.0699,96.22,96.22,96.22,96.22,78.3476,0,0,533.012107,0.027608625,0.0842,0.0808,6171,0.252990086367061,0.225532763964883
18,"CAQUETA",18256,"EL PAUJIL",2018,18034,0.949299175,0.050700825,14911,0.826827104,0.659006,65.9006,21.7822,3.5424,4.9058,3.9649,99.8,99.8,99.8,99.8,83.8132,0,13.88888889,221.948378,0.012307218,0.1608,0.1491,15748,0.301978118284014,0.263884737411675
18,"CAQUETA",18410,"LA MONTANITA",2018,14700,0.958451102,0.041548898,14152,0.962721088,0.895456,89.5456,23.5105,3.3211,3.1642,1.8044,56.1,56.1,56.1,56.1,51.8064,0,5.586592179,703.034388,0.047825469,0.8369,0.6081,16059,0.267362822717629,0.236938223973516
18,"CAQUETA",18460,"MILAN",2018,9707,0.968301796,0.031698204,8297,0.854743999,0.739665,73.9665,24.424,5.4274,3.547,0,37.19,20.22,29.3,28.90333333,63.1244,709.2198582,7.092198582,112.015831,0.011539696,0.0564,0.0548,20493,0.23099298026642,0.207821144721736
18,"CAQUETA",18479,"MORELIA",2018,3709,0.95773222,0.04226778,3951,1,0.915789,91.5789,35.5556,4.9555,0.5083,3.1766,52.19,43.15,43.15,46.16333333,76.5957,0,32.78688525,71.924802,0.019391966,0.2206,0.1993,52440,0.286742391197233,0.252113746338943
18,"CAQUETA",18592,"PUERTO RICO",2018,26532,0.935885558,0.064114442,26983,1,0.877941,87.7941,26.4069,5.6214,0.62415,1.7401,50.91,50.91,50.91,50.91,43.1141,0,10.52631579,431.537701,0.016264801,0.3666,0.3123,11157,0.226143096457779,0.203873548857781
18,"CAQUETA",18610,"SAN JOSE DE FRAGUA",2018,12802,0.937620424,0.062379576,12456,0.972972973,0.925823,92.5823,39.3782,7.5554,2.508,6.126,70.46,63.2,99.36,77.67333333,72.3978,0,4.016064257,137.918636,0.01077321,0.0806,0.0775,19511,0.215957075650627,0.19553148329151
18,"CAQUETA",18753,"SAN VICENTE DEL CAGUAN",2018,50707,0.917563075,0.082436925,51130,1,0.995908,99.5377,26.494,5.9083,1.6729,4.758,67.91,50.56,67.82,62.09666667,44.7257,0,9.249743063,1929.970196,0.038061218,0.0325,0.032,21128,0.240261762385312,0.215322456036583
18,"CAQUETA",18756,"SOLANO",2018,11201,0.970113954,0.029886046,9302,0.830461566,0.730203,73.0203,12.474,5.7471,1.4263,0.0396,28.22,25.73,24.71,26.22,25.838,0,14.59854015,167.72022,0.014973683,0.3884,0.3281,5002,0.210277268074702,0.190849480527622
18,"CAQUETA",18785,"SOLITA",2018,6204,0.962700965,0.037299035,7775,1,0.88,88,29.562,5.7572,2.8786,0,58.1,58.1,58.1,58.1,53.0864,0,0,96.68741975,0.01558469,0.4137,0.3462,31325,0.224814029576861,0.202745906142623
18,"CAQUETA",18860,"VALPARAISO",2018,6873,0.956398641,0.043601359,7064,1,0.761453,76.1453,24.2604,0,0,0,20.5,2.63,20.5,14.54333333,92.5899,0,0,157.20034,0.022872158,0.0394,0.0387,10927,0.234013140111286,0.210271573814903
19,"CAUCA",19001,"POPAYAN",2018,318055,0.508211093,0.491778869,298864,0.939661379,0.983966,98.3417,47.7762,2.4853,2.6129,3.0363,100,100,100,100,97.7674,23.70791844,10.19440493,24348.02934,0.07655289,0.5298,0.4251,72649,3.1149897829158,1.41463635123793
19,"CAUCA",19022,"ALMAGUER",2018,18448,0.97599282,0.02400718,17828,0.966392021,0.705654,70.5654,32.6087,2.0183,0.5136,11.9633,4.81,4.81,4.81,4.81,83.7424,0,17.34104046,91.450451,0.004957201,0.3596,0.3072,12728,0.240462277165619,0.215484114308561
19,"CAUCA",19050,"ARGELIA",2018,26140,0.983327624,0.016672376,26271,1,0.949097,94.9097,19.703,0,0,0,59.94,25.22,19.61,34.92333333,90.9757,0,13.26259947,183.128531,0.007005682,0.014,0.0139,4833,0.219097983430599,0.198111227441586
19,"CAUCA",19075,"BALBOA",2018,21116,0.97800018,0.02199982,22182,1,0.790741,79.0741,25.5871,0,0,0,58.54,34.58,34.58,42.56666667,93.7459,0,8,121.301162,0.005744514,0.0229,0.0226,11371,0.244129828258405,0.218436352423264
19,"CAUCA",19100,"BOLIVAR",2018,38044,0.970231914,0.029768086,40446,1,0.84335,84.335,35.0579,0,0,0,9.37,9.38,9.38,9.376666667,91.4664,0,18.40490798,262.676378,0.006904542,0.0029,0.0029,32224,0.27127226912973,0.240018185733382
19,"CAUCA",19110,"BUENOS AIRES",2018,31434,0.95329234,0.04670766,24557,0.781224152,0.743625,74.3625,25.3376,2.1176,0.28,8.9079,3.86,2.72,0,2.193333333,87.6453,0,32.36245955,158.521278,0.005042988,0.0306,0.0302,7783,0.35503857697308,0.303829924017233
19,"CAUCA",19130,"CAJIBIO",2018,42018,0.973173295,0.026826705,36158,0.860535961,0.714441,71.4441,30.2465,2.8721,1.2391,6.0359,21.32,4.24,4.24,9.933333333,90.7032,0,10.57082452,276.394242,0.006577996,0.0455,0.0445,19817,0.274884055378225,0.242855237517119
19,"CAUCA",19137,"CALDONO",2018,39948,0.975251987,0.024748013,36609,0.916416341,0.845127,84.5127,35.2871,1.4256,0.0528,9.7043,4.14,4.14,4.14,4.14,92.468,0,21.45922747,346.921157,0.008684319,0.0169,0.0168,18838,0.317167414335303,0.275483532628662
19,"CAUCA",19142,"CALOTO",2018,30185,0.73874284,0.26125716,26361,0.87331456,0.892797,89.2797,46.1735,2.0216,0.4614,7.5294,44.7,15.14,12.63,24.15666667,92.0253,0,10.02506266,6560.802855,0.217353084,0.2126,0.1928,184170,1.36898391276736,0.86246113442643
19,"CAUCA",19212,"CORINTO",2018,25292,0.843216116,0.156783884,28096,1,0.964488,96.4488,42.0332,3.7129,0.9569,7.1005,54.19,52.96,53.21,53.45333333,91.4988,0,8.403361345,425.117614,0.016808383,0.0112,0.0112,15382,0.878296655090077,0.630365331617932
19,"CAUCA",19256,"EL TAMBO",2018,53895,0.96618458,0.03381542,48055,0.891641154,0.809274,80.9274,27.3922,1.48625,0.3509,4.70395,46.36,8.16,5.01,19.84333333,88.3365,0,5.736137667,321.819216,0.005971226,0.007,0.007,10177,0.241334756659658,0.216187217356949
19,"CAUCA",19290,"FLORENCIA",2018,5202,0.965141983,0.034858017,5881,1,1.054435,105.4435,42.4731,0,0,0,23.52,23.52,23.52,23.52,96.6507,0,0,56.24391121,0.010811978,0.0257,0.0254,3807,0.332314376637682,0.286917562766972
19,"CAUCA",19300,"GUACHENE",2018,19655,0.812784444,0.187215556,9668,0.491885017,0.767465,76.7465,31.7169,0.6743,2.1401,14.0428,46.19,18.34,18.34,27.62333333,96.9142,0,0,14004.05544,0.712493281,0.0088,0.0087,27339,1.88315092842379,1.01733157148209
19,"CAUCA",19318,"GUAPI",2018,27620,0.91929403,0.08070597,24137,0.873895728,0.904992,90.4992,16.5238,0.5895,0.0123,2.014,13.27,12.47,13.27,13.00333333,33.5142,0,14.92537313,261.408509,0.009464464,0.0185,0.0184,13229,0.249125553260399,0.22244374911808
19,"CAUCA",19355,"INZA",2018,28879,0.958842071,0.041157929,27601,0.95574639,0.895776,89.5776,32.8346,1.878,1.5385,10.0678,24.4,12.11,7.39,14.63333333,91.5895,0,22.58726899,628.505666,0.021763415,0.008,0.008,52473,0.287339891954426,0.252577990059383
19,"CAUCA",19364,"JAMBALO",2018,17856,0.97217188,0.02782812,17105,0.957941308,0.780794,78.0794,30.2667,1.9547,0.1303,7.1149,38.28,38.28,38.28,38.28,77.5316,0,20.83333333,35.100874,0.001965775,0.0012,0.0012,10830,0.282098355643271,0.248498076026184
19,"CAUCA",19392,"LA SIERRA",2018,10744,0.968019466,0.031980534,11507,1,0.853595,85.3595,33.2378,2.5372,0.7166,6.3431,31.59,19.04,25.27,25.3,86.3146,0,10.63829787,66.915757,0.006228198,0.0176,0.0175,6398,0.279666790166362,0.246599723859816
19,"CAUCA",19397,"LA VEGA",2018,24500,0.974200618,0.025799382,20078,0.819510204,0.585261,58.5261,24.5087,0,0,0,4.3,4.3,4.3,4.3,96.5581,0,11.9760479,337.7814519,0.013786998,0.0066,0.0066,7156,0.272334373460035,0.240853302590091
19,"CAUCA",19418,"LOPEZ DE MICAY",2018,18587,0.990849253,0.009150747,12458,0.670253403,0.94271,94.271,12.0327,3.9167,0.5833,7.9333,37.97,55.61,84.11,59.23,49.7501,0,25.64102564,17.217618,0.000926326,28814,13562,39218,0.23050716231882,0.207426411489344
19,"CAUCA",19450,"MERCADERES",2018,22674,0.963512642,0.036487358,17047,0.75183029,0.634733,63.4733,25.2538,2.0597,0.6866,9.5434,35.8566666666667,24.7322222222222,24.2644444444444,28.2844444448889,93.231,606.0606061,0,69.49015,0.00306475,0.0488,0.0476,2691,0.261761332459522,0.232508627739032
19,"CAUCA",19455,"MIRANDA",2018,31363,0.660141941,0.339858059,26208,0.835634346,0.961287,96.0634,40.1421,2.6024,0.7459,7.2866,60.42,54.21,60.37,58.33333333,94.008,0,13.5501355,6706.050886,0.213820454,0.0088,0.0087,13104,0.878053492922299,0.630235864364595
19,"CAUCA",19473,"MORALES",2018,38836,0.96981767,0.03018233,29123,0.749897003,0.731664,73.1664,26.9103,0,0,0,53.24,10,10,24.41333333,79.5452,0,21.37767221,257.563245,0.006632074,0.0418,0.041,1518,0.237785684711204,0.213324045149772
19,"CAUCA",19513,"PADILLA",2018,9942,0.775067024,0.224932976,7460,0.750352042,0.863007,86.3007,36.2162,3.3027,0,2.4364,61.084,48.114,48.326,52.507999998,98.091,0,30.6122449,83.161745,0.00836469,0.0426,0.0417,19474,1.17585598871085,0.777422145144977
19,"CAUCA",19517,"PAEZ",2018,45781,0.966361109,0.033638891,36327,0.793495118,0.651434,65.1434,17.6798,0,0,0,46.79,46.79,46.79,46.79,75.5118,119.3317422,19.09307876,396.637336,0.008663798,0.2609,0.2318,18836,0.256227962265091,0.228113550195828
19,"CAUCA",19532,"PATIA (EL BORDO)",2018,36852,0.905006418,0.094993582,33497,0.908960165,0.82417,82.417,30.8244,4.0937,1.0233,4.6829,33.09,28.31,28.31,29.90333333,87.8827,253.8071066,10.15228426,455.716741,0.012366133,0.0302,0.0297,9365,0.263888611256394,0.2341931678355
19,"CAUCA",19533,"PIAMONTE",2018,8817,0.963601985,0.036398015,8462,0.959736872,0.775413,77.5413,13.8021,4.0276,4.5575,6.6773,71.03,66.52,66.52,68.02333333,36.377,0,40,163.054147,0.018493155,0.0625,0.0606,14229,0.354163374982024,0.288336682705035
19,"CAUCA",19548,"PIENDAMO",2018,40804,0.867126497,0.132873503,38420,0.941574355,0.868992,86.8745,40.9433,1.9768,0.8709,8.3218,59.93,30.42,31.04,40.46333333,94.573,179.5332136,7.181328546,867.844091,0.021268603,0.0245,0.0242,38468,0.448140058278085,0.3702800146161
19,"CAUCA",19573,"PUERTO TEJADA",2018,41616,0.429743349,0.570256651,51198,1,1.054839,105.4475,48.4557,2.1687,0.271,5.5422,99.92,99.92,97.08,98.97333333,99.5408,0,18.21192053,8093.326958,0.19447633,0.1532,0.1425,13407,3.10461288379315,1.41211143487486
19,"CAUCA",19585,"PURACE",2018,17268,0.961903625,0.038096375,16747,0.969828585,0.649651,64.9651,29.9539,1.2869,0.4921,8.7812,30.98,30.83,30.83,30.88,84.8886,0,10.63829787,64.742572,0.00374928,0.0139,0.0138,1728,0.271275441903347,0.240020681477004
19,"CAUCA",19622,"ROSAS",2018,11475,0.951273854,0.048726146,10323,0.899607843,0.821673,82.1673,38.5675,1.8023,0.0581,3.8372,99.84,7.18,11.06,39.36,96.3309,0,0,42.804384,0.00373023,0.0649,0.0629,3836,0.281934210727072,0.248370039496089
19,"CAUCA",19693,"SAN SEBASTIAN",2018,10947,0.967124987,0.032875013,9673,0.883621083,0.641013,64.1013,28.2828,0.5128,0.0733,5.2747,26.98,26.98,26.98,26.98,93.3643,0,12.65822785,180.551265,0.016493219,0.0301,0.0297,2125,0.249183197219547,0.222489895503427
19,"CAUCA",19698,"SANTANDER DE QUILICHAO",2018,110465,0.652115855,0.347865338,106340,0.962657855,0.873385,87.3247,35.6029,2.5099,0.6745,11.2215,70.74,66.14,66.14,67.67333333,96.9693,0,10.27617213,6467.024186,0.058543649,0.0489,0.0478,8976,1.08867996013452,0.736532268412906
19,"CAUCA",19701,"SANTA ROSA",2018,5326,0.963826749,0.036173251,4202,0.78895982,0.801527,80.1527,27.4038,0,0,0,100,74.5,74.5,83,85.1374,0,17.54385965,27.904,0.005239204,0.0111,0.0111,7293,0.28931276005402,0.254109332270828
19,"CAUCA",19743,"SILVIA",2018,37339,0.964545751,0.035454249,36808,0.985778944,0.710219,71.0219,32.2092,3.4536,0.3222,9.6546,14.05,13.63,13.82,13.83333333,89.5878,381.6793893,19.08396947,222.399734,0.005956232,0.3558,0.3044,25904,0.399367845424389,0.336020595664209
19,"CAUCA",19760,"SOTARA",2018,13940,0.975169099,0.024830901,11236,0.806025825,0.601946,60.1946,27.686,1.1196,0.5303,5.3624,7.96,3.86,3.86,5.226666667,91.5787,0,0,64.721199,0.004642841,0.0393,0.0385,14036,0.41420041085302,0.346564290707704
19,"CAUCA",19780,"SUAREZ",2018,31905,0.96143222,0.03856778,19187,0.601379094,0.568828,56.8828,22.1519,0,0,0,60.69,16.44,13.5,30.21,90.1548,0,10.83032491,585.3260219,0.018345903,0.8422,0.611,40889,0.204389763396491,0.185973018250639
19,"CAUCA",19785,"SUCRE",2018,9488,0.978569479,0.021430521,7326,0.772133221,0.555374,55.5374,19.0083,0,0,0,15.06,15.06,15.06,15.06,91.3295,0,0,54.704555,0.005765657,0.8091,0.5928,192468,0.265524864235628,0.23542969886547
19,"CAUCA",19807,"TIMBIO",2018,35476,0.891037705,0.108962295,30818,0.868699966,0.835476,83.5012,39.1709,2.9339,1.3689,7.6991,54.32,26.47,26.47,35.75333333,95.7363,0,14.45783133,335.550403,0.009458519,0.0671,0.065,18432,0.385063046765553,0.32574565973361
19,"CAUCA",19809,"TIMBIQUI",2018,26100,0.983631087,0.016368913,22054,0.844980843,0.813041,81.3041,9.9829,3.5278,0,5.9826,39.385,25.365,30.5,31.7499999975,55.3147,0,20.40816327,54.814677,0.002100179,0.0253,0.025,27464,0.23485380439687,0.210952586066247
19,"CAUCA",19821,"TORIBIO",2018,35216,0.974969871,0.025030129,32361,0.918928896,0.736348,73.6348,32.8803,2.9359,0.0593,6.5095,43.71,43.71,43.71,43.71,96.3571,0,16.77852349,310.190201,0.008808218,0.0494,0.0482,22220,1.37684020864184,0.865771962156222
19,"CAUCA",19824,"TOTORO",2018,24554,0.962694301,0.037305699,20265,0.825323776,0.678362,67.8194,25.1984,2.4088,0.6882,9.2911,21.54,19.49,9.95,16.99333333,79.9677,0,18.69158879,533.010459,0.021707683,0.061,0.0592,38005,0.869571403515238,0.497222171191129
19,"CAUCA",19845,"VILLA RICA",2018,20700,0.636039632,0.363960368,14029,0.677729469,0.745663,74.5663,38.5359,4.1265,0.9318,7.2879,43.47,37.67,37.67,39.60333333,98.4333,0,9.389671362,9478.164505,0.457882343,0.0684,0.0662,33003,1.7046124091093,0.956193699876348
20,"CESAR",20001,"VALLEDUPAR",2018,490068,0.640255545,0.359740681,530004,1,0.906307,90.3336,47.4517,2.6808,1.3734,5.1757,86.93,86.93,90.65,88.17,70.0548,71.31214344,13.0399348,44457.1822,0.090716354,0.1313,0.1234,45786,0.804621062012719,0.590350631801697
20,"CESAR",20011,"AGUACHICA",2018,109616,0.759271017,0.240728983,111827,1,0.869079,86.7677,38.6215,4.1236,1.1767,8.237,57.3975,57.91875,65.16375,60.16,59.6062,98.61932939,6.903353057,4477.742955,0.040849356,0.113,0.107,43991,0.801119193532988,0.588408245865633
20,"CESAR",20013,"CODAZZI",2018,60769,0.802832655,0.197167345,68840,1,1.059666,105.7301,38.3411,6.5155,0.7665,4.7876,83.72,83.72,83.72,83.72,67.896,0,28.39600921,1000.321106,0.016461043,11897,0.7838,31061,0.695024014566094,0.526620920367929
20,"CESAR",20032,"ASTREA",2018,20109,0.962116596,0.037883404,19692,0.979263017,0.935907,93.5907,32.4455,4.3388,1.6978,7.6967,92.59,75.61,80.85,83.01666667,88.3555,0,10.66666667,443.852363,0.022072324,0.8434,0.6116,27157,0.369292530677071,0.314294205493493
20,"CESAR",20045,"BECERRIL",2018,21609,0.934348951,0.065651049,17395,0.804988662,0.926164,92.5487,34.4751,3.894,1.2257,4.2365,76.55,76.55,75.9,76.33333333,37.2926,0,8.547008547,1554.817044,0.07195229,0.0267,0.0263,57546,0.616435150455432,0.480223200122481
20,"CESAR",20060,"BOSCONIA",2018,40023,0.796506262,0.203493738,45510,1,0.927276,92.5463,37.7326,6.8128,1.8075,4.8877,77.72,77.72,77.72,77.72,74.0668,0,17.74530271,2176.783832,0.054388323,0.1718,0.1585,5213,0.559304204102747,0.444239698752536
20,"CESAR",20175,"CHIMICHAGUA",2018,34165,0.962787735,0.037212265,32973,0.965110493,0.989462,98.9028,38.7671,2.4368,0.0723,7.1038,64.08,31.99,27.44,41.17,89.4824,318.4713376,7.961783439,362.226484,0.010602268,19082,10675,20320,0.254504387579586,0.22674058429099
20,"CESAR",20178,"CHIRIGUANA",2018,27707,0.873514655,0.126485345,30296,1,0.98114,98.085,33.3022,4.5937,2.0785,1.5118,100,100,100,100,89.7291,0,18.78914405,1548.997248,0.05590635,0.0064,0.0064,29275,0.427120341994911,0.355658667100758
20,"CESAR",20228,"CURUMANI",2018,37398,0.914043116,0.085956884,36274,0.969944917,0.877907,87.7696,38.2334,1.7495,0.7229,4.7469,57.28,57.28,53.82,56.12666667,83.6576,155.5209953,15.55209953,1254.836956,0.033553585,0.0132,0.0132,29139,0.388710893420045,0.328375902021692
20,"CESAR",20238,"EL COPEY",2018,30171,0.839842074,0.160129317,34953,1,0.971447,97.0138,31.5102,6.0391,0.7766,5.5437,72.1116666666667,52.375,67.6216666666667,64.03611111,84.6542,0,9.861932939,1236.604124,0.040986514,0.2629,0.2334,19163,0.371704723632674,0.316054290130234
20,"CESAR",20250,"EL PASO",2018,37530,0.698544929,0.301455071,36012,0.959552358,0.982669,98.1166,35.059,4.3134,0.6875,3.782,92.6,92.6,85.74,90.31333333,98.613,246.6091245,9.864364982,4260.473902,0.11352182,0.0692,0.0669,11305,0.773612878676755,0.573018640613378
20,"CESAR",20295,"GAMARRA",2018,14965,0.957342084,0.042657916,12190,0.814567324,0.705292,70.5292,25.7246,2.8869,0,8.741,68.93,68.93,68.93,68.93,89.7351,0,11.36363636,325.917269,0.021778635,0.0252,0.0249,24423,0.348345613748832,0.2988783696492
20,"CESAR",20310,"GONZALEZ",2018,4391,0.973455598,0.026544402,4144,0.943748577,0.885142,88.5142,31.7073,5.5127,1.6538,9.8126,40.34,40.34,36.73,39.13666667,90.8322,0,0,52.817458,0.012028572,0,0,19491,0.315927904520174,0.274542047603179
20,"CESAR",20383,"LA GLORIA",2018,17152,0.912410949,0.087589051,13335,0.777460354,0.863158,86.3158,29.0769,4.1017,0.5196,8.5316,73.66,49.85,93.93,72.48,94.5455,0,9.852216749,1173.649665,0.068426403,0.0415,0.0407,25765,0.343204661141777,0.295058296952196
20,"CESAR",20400,"LA JAGUA DE IBIRICO",2018,46711,0.63475002,0.36524998,38423,0.82256856,0.838633,83.7974,30.4643,2.8507,1.8663,3.2096,55.42,55.42,53.01,54.61666667,95.1891,0,18.42105263,27115.27385,0.580490117,10491,0.7174,32570,0.605722790375699,0.469633502612206
20,"CESAR",20443,"MANAURE BALCON DEL CESAR",2018,10052,0.944903856,0.055096144,10037,0.99850776,1.054379,105.4379,57.9075,6.0463,2.7868,10.7893,99.46,78.63,99.46,92.51666667,37.2596,0,5.376344086,153.90045,0.015310431,0.018,0.0178,44523,0.391515272199312,0.330393277273427
20,"CESAR",20517,"PAILITAS",2018,18559,0.950442968,0.049557032,21672,1,0.878707,87.8486,35.7143,4.3838,1.127,4.1333,68.21,68.21,59.16,65.19333333,73.8281,0,10.66666667,572.889665,0.030868563,0.6138,0.4786,10541,0.392785874324994,0.331305967494073
20,"CESAR",20550,"PELAYA",2018,20688,0.912698021,0.087301979,20263,0.97945669,0.910996,91.0996,37.5598,4.7987,0.3755,8.5541,63.26,63.26,99.96,75.49333333,89.7484,0,5.076142132,192.374295,0.009298835,0.0722,0.0697,52403,0.316821197305033,0.27522064839998
20,"CESAR",20570,"PUEBLO BELLO",2018,27015,0.986356553,0.013643447,34009,1,0.711767,71.1767,20,6.7222,0.4241,9.3608,53.74,41.57,48.42,47.91,18.0404,199.6007984,23.95209581,270.683135,0.010019735,0.0963,0.092,38915,0.463635439271593,0.372118464772281
20,"CESAR",20614,"RIO DE ORO",2018,16837,0.975474829,0.024525171,10846,0.644176516,0.914187,91.4187,40.9556,4.8052,2.2854,4.9224,54.94,82.89,92.77,76.86666667,98.4104,0,14.49275362,764.2578909,0.045391572,0.0166,0.0165,9705,0.423860620124771,0.353371929073447
20,"CESAR",20621,"LA PAZ  ROBLES",2018,27748,0.962017952,0.037982048,24064,0.867233674,0.967197,96.6329,38.8989,0,0,0,52.72,52.72,52.79,52.74333333,73.8699,0,21.65354331,2086.297543,0.075187312,0.7311,0.5487,42676,0.592716520237986,0.456366289700884
20,"CESAR",20710,"SAN ALBERTO",2018,26251,0.525978694,0.474021306,30602,1,0.828166,82.8166,30.1455,4.8371,3.2181,8.9346,100,100,100,100,94.2997,0,13.76146789,2919.90071,0.111230075,34422,14912,348444,0.335980208774181,0.289665261212948
20,"CESAR",20750,"SAN DIEGO",2018,19038,0.96209555,0.03790445,17122,0.899359176,0.934812,93.1707,35.3107,4.8012,1.4545,8.6809,56.37,38.54,32.26,42.39,83.8847,0,12.34567901,234.576107,0.012321468,2475,12456,43471,0.298809373735049,0.261447978447988
20,"CESAR",20770,"SAN MARTIN",2018,26668,0.716762478,0.283237522,21918,0.821883906,0.796431,79.5641,24.7148,0,0,0,60.52,60.52,60.52,60.52,88.1478,0,7.731958763,6184.718633,0.231915353,0.0349,0.0344,18062,2.13653343969149,1.1431181899649
20,"CESAR",20787,"TAMALAMEQUE",2018,15349,0.95359734,0.04640266,13232,0.862075705,0.986233,98.6233,41.4944,2.2594,0.4,3.2008,75.82,66.44,75.16,72.47333333,97.7756,0,4,177.183487,0.01154365,0.0579,0.0563,12028,0.356213281879935,0.304696464671894
23,"CORDOBA",23001,"MONTERIA",2018,490941,0.676464507,0.323525831,517461,1,0.984637,98.2627,46.9306,2.5369,3.412,11.3609,85.76,45.04,82.75,71.18333333,95.5879,24.38132391,21.08984518,37648.27947,0.076685955,0.041,0.0402,10813,0.902030894829877,0.642922207329803
23,"CORDOBA",23068,"AYAPEL",2018,46968,0.938893835,0.061106165,43809,0.932741441,0.927294,92.7294,31.9474,1.8998,3.2408,1.1003,34.66,40.85,56.8,44.10333333,80.8804,146.8428781,16.15271659,640.250093,0.013631624,0.0039,0.0039,5328,0.255992328691758,0.227925960297863
23,"CORDOBA",23079,"BUENAVISTA",2018,21087,0.907003995,0.092996005,18775,0.890358989,0.942315,94.2315,41.9664,0,0,0,56.94,44.06,55.89,52.29666667,97.8371,0,25.27075812,356.3910927,0.016900986,0.9228,0.6538,126198,0.273997357109333,0.24215948266535
23,"CORDOBA",23090,"CANALETE",2018,15346,0.961878903,0.038121097,18415,1,1.172536,117.2536,46.8543,2.317,3.7895,0.2165,94.95,80.81,74.86,83.54,97.5844,0,4.201680672,140.1547176,0.00913298,0.0863,0.0828,39887,0.259253442477718,0.230519039392293
23,"CORDOBA",23162,"CERETE",2018,105826,0.759591151,0.240378845,99988,0.944833973,0.955211,95.3876,47.3424,1.6672,1.9568,0.136,49.21,30.49,42.94,40.88,97.8853,74.46016381,17.87043931,1973.789754,0.018651274,0.0699,0.0676,14596,1.98522036841316,1.09367356938366
23,"CORDOBA",23168,"CHIMA",2018,17539,0.968845832,0.031154168,14348,0.818062603,0.783514,78.3514,46.9492,0,0,0,70.62,24.9,72.2,55.90666667,94.3636,0,0,25.385266,0.001447361,0.1062,0.1009,37158,0.319994375209598,0.277627475384351
23,"CORDOBA",23182,"CHINU",2018,47920,0.937668222,0.062331778,44584,0.930383973,1.048829,104.8496,52.6316,1.5515,3.368,0.9139,68.89,62.41,60.39,63.89666667,97.2587,0,19.46902655,1244.295576,0.025966101,0.0595,0.0578,9756,0.529809298827526,0.425143086346774
23,"CORDOBA",23189,"CIENAGA DE ORO",2018,59080,0.916962481,0.083020534,58877,0.996563981,1.011401,101.1318,46.907,1.2705,2.3341,0.8419,56.24,88.06,43.65,62.65,96.1192,136.425648,8.185538881,730.400369,0.012362904,0.6421,0.496,38572,0.496777624776627,0.403314547159855
23,"CORDOBA",23300,"COTORRA",2018,19028,0.960558607,0.039441393,17114,0.899411394,0.807734,80.7734,32.0814,4.4648,3.5463,0.3976,84.41,0,47.41,43.94,98.5879,0,17.09401709,181.184153,0.009521976,0.0014,0.0014,29010,0.450447998798073,0.369568368163295
23,"CORDOBA",23350,"LA APARTADA",2018,14864,0.949523363,0.050476637,12798,0.861006459,0.872076,87.2076,37.7163,2.5086,0.2195,0.3763,80.47,30.94,80.34,63.91666667,97.1168,0,17.96407186,136.543418,0.009186183,14082,0.8789,39282,0.314815105158024,0.272789245538234
23,"CORDOBA",23417,"LORICA",2018,113908,0.881168852,0.118822972,122308,1,1.04065,104.0393,59.8256,3.1267,3.6886,6.2799,55.61,44.47,60.92,53.66666667,99.1867,110.4972376,13.25966851,2359.96371,0.020718156,0.1257,0.1184,27100,0.554128836400816,0.44091515481575
23,"CORDOBA",23419,"LOS CORDOBAS",2018,18724,0.981046825,0.018953175,17042,0.910168767,0.931891,92.9385,30.6011,1.239,0.2478,0.6758,30.76,26.59,30.76,29.37,99.3764,0,0,100.88963,0.005388252,23696,12148,23298,0.328572260546441,0.284104877321452
23,"CORDOBA",23464,"MOMIL",2018,19589,0.952775374,0.047224626,16178,0.825871663,0.790323,79.0078,38.9972,1.1631,3.978,0.6428,89.84,42.06,75.58,69.16,95.4685,0,4.329004329,139.606302,0.00712677,0.8007,0.5882,132237,0.487857776993385,0.397337351865279
23,"CORDOBA",23466,"MONTELIBANO",2018,81628,0.76762162,0.232343457,85903,1,0.977595,97.3719,39.5661,1.9432,2.7114,0.5178,70.06,53.54,76.91,66.83666667,85.0186,225.7336343,15.8013544,4022.491059,0.049278324,0.1711,0.1579,22144,0.400810805475173,0.337051215748427
23,"CORDOBA",23500,"MONITOS",2018,29843,0.962169465,0.037830535,25905,0.868042757,0.858889,85.8889,40.3509,2.4093,1.2928,0.0294,95.11,20.77,42.23,52.70333333,97.0357,257.7319588,7.731958763,153.7353725,0.005151472,0.3682,0.3135,26931,0.405756995978148,0.334974723023406
23,"CORDOBA",23555,"PLANETA RICA",2018,64212,0.819287137,0.180699217,73282,1,1.049173,104.889,53.6104,2.1527,3.7482,1.3106,79.99,68.49,85.42,77.96666667,94.2669,0,13.56589147,1382.920643,0.021536794,0.4933,0.401,47690,0.391384798626048,0.330299509211305
23,"CORDOBA",23570,"PUEBLO NUEVO",2018,35650,0.933861424,0.066138576,31434,0.88173913,0.817184,81.7184,33.3583,1.8939,4.1801,0.8558,40.74,23.12,61.02,41.62666667,96.6161,0,4.474272931,1163.043233,0.032623934,0.0629,0.061,37732,0.296450191901963,0.259629907905715
23,"CORDOBA",23574,"PUERTO ESCONDIDO",2018,23635,0.970122188,0.029877812,23161,0.979944997,0.945445,94.5445,34.8712,3.1464,1.1457,1.1286,42.32,0,40.98,27.76666667,97.294,0,11.79941003,201.6694969,0.008532663,0.3317,0.2865,32424,0.25738515555548,0.229034291231063
23,"CORDOBA",23580,"PUERTO LIBERTADOR",2018,41875,0.935823354,0.064176646,40669,0.9712,0.92252,92.252,26.1593,2.9257,0.3402,0.1944,36.29,18.15,36.92,30.45333333,85.9079,314.9606299,20.47244094,3355.947841,0.080142038,0.3489,0.2993,67850,0.229452088070744,0.206568613285895
23,"CORDOBA",23586,"PURISIMA",2018,17190,0.95198833,0.04801167,15767,0.917219314,0.929223,92.8947,47.8333,1.2807,2.2616,3.7602,58.55,29.07,43.6,43.74,96.6258,0,4.504504505,40,0.002326934,0.2425,0.2172,44811,0.947681197533914,0.666639535530432
23,"CORDOBA",23660,"SAHAGUN",2018,107621,0.87530049,0.12469951,101917,0.946999192,0.947998,94.7906,46.987,2.1021,4.6862,4.5685,39.83,39.82,36.89,38.84666667,97.3831,0,10.95140315,4679.757735,0.043483686,0.2295,0.2066,34776,0.629700476786604,0.488396241360728
23,"CORDOBA",23670,"SAN ANDRES DE SOTAVENTO",2018,48613,0.966295714,0.033704286,47086,0.968588649,0.850199,85.0026,48.1163,2.135,1.8509,1.8118,32.45,32.11,32.36,32.30666667,82.483,0,5.899705015,270.7093548,0.005568662,0.8005,0.5881,45704,1.00656886779987,0.696426232488127
23,"CORDOBA",23672,"SAN ANTERO",2018,33874,0.928014112,0.071985888,29478,0.870224951,0.875795,87.553,38.0677,1.6741,1.8312,1.9602,80.37,41.76,68.19,63.44,90.8632,0,11.92842942,1173.845748,0.034653296,0.2841,0.2501,16058,0.961475503054495,0.673696997705718
23,"CORDOBA",23675,"SAN BERNARDO DEL VIENTO",2018,36999,0.954495296,0.045475665,34436,0.930727858,0.838349,83.8349,36.4493,0.9809,1.5527,0.218,35.55,0,2.33,12.62666667,98.6252,0,8.146639511,348.215786,0.009411492,0.2824,0.2487,4928,0.64045377847782,0.483195625181625
23,"CORDOBA",23678,"SAN CARLOS",2018,26959,0.965641075,0.034358925,20606,0.764345859,0.924748,92.4748,40.625,0,0,0,28.39,21.86,21.86,24.03666667,95.0683,0,22.22222222,305.96191,0.011349156,0.2031,0.1849,19514,0.438270822011674,0.36344157398077
23,"CORDOBA",23682,"SAN JOSE DE URE",2018,13344,0.976205624,0.023794376,7859,0.588953837,0.818705,81.8705,21.8371,4.9923,0.1232,0,60.05,0,61.53,40.52666667,81.4409,0,16.52892562,130.64596,0.009790615,13225,0.8426,58996,0.248504361744779,0.220127296948556
23,"CORDOBA",23686,"SAN PELAYO",2018,51852,0.939302507,0.060672349,39771,0.767009951,0.795201,79.4994,42.6366,2.709,3.5544,1.7406,63.4528571428571,33.28,55.8357142857143,50.8561904771429,96.5548,0,6.711409396,207.613365,0.004003961,0.3084,0.2688,32751,0.477220784783804,0.390162474289786
23,"CORDOBA",23807,"TIERRALTA",2018,92339,0.938394318,0.061605682,105737,1,1.018494,101.8452,34.6448,2.4363,2.3999,1.8033,86.16,30.85,57.13,58.04666667,72.0186,163.132137,20.66340402,1045.128902,0.011318391,0.6767,0.5168,11548,0.22526929847951,0.203160655329887
23,"CORDOBA",23815,"TUCHIN",2018,52619,0.986595571,0.013404429,40509,0.769854995,0.676298,67.6298,30.2172,0.7957,3.0662,2.7268,19.56,28.33,38.77,28.88666667,85.1129,145.9854015,14.59854015,202.686502,0.003851964,0.2253,0.2032,21068,1.42345767446667,0.712266155495044
23,"CORDOBA",23855,"VALENCIA",2018,35681,0.944838057,0.055105713,35568,0.996833048,1.029642,102.9642,46.2845,2.3566,2.9374,0.2045,58.53,58.53,58.37,58.47666667,81.6607,186.5671642,14.92537313,396.881801,0.011123057,0.2234,0.2017,24204,0.28411053433077,0.25006628748998
25,"CUNDINAMARCA",25001,"AGUA DE DIOS",2018,11687,0.566540549,0.433459451,12158,1,0.966336,96.3576,45.1327,2.7929,4.1553,2.5204,100,100,100,100,98.665,0,0,449.061495,0.038424018,0.1611,0.1494,33724,0.87385284369411,0.627996655489691
25,"CUNDINAMARCA",25019,"ALBAN",2018,6389,0.844015882,0.155984118,3526,0.551886054,0.820175,82.0175,29.9065,2.35135,1.33245,0.0333,77.14,15.24,34.39,42.25666667,99.1875,0,20.40816327,378.9933541,0.059319667,0.1939,0.1772,19390,0.876847513147965,0.629593514638809
25,"CUNDINAMARCA",25035,"ANAPOIMA",2018,14520,0.684378939,0.315621061,10313,0.710261708,0.99273,99.2326,46.8822,4.2277,4.5207,0.293,78.55,38.94,43.14,53.54333333,99.1006,0,12.65822785,2041.624931,0.140607778,0.2199,0.1987,31199,1.10599666885395,0.744788831969769
25,"CUNDINAMARCA",25040,"ANOLAIMA",2018,13738,0.794682691,0.205317309,10983,0.799461348,1.019983,101.7902,56.974,2.8217,2.7362,1.1116,79.74,32.75,34.65,49.04666667,97.7091,0,0,209.639624,0.015259836,0.3437,0.2954,23324,0.715213519058496,0.539537573777053
25,"CUNDINAMARCA",25053,"ARBELAEZ",2018,10863,0.803863135,0.196136865,9060,0.83402375,1.000537,100.0537,46.6472,2.9487,5.8973,1.4235,97.04,64.3,65.21,75.51666667,99.301,1000,10,190.529732,0.017539329,0.3598,0.3073,33351,0.46551177542827,0.382204516229173
25,"CUNDINAMARCA",25086,"BELTRAN",2018,1780,0.916390179,0.083609821,1507,0.846629213,1.215569,121.5569,50.8197,3.0588,2.5882,0,50.71,49.88,49.96,50.18333333,89.5792,0,0,420.388689,0.236173421,0.2219,0.2004,16871,0.356468712332904,0.304884787854832
25,"CUNDINAMARCA",25095,"BITUIMA",2018,2434,0.930665163,0.069334837,1774,0.728841413,0.937984,93.7984,37.8788,2.7569,3.0075,0,25.49,19.22,19.61,21.44,97.351,0,0,55.59351,0.02284039,0.8066,0.5914,601259,0.488702121195915,0.397904680764449
25,"CUNDINAMARCA",25099,"BOJACA",2018,9970,0.370237239,0.629762761,6955,0.697592778,0.943041,94.3041,36.6492,2.2032,5.1408,0.612,68.22,56.7,59.43,61.45,99.3921,0,0,1319.002331,0.132297124,0.0148,0.0147,15963,1.26962479248391,0.819614528176807
25,"CUNDINAMARCA",25120,"CABRERA",2018,4715,0.953678474,0.046321526,4404,0.934040297,0.87106,87.106,39.2857,0,0,0,12.06,12.06,12.06,12.06,98.2648,0,0,48.35895601,0.010256406,0,0,28940,0.228087140809162,0.205457788778276
25,"CUNDINAMARCA",25123,"CACHIPAY",2018,9930,0.824388912,0.175611088,7323,0.737462236,0.80554,80.4385,31.7881,2.4525,0.712,1.1867,99.96,0.3,0.3,33.52,99.0605,0,18.51851852,177.448061,0.017869895,0.011,0.0109,6409,0.610370408152347,0.476464219710349
25,"CUNDINAMARCA",25126,"CAJICA",2018,87218,0.212121212,0.787878788,56991,0.653431631,0.895582,88.5697,41.7916,2.444,2.9754,5.4198,100,97.05,99.25,98.76666667,99.605,0,10.92896175,27072.95984,0.310405648,0,0,12471,9.64434106327705,2.3650283953752
25,"CUNDINAMARCA",25148,"CAPARRAPI",2018,12499,0.964868579,0.035131421,11642,0.931434515,0.900136,90.0136,42.9293,3.9729,2.6163,2.6163,17.76,8.63,10.12,12.17,96.6512,0,0,1427.48612,0.114208026,0.0222,0.0219,10756,0.322388332052722,0.279439444174138
25,"CUNDINAMARCA",25151,"CAQUEZA",2018,17078,0.72424072,0.27575928,17780,1,0.947222,94.7222,51.1797,1.3311,0.7987,0.6656,54.04,36.72,36.72,42.49333333,90.4928,0,17.69911504,3533.017911,0.20687539,1e-04,1e-04,34197,0.767886061641065,0.569784517365645
25,"CUNDINAMARCA",25154,"CARMEN DE CARUPA",2018,7555,0.87565337,0.12434663,7270,0.962276638,0.870334,87.0334,47.0149,1.3373,0.8915,4.3834,97.64,19.17,17.64,44.81666667,97.544,0,13.69863014,118.067953,0.01562779,18676.7715125,4605.727425,42232,0.302733366798494,0.264464646964016
25,"CUNDINAMARCA",25168,"CHAGUANI",2018,4169,0.946219551,0.053780449,3161,0.758215399,0.688761,68.8761,37.3984,1.0081,0.6048,0,41.78,26.03,26.03,31.28,98.4881,0,0,322.498347,0.077356284,0,0,13019,0.267624604268906,0.237144758766881
25,"CUNDINAMARCA",25175,"CHIA",2018,136742,0.121911318,0.878088682,135090,0.987918854,1.187772,117.5913,65.0747,4.8142,0.8746,8.7249,100,88.78,98.11,95.63,99.573,124.0694789,5.583126551,42185.64892,0.308505426,0.0078,0.0078,6486,10.7919416557255,2.46741638765026
25,"CUNDINAMARCA",25178,"CHIPAQUE",2018,9409,0.85706921,0.14293079,7759,0.824635987,0.849973,84.9973,43.131,2.0694,8.8253,10.8947,80.87,30.12,29.94,46.97666667,97.7692,0,0,1841.62162,0.195729793,4e-04,4e-04,21234,0.898942296324649,0.641297045020212
25,"CUNDINAMARCA",25181,"CHOACHI",2018,10933,0.818987203,0.181012797,9143,0.836275496,1.080442,108.0442,71.1957,1.9635,2.4658,0,14.88,14.85,15.04,14.92333333,97.274,0,0,527.9444295,0.048289072,0.0158,0.0157,5986,0.737836683874751,0.552641054576824
25,"CUNDINAMARCA",25183,"CHOCONTA",2018,20545,0.595440322,0.404559678,20133,0.979946459,0.892673,89.2673,41.5167,1.6273,0,0.4068,84.14,22.73,23.18,43.35,97.2076,0,5.509641873,966.3008861,0.047033385,0.0192,0.0191,12664,0.605029413172507,0.473142082378239
25,"CUNDINAMARCA",25200,"COGUA",2018,21974,0.447364424,0.552635576,13166,0.599162647,0.929384,92.9147,47.0509,2.2333,2.6055,4.5906,89.6,34.85,32.92,52.45666667,99.4139,423.7288136,8.474576271,5566.018184,0.253300181,0.0375,0.0368,8622,2.82904940923688,1.34261657636512
25,"CUNDINAMARCA",25214,"COTA",2018,34864,0.301719357,0.698280643,19833,0.5688676,2.01819,199.9842,100.3404,1.8975,1.5646,4.9601,78.93,54.54,80.07,71.18,99.6711,0,5.420054201,77065.88779,2.21047177,2e-04,2e-04,26236,9.23164686452203,2.32548555083128
25,"CUNDINAMARCA",25224,"CUCUNUBA",2018,7560,0.427235087,0.572764913,6521,0.862566138,0.904908,90.4908,48.7903,1.9711,2.6921,0,73.24,14.64,14.74,34.20666667,98.348,0,0,570.72687,0.075492972,0.0091,0.0091,35215,1.15762822777759,0.769009575709966
25,"CUNDINAMARCA",25245,"EL COLEGIO",2018,23833,0.712002491,0.287997509,19271,0.808584735,1.017773,101.7033,48.1944,4.1401,1.4205,0.1225,53.71,35.93,35.97,41.87,98.6465,0,17.54385965,1525.518265,0.064008655,0.0033,0.0032,8260,1.42476209428716,0.885733414128197
25,"CUNDINAMARCA",25258,"EL PEÑOL",2018,4635,0.876295947,0.123704053,4244,0.915641855,0.813793,81.3793,48.951,0,0,0,5.85,5.85,5.85,5.85,91.4787,0,0,77.729593,0.016770139,0,0,10316,0.326058652037431,0.281456979961245
25,"CUNDINAMARCA",25260,"EL ROSAL",2018,22208,0.277972472,0.722027528,19689,0.886572406,0.93742,93.6994,44.6154,2.9432,3.3587,0,90.64,80.67,90.64,87.31666667,99.6908,0,7.481296758,1921.649113,0.086529589,0,0,11179,2.7545837031851,1.19957157273923
25,"CUNDINAMARCA",25269,"FACATATIVA",2018,140539,0.23374287,0.766242504,136740,0.972968358,0.937036,93.4939,47.1778,2.6455,0.7486,7.4243,94.44,88.56,89.08,90.69333333,99.316,101.061142,10.1061142,23957.47499,0.170468518,0,0,17004,3.89203524965479,1.58760842337026
25,"CUNDINAMARCA",25279,"FOMEQUE",2018,11952,0.78143546,0.21856454,10784,0.90227577,0.892857,89.2857,51.5873,2.6859,3.5971,0.2878,75.58,21.99,21.27,39.61333333,93.8298,0,14.59854015,692.163791,0.057911964,0.0022,0.0022,11112,0.329999057730813,0.285178233760338
25,"CUNDINAMARCA",25281,"FOSCA",2018,5755,0.917458125,0.082541875,5791,1,0.949316,94.9316,41.2844,2.771,5.216,3.3415,32.35,21.53,24.21,26.03,95.4955,0,0,50.01817582,0.008691256,0,0,9825,0.31116740237551,0.270917887228981
25,"CUNDINAMARCA",25286,"FUNZA",2018,93357,0.196073229,0.803926771,75380,0.807438114,1.079122,107.6619,62.1509,3.2305,0.8102,2.815,94.82,93.78,94.66,94.42,99.3492,0,5.454545455,70560.0926,0.755809341,0.0056,0.0056,18555,14.9807432422043,2.77138445003278
25,"CUNDINAMARCA",25288,"FUQUENE",2018,4841,0.818350079,0.181649921,3782,0.781243545,1.503867,150.3867,86.5385,1.5214,2.4205,6.4315,95.64,12.08,11.32,39.68,98.1847,0,0,533.0722047,0.110116134,0.0616,0.0598,140076,0.546141422370919,0.43576242228872
25,"CUNDINAMARCA",25290,"FUSAGASUGA",2018,138503,0.434809335,0.565168712,136653,0.986642889,1.011281,101.0558,52.3132,4.4677,0.3292,7.2306,88.37,79.38,79.82,82.52333333,98.9204,0,8.227848101,9438.913457,0.068149524,0,0,5747,2.13346640819591,1.14213987040682
25,"CUNDINAMARCA",25293,"GACHALA",2018,4436,0.906460296,0.093539704,4458,1,1.002564,100.2564,65.2778,0.8413,2.0408,0.1202,34.25,34.25,35.37,34.62333333,98.783,0,32.25806452,552.723825,0.1245996,0.003,0.003,8434,0.227760615846783,0.205191872486505
25,"CUNDINAMARCA",25295,"GACHANCIPA",2018,17062,0.27646856,0.72353144,8699,0.509846442,0.807403,80.1619,22.9097,3.9449,1.1882,0.0951,58.61,49.05,52.75,53.47,99.5847,0,25.51020408,2895.606088,0.169710825,0.0033,0.0033,30082,6.39635711910994,2.00098759779859
25,"CUNDINAMARCA",25297,"GACHETA",2018,8401,0.745712073,0.254287927,9037,1,1.029126,102.9126,53.668,0.9895,4.2027,6.8646,58.45,36.4,36.4,43.75,97.8596,0,21.05263158,170.689207,0.020317725,0.0013,0.0013,5164,0.322756049741627,0.279717476400889
25,"CUNDINAMARCA",25299,"GAMA",2018,3086,0.927163381,0.072836619,2993,0.969863901,0.877966,87.7966,60.5769,2.7675,4.6125,0,7.87,7.87,7.87,7.87,97.9757,0,0,193.508096,0.062705151,0,0,3325,0.236389501520496,0.212195440072269
25,"CUNDINAMARCA",25307,"GIRARDOT",2018,101024,0.358175502,0.641817027,133845,1,1.030958,102.941,51.6899,4.2136,2.827,9.8046,66.92,62.77,63.76,64.48333333,98.7581,0,10.92498179,11653.51481,0.115353924,0.0257,0.0254,19134,5.42056513945044,1.85950614177942
25,"CUNDINAMARCA",25312,"GRANADA",2018,7132,0.899750934,0.100249066,4818,0.675546831,0.97006,97.006,47.4903,0,0,2.13828333333333,42.72,17.94,34.43,31.69666667,99.6532,0,31.74603175,768.907354,0.107810902,0.0061,0.0061,12703,1.70961842031201,0.900520938237551
25,"CUNDINAMARCA",25317,"GUACHETA",2018,13246,0.394620603,0.605379397,12678,0.95711913,0.917321,91.7321,38.5965,2.8155,1.8996,0.0678,86.22,36.55,35.84,52.87,98.7066,0,11.83431953,708.9897454,0.053524818,0.0376,0.0369,7202,1.08073002293096,0.732718804699723
25,"CUNDINAMARCA",25320,"GUADUAS",2018,30521,0.730414648,0.269585352,23321,0.764096851,1.007404,100.677,52.4551,2.1553,5.6807,0.4409,41.37,41.37,41.37,41.37,98.3971,0,15.68627451,3635.03947,0.119099619,0.0703,0.068,49883,0.517390487549631,0.416992074988013
25,"CUNDINAMARCA",25322,"GUASCA",2018,15304,0.302587753,0.697412247,11709,0.765094093,1.013717,101.2003,53.5714,2.1891,1.8718,6.4721,78.23,49.39,80.18,69.26666667,98.487,0,0,1295.978228,0.08468232,0.1038,0.0988,22295,0.754361033414031,0.562104707098562
25,"CUNDINAMARCA",25324,"GUATAQUI",2018,2849,0.928970917,0.071029083,1788,0.627588628,0.831557,83.1557,37.5,2.5346,1.1521,0,92.47,69.39,69.39,77.08333333,99.1957,0,0,629.92152,0.221102675,0.0756,0.0729,16420,0.376773952015958,0.319743046514809
25,"CUNDINAMARCA",25326,"GUATAVITA",2018,6305,0.5960646,0.4039354,5387,0.854401269,0.91908,91.908,51.2195,1.2624,2.2543,0,39.18,14.48,19.39,24.35,97.2116,0,0,327.9855754,0.052019917,23511,12093,119389,0.943282527564217,0.664378567732069
25,"CUNDINAMARCA",25328,"GUAYABAL DE SIQUIMA",2018,4422,0.922407542,0.077592458,2758,0.623699683,0.918605,91.8605,55.9701,3.0504,2.6525,0,44.28,12.06,13.96,23.43333333,98.2691,0,0,64.457418,0.014576531,0.1836,0.1685,19407,0.374531471028663,0.318112924707836
25,"CUNDINAMARCA",25335,"GUAYABETAL",2018,6199,0.899342553,0.100657447,4411,0.711566382,0.992278,99.2278,44,1.1278,0,0.2256,86.14,16.73,58.32,53.73,92.5176,0,0,3947.454901,0.636788982,0.6186,0.4815,52071,0.366425921194219,0.312198514301256
25,"CUNDINAMARCA",25339,"GUTIERREZ",2018,3380,0.951099442,0.048900558,3047,0.90147929,0.880747,88.0747,37.7049,3.6474,0.152,0,75.12,25.09,23.34,41.18333333,99.0805,0,25,42.429075,0.012552981,0.6165,0.4803,62594,0.237477101699176,0.21307471161208
25,"CUNDINAMARCA",25368,"JERUSALEN",2018,2287,0.918774967,0.081225033,2253,0.985133362,1.069149,106.9149,50.8197,0.4706,0,0.2353,52.66,24.82,27.24,34.90666667,98.576,0,0,91.53093159,0.04002227,0.5912,0.4645,21334,0.279763852081023,0.246675570349348
25,"CUNDINAMARCA",25372,"JUNIN",2018,5755,0.930265487,0.069734513,5650,0.981754996,0.908624,90.8624,52.1739,1.4799,0.2114,0,34.74,17.35,17.35,23.14666667,98.9993,0,0,96.378375,0.016746894,0.2092,0.19,16297,0.254027068274861,0.226360027523905
25,"CUNDINAMARCA",25377,"LA CALERA",2018,32815,0.349125746,0.650874254,19102,0.582111839,1.517566,148.0275,68.0556,2.2932,6.6935,4.3694,86.51,29.25,35.48,50.41333333,99.3258,337.8378378,0,5357.227197,0.163255438,0.3946,0.3326,120346,2.66442406488937,1.29867117834873
25,"CUNDINAMARCA",25386,"LA MESA",2018,32707,0.509253311,0.490746689,32691,0.999510808,0.978648,97.8277,56.7338,3.3403,1.9017,0.1856,48.5,29.38,34.01,37.29666667,99.1371,0,8.571428571,1668.291487,0.051007169,0.1643,0.1521,19217,1.65546659080255,0.976620379668636
25,"CUNDINAMARCA",25394,"LA PALMA",2018,9458,0.884474124,0.115525876,8985,0.949989427,0.914977,91.4977,65.6716,1.9555,2.2252,0,36.88,22.98,22.98,27.61333333,95.3345,0,15.87301587,196.5730084,0.020783782,0.6338,0.4909,22186,0.331881563115026,0.286592651584573
25,"CUNDINAMARCA",25398,"LA PEÑA",2018,5863,0.965405405,0.034594595,5550,0.946614361,0.904412,90.4412,60.9195,0.5488,0.8782,3.2931,18.02,8.98,9.74,12.24666667,97.0311,0,22.72727273,120.236127,0.020507612,0.214,0.1939,32846,0.355480746285667,0.303707593277252
25,"CUNDINAMARCA",25402,"LA VEGA",2018,16916,0.603845094,0.396154906,14512,0.857886025,0.952567,95.2567,50.3759,3.162,1.39795,5.79035,51.82,35.27,35.77,40.95333333,97.256,0,0,1038.306191,0.061380125,0.2475,0.2212,87467,0.63696470437471,0.492843736992661
25,"CUNDINAMARCA",25407,"LENGUAZAQUE",2018,10011,0.64411115,0.35588885,8601,0.85915493,0.882136,88.2136,35.2071,1.0703,1.7329,3.5678,100,44.27,46.62,63.63,96.744,0,13.79310345,183.297713,0.018309631,0.8763,0.6293,563597,0.647693392828542,0.499376366137263
25,"CUNDINAMARCA",25426,"MACHETA",2018,6086,0.89547355,0.10452645,5501,0.903877752,1.029412,102.8431,53.3679,0.3697,1.2939,10.7209,98.98,21.8,21.8,47.52666667,94.9543,0,0,477.817588,0.078510941,0.2794,0.2464,66459,0.296589668438793,0.259737485532344
25,"CUNDINAMARCA",25430,"MADRID",2018,113204,0.183084112,0.816915888,85600,0.756157026,0.858499,85.5105,41.0351,3.8164,3.8443,0.4146,92.89,91.21,99.47,94.52333333,99.7269,64.26735219,8.354755784,21907.51646,0.193522459,0.1686,0.1558,37976,5.01895557972756,1.79491375252969
25,"CUNDINAMARCA",25436,"MANTA",2018,3707,0.94644506,0.05355494,3249,0.87644996,0.986742,98.6742,63.6364,0.5367,1.2522,8.5868,22.21,4.39,4.13,10.24333333,93.9625,0,0,80.8769,0.021817346,0.1248,0.1176,24650,0.259315823083561,0.230568575934097
25,"CUNDINAMARCA",25438,"MEDINA",2018,8011,0.885016983,0.114857215,7949,0.992260642,0.938068,93.8068,32.6599,4.5721,0,0.3517,25.51,17.54,17.54,20.19666667,77.6706,0,20.40816327,73.607481,0.009188301,0.0757,0.073,45697,0.290262206265677,0.254845458389997
25,"CUNDINAMARCA",25473,"MOSQUERA",2018,130255,0.257957454,0.742042546,81653,0.62687037,0.998276,99.1823,51.2179,3.1734,6.4735,5.675,98.65,96.55,100,98.4,99.2347,0,9.534492428,43969.64318,0.337565876,0.8281,0.6033,19091,2.95895571742813,1.37598028276923
25,"CUNDINAMARCA",25483,"NARIÑO",2018,2328,0.912231031,0.087768969,1766,0.758591065,0.872679,87.2679,45.8333,0,0,4.55216,18.87,17.72,18.19,18.26,98.1221,0,0,548.30686,0.235527002,0.6426,0.4963,118572,1.48167265793679,0.68920984391692
25,"CUNDINAMARCA",25486,"NEMOCON",2018,13175,0.413469305,0.586530695,9904,0.751726755,0.997195,99.5792,50.74,3.2337,2.0057,0.0819,100,52,48,66.66666667,98.938,0,9.389671362,880.940356,0.066864543,10802,0.7325,52225,1.61080745060331,0.959659541537419
25,"CUNDINAMARCA",25488,"NILO",2018,10828,0.778903611,0.221096389,3849,0.355467307,1.172242,116.9395,50.4545,3.6109,2.2845,0,50.1,34.09,50.43,44.87333333,98.7963,0,32.78688525,2335.867368,0.215724729,0.9981,0.6922,38802,0.862807734949778,0.622084884441803
25,"CUNDINAMARCA",25489,"NIMAIMA",2018,3572,0.937568456,0.062431544,2739,0.766797312,0.950549,95.0549,59.596,1.9964,1.6334,0,49.85,19.89,19.89,29.87666667,97.9543,0,0,80.446382,0.022521384,0.3004,0.2627,40897,0.404708445350921,0.339829769046322
25,"CUNDINAMARCA",25491,"NOCAIMA",2018,6053,0.859214219,0.140785781,4276,0.706426565,0.879007,87.9007,58.0247,2.7867,0,0.1072,17,10.9,15.86,14.58666667,98.3365,0,22.22222222,125.31741,0.020703355,0.4275,0.3559,28745,0.530442311214922,0.425556785922553
25,"CUNDINAMARCA",25506,"VENECIA",2018,4222,0.96752669,0.03247331,4496,1,1.105128,110.5128,53.2847,0,0,0,18.47,13.73,20.07,17.42333333,97.5086,0,28.57142857,69.582575,0.016480951,0.0248,0.0245,15244,0.481290592724121,0.375625350524557
25,"CUNDINAMARCA",25513,"PACHO",2018,24385,0.700582848,0.29937552,24020,0.985031782,1.018559,101.7904,57.6456,4.059,0.4059,4.4862,34.74,34.48,34.48,34.56666667,93.3109,0,3.717472119,1480.804026,0.060726021,0.4359,0.3618,57804,0.354006160826049,0.303067724572826
25,"CUNDINAMARCA",25518,"PAIME",2018,4164,0.956069071,0.043930929,3938,0.945725264,0.843788,84.3788,40.1274,1.9973,1.9973,0,13.77,7.07,12.7,11.18,78.5047,0,0,109.8303627,0.026376168,0.0402,0.0394,100490,0.246562327448805,0.220389624695964
25,"CUNDINAMARCA",25524,"PANDI",2018,4980,0.932646394,0.067353606,3979,0.798995984,0.847514,84.7514,44.2308,1.2746,0,0.1159,96.35,29.06,38.64,54.68333333,98.3809,0,0,83.942836,0.016855991,14125,0.8807,60386,0.538312968938613,0.430686341239352
25,"CUNDINAMARCA",25530,"PARATEBUENO",2018,8317,0.758017493,0.241982507,5145,0.61861248,1.063841,106.3841,44.7284,2.3866,0.2387,1.0979,40.9,22.84,40.71,34.81666667,88.9914,0,20.2020202,940.4665771,0.113077621,0.1073,0.1019,36721,0.262262978049582,0.232906124383241
25,"CUNDINAMARCA",25535,"PASCA",2018,9108,0.935385338,0.064614662,8512,0.934563022,1.129984,112.9984,61.9469,1.7043,1.7043,3.5928,22.86,12.04,14.59,16.49666667,97.2675,0,11.23595506,154.165637,0.016926398,0.6719,0.5139,11820,0.384992429731899,0.325694673726818
25,"CUNDINAMARCA",25572,"PUERTO SALGAR",2018,15453,0.880297886,0.119702114,9131,0.590888501,1.106192,110.4808,58.1349,3.1398,0.8762,0,63.9,63.02,63.54,63.48666667,93.9259,0,6.993006993,2112.708966,0.13671837,14118,0.8804,6911,0.797376208486612,0.586327939527521
25,"CUNDINAMARCA",25580,"PULI",2018,3321,0.955636956,0.044363044,2457,0.739837398,0.733119,73.3119,37.1429,1.3972,7.3852,0.3992,26.55,8.23,13.98,16.25333333,99.035,0,0,79.31170566,0.023881875,13531,0.8557,16635,0.361687559773943,0.308724783301376
25,"CUNDINAMARCA",25592,"QUEBRADANEGRA",2018,4669,0.890462196,0.109537804,3743,0.801670593,0.907672,90.7672,51.1278,1.6598,0.5533,8.852,56.34,19.39,25.24,33.65666667,97.4398,0,0,75.909201,0.016258128,0.4739,0.3879,14581,0.421868439662289,0.35197180928265
25,"CUNDINAMARCA",25594,"QUETAME",2018,5030,0.916782522,0.083217478,5035,1,1.137419,113.7419,105.6497,1.7161,0,0,87.46,78.55,76.4,80.80333333,94.8052,0,28.16901408,944.150634,0.187703903,0.5399,0.4317,8624,0.573123173241124,0.453062925677448
25,"CUNDINAMARCA",25596,"QUIPILE",2018,6242,0.968054859,0.031945141,5979,0.957866069,1.078748,107.8748,60.6742,3.1759,0.1629,1.3844,97.98,23.54,35.81,52.44333333,99.0385,0,21.73913043,104.967849,0.016816381,0.5373,0.43,10753,0.341336258014248,0.293666324555068
25,"CUNDINAMARCA",25599,"APULO",2018,8196,0.746614808,0.253385192,6942,0.846998536,0.765517,76.5517,38.0952,1.5887,3.8835,0,46.75,33.87,41.37,40.66333333,97.3026,0,0,333.274044,0.040663012,0.0793,0.0763,1805,0.63662794572112,0.47636902644792
25,"CUNDINAMARCA",25612,"RICAURTE",2018,12874,0.737040802,0.262959198,6887,0.534954171,0.685764,68.5764,23.1362,2.25665,4.2806,1.9991,100,80.48,81.73,87.40333333,95.9641,0,13.69863014,4307.689433,0.334603809,0.187,0.1714,2476,3.8400670836798,1.57692858089691
25,"CUNDINAMARCA",25645,"S.ANTONIO TEQUENDAMA",2018,11751,0.83403106,0.16596894,7405,0.630159135,0.945795,94.4782,56.1605,3.9121,3.9657,0.1072,30.03,4.27,9.22,14.50666667,98.11,0,0,240.096134,0.020431975,12812,0.8247,10793,1.95859132276325,1.00291743094422
25,"CUNDINAMARCA",25649,"SAN BERNARDO",2018,8473,0.933208656,0.066791344,7486,0.883512333,1.019335,101.9335,56.8345,1.77445,4.1856,0.7449,40.89,17.45,17.75,25.36333333,98.8655,0,0,183.468373,0.021653296,0.0232,0.023,4887,0.23848092290041,0.213885566437776
25,"CUNDINAMARCA",25653,"SAN CAYETANO",2018,4802,0.948019177,0.051980823,3963,0.825281133,0.887097,88.7097,54.3353,0,0,0,7.44,6.4,6.45,6.763333333,92.7007,0,0,95.570562,0.019902241,12094,0.7927,10338,0.208552314498361,0.189423209010865
25,"CUNDINAMARCA",25658,"SAN FRANCISCO",2018,10730,0.767059878,0.232940122,6697,0.624137931,0.88591,88.591,44,0,0,3.06269,35.52,26.12,26.22,29.28666667,97.3712,0,10.30927835,344.656563,0.032120835,164712,28606,118870,0.740725491320281,0.554301975361987
25,"CUNDINAMARCA",25662,"SAN JUAN DE RIO SECO",2018,8180,0.914931894,0.085068106,7782,0.951344743,1.04383,104.383,64.6586,2.2613,0.2513,0.3141,52.84,49.89,49.89,50.87333333,99.1766,0,36.58536585,553.825693,0.067704852,0.0489,0.0478,11509,0.303350081129113,0.264937935217791
25,"CUNDINAMARCA",25718,"SASAIMA",2018,10653,0.70800464,0.29199536,8620,0.809161738,0.982039,98.2039,48.9418,2.4162,3.2544,0.4438,42.39,11.28,15.45,23.04,98.8182,0,11.11111111,482.242335,0.045268219,10473,0.7165,18061,0.751866011200631,0.560681511964427
25,"CUNDINAMARCA",25736,"SESQUILE",2018,11380,0.393927894,0.606072106,7905,0.694639719,0.994291,98.8581,45.3431,1.5707,1.9505,0.2856,90.58,44.91,45.65,60.38,98.4086,840.3361345,16.80672269,2606.01615,0.228999662,0.0946,0.0904,7764,1.26843274517139,0.819089172413884
25,"CUNDINAMARCA",25740,"SIBATE",2018,35219,0.564292543,0.435707457,25104,0.71279707,1.034728,103.2676,47.9058,2.3189,8.2495,0.3489,95.01,65.61,47.67,69.43,99.6492,0,14.88833747,9905.196869,0.281245829,0.0384,0.0377,4366,1.33511009052729,0.848059037986855
25,"CUNDINAMARCA",25743,"SILVANIA",2018,21628,0.872364765,0.127635235,18357,0.848760866,0.921079,92.1079,50.5022,3.102,0.2103,0.2103,84.02,49.19,65.35,66.18666667,98.3758,0,14.1509434,614.4379952,0.028409377,171771,29002,169539,0.980199652841651,0.683197674391471
25,"CUNDINAMARCA",25745,"SIMIJACA",2018,12847,0.823988117,0.175888105,8079,0.62886277,0.867945,86.7235,52.2177,1.7153,4.5897,0.0927,67.625,35.26,35.7933333333333,46.2261111116667,98.7039,0,27.97202797,559.5087921,0.043551708,14727,0.9053,10150,0.713137186749733,0.538326301803559
25,"CUNDINAMARCA",25754,"SOACHA",2018,659218,0.309154285,0.690845715,377834,0.573154859,0.88991,88.8649,44.4069,2.1988,1.8518,7.8233,71.75,48.73,70.58,63.68666667,99.4773,36.78724709,8.828939301,45625.05525,0.069210876,0.1984,0.181,11283,4.28490036145592,1.6648537660614
25,"CUNDINAMARCA",25758,"SOPO",2018,27249,0.126700638,0.873299362,20213,0.741788689,1.072966,106.1774,55.9152,1.5193,0,11.1232,99.99,70.77,82.08,84.28,99.6466,0,18.65671642,18262.11064,0.670193792,0.4778,0.3905,21836,4.14444055732035,1.63791662815921
25,"CUNDINAMARCA",25769,"SUBACHOQUE",2018,15657,0.420450514,0.579549486,11276,0.720189053,1.366678,136.389,70.3065,1.4758,1.0286,0.0447,61.35,40.06,42.06,47.82333333,99.7146,0,12.04819277,1125.830149,0.071905866,19772,1091,24963,1.36661849203775,0.861462139694976
25,"CUNDINAMARCA",25772,"SUESCA",2018,16997,0.279670255,0.720329745,14678,0.863564158,0.823059,82.2774,45.0637,3.2955,1.2757,0.1417,100,57.98,44.95,67.64333333,97.891,0,19.13875598,1241.900311,0.073065853,165628,28658,46260,0.966301989343313,0.676154615901986
25,"CUNDINAMARCA",25777,"SUPATA",2018,5167,0.887092354,0.112907646,3649,0.706212502,0.948498,94.8498,51.8072,2.0541,1.0811,2.0541,36.68,15.35,15.06,22.36333333,95.2295,0,0,146.052611,0.028266424,14918,0.913,8234,0.374762245089987,0.318280803505589
25,"CUNDINAMARCA",25779,"SUSA",2018,6435,0.908039439,0.091960561,5274,0.81958042,0.714599,71.4599,45.4545,0.9137,2.7411,0.203,32.23,10.53,10.43,17.73,98.4554,0,0,124.71519,0.01938076,15983,0.9548,26618,0.413302410056392,0.345929100659312
25,"CUNDINAMARCA",25781,"SUTATAUSA",2018,5847,0.456999085,0.543000915,4372,0.747733881,0.886435,88.6435,32.3383,1.3841,0,0,91.21,31.78,34.05,52.34666667,98.7813,0,0,188.112341,0.032172454,0.0319,0.0314,4710,1.35294889566577,0.855669390710291
25,"CUNDINAMARCA",25785,"TABIO",2018,21566,0.311952954,0.688047046,14624,0.678104424,1.013768,101.1984,57.0605,1.207,0,0,80.58,50.32,80.86,70.58666667,99.0658,0,7.194244604,1038.356278,0.048147838,26069,12828,26497,2.43218710320681,1.23319769739111
25,"CUNDINAMARCA",25793,"TAUSA",2018,8005,0.592679651,0.407320349,5956,0.744034978,0.951065,95.1065,61.3718,1.2835,1.867,0,80.8,18.88,17.32,39,98.873,0,20,816.938897,0.102053579,48218,17616,161874,0.529973121504855,0.425250167606145
25,"CUNDINAMARCA",25797,"TENA",2018,9473,0.846153846,0.153846154,5759,0.607938351,0.894893,89.4893,50,2.1573,2.2269,0.2088,26.83,9.93,19.52,18.76,99.3947,0,0,289.651785,0.030576563,0.0557,0.0542,12340,1.10405094527723,0.743864508117126
25,"CUNDINAMARCA",25799,"TENJO",2018,21857,0.257013468,0.742986532,17003,0.777920117,1.709605,170.5853,91.4835,4.3656,2.4898,10.3683,88.89,39.93,87.48,72.1,99.4618,0,3.875968992,16404.07691,0.750518228,0.1791,0.1647,5631,4.22369423304688,1.65320485906794
25,"CUNDINAMARCA",25805,"TIBACUY",2018,4354,0.936323367,0.063676633,3612,0.829581994,1.059045,105.9045,50.3597,3.0892,2.2883,0.2288,50.88,6.39,5.62,20.96333333,96.123,0,0,103.834339,0.023848034,143096,27285,118457,0.530369770071378,0.425509385989704
25,"CUNDINAMARCA",25807,"TIBIRITA",2018,3132,0.958862144,0.041137856,2285,0.729565773,0.893805,89.3805,50.6024,1.4052,0.4684,0,9.77,3.59,4.03,5.796666667,92.9176,0,0,129.64697,0.041394307,0.7267,0.5462,4961,0.335392693683209,0.28922540116952
25,"CUNDINAMARCA",25815,"TOCAIMA",2018,15737,0.802199446,0.197800554,13367,0.849399504,0.841689,84.0935,32.6653,4.6672,0.3889,6.0069,80.82,80.82,80.82,80.82,98.4204,0,13.15789474,667.621592,0.042423689,5202,18249,156943,0.637631359501458,0.493250904852729
25,"CUNDINAMARCA",25817,"TOCANCIPA",2018,39860,0.122987831,0.877012169,39199,0.983416959,0.995829,99.5215,45.7891,1.7776,2.8268,8.4803,100,90.52,95.39,95.30333333,99.6704,0,5.102040816,51996.76412,1.3044848,0.0452,0.0442,4548,8.35338994554825,2.23573883861243
25,"CUNDINAMARCA",25823,"TOPAIPI",2018,4101,0.96135402,0.03864598,3545,0.864423311,0.906117,90.6117,56.3492,1.6151,0.2692,0.1346,14.41,8.74,8.74,10.63,85.4613,0,52.63157895,52.515549,0.012805547,47736,17533,20800,0.2707651343806,0.239619187075724
25,"CUNDINAMARCA",25839,"UBALA",2018,7668,0.914579717,0.085420283,8066,1,1.14753,114.753,63.1179,1.5332,2.8393,0,0.94,0.98,3.77,1.896666667,94.4192,0,0,1190.018247,0.155192781,0.0582,0.0566,8619,0.28257880014883,0.248872738786441
25,"CUNDINAMARCA",25841,"UBAQUE",2018,6681,0.914723404,0.085276596,5875,0.879359377,0.933931,93.3931,49.5327,1.6543,4.9628,6.7825,57.2,13.18,12.44,27.60666667,96.3299,0,22.90076336,211.665782,0.031681752,0.1115,0.1057,3193,0.717098459251266,0.540635924040185
25,"CUNDINAMARCA",25843,"UBATE",2018,42737,0.349949071,0.650029709,47124,1,0.995569,99.3978,51.2354,2.0523,6.5874,0.7287,99,67.86,68.18,78.34666667,98.9115,0,8.875739645,1869.202186,0.043737328,58392,19227,103831,1.30406011049844,0.834672832119377
25,"CUNDINAMARCA",25845,"UNE",2018,6939,0.915518825,0.084481175,6534,0.941634241,0.882576,88.2576,62.8571,1.1354,0.7299,1.0543,24.33,21.43,20.91,22.22333333,98.4702,0,21.73913043,279.193886,0.040235464,19024,10655,7614,0.339885290282086,0.292584006031466
25,"CUNDINAMARCA",25851,"UTICA",2018,4257,0.895546129,0.104453871,3772,0.886070002,0.911111,91.1111,56.5574,0.7962,0,0.1592,46.61,30.35,46.61,41.19,98.1061,0,0,150.080225,0.035254927,14125,0.8807,14716,0.359274324639289,0.306950972516866
25,"CUNDINAMARCA",25862,"VERGARA",2018,6803,0.93489814,0.06510186,6774,0.995737175,0.860281,86.0281,47.6923,1.9943,0.3799,0,13.21,9.12,9.12,10.48333333,96.2009,0,48.38709677,122.43421,0.017997091,0.2291,0.2063,30787,0.26893195651456,0.238175567526779
25,"CUNDINAMARCA",25867,"VIANI",2018,4309,0.918308227,0.081691773,3452,0.801113948,0.822023,82.2023,43.2836,4.3988,4.1056,12.1701,55.8983333333333,34.2933333333333,36.8266666666667,42.3394444433333,98.5929,3571.428571,35.71428571,185.2683547,0.042995673,0.5009,0.406,17529,0.330876925490633,0.285838067437072
25,"CUNDINAMARCA",25871,"VILLAGOMEZ",2018,1758,0.932136848,0.067863152,1783,1,1.134731,113.4731,93.1034,3.75,2.75,0,99.11,31.08,30.84,53.67666667,85.1948,0,0,68.405132,0.038910769,0.1,0.0953,3118,0.263006277208576,0.233494813434053
25,"CUNDINAMARCA",25873,"VILLAPINZON",2018,17120,0.822656875,0.177343125,13753,0.803329439,1.101397,110.0879,66.1677,2.3407,7.5296,4.6813,74.56,16.87,17.59,36.34,97.0547,0,0,1798.002034,0.105023483,0.4859,0.396,6391,0.606582360061377,0.474109165026799
25,"CUNDINAMARCA",25875,"VILLETA",2018,26957,0.449585406,0.550414594,30150,1,1.067437,106.5966,54.7674,2.9111,2.297,1.3418,75.93,45.71,48.25,56.63,97.8505,0,6.688963211,1830.543743,0.067906063,0.3282,0.2839,5062,1.13688412807117,0.759348753093988
25,"CUNDINAMARCA",25878,"VIOTA",2018,13244,0.883705033,0.116294967,11703,0.883645424,1.049816,104.9816,58.6605,2.9597,3.2926,4.2175,57.79,24.1,24.1,35.33,98.21,0,18.18181818,148.2816601,0.011196139,0.2848,0.2506,6989,0.523119902448048,0.420760798619832
25,"CUNDINAMARCA",25885,"YACOPI",2018,12236,0.956096358,0.043903642,12163,0.994033998,1.015866,101.5866,45.5471,1.5586,2.2325,0.0421,10.14,10.14,10.14,10.14,81.2101,0,11.11111111,154.306621,0.012610871,0.0207,0.0205,3512,0.219925594519615,0.198789868786639
25,"CUNDINAMARCA",25898,"ZIPACON",2018,4635,0.769444444,0.230555556,3240,0.699029126,0.84873,84.873,45.8599,2.8571,1.8182,0,96.94,14.3,30.67,47.30333333,98.5034,0,38.46153846,47.70567409,0.010292486,0.0319,0.0314,2169,1.16736248203623,0.773510982232469
25,"CUNDINAMARCA",25899,"ZIPAQUIRA",2018,134624,0.195252612,0.804739989,135148,1,0.959408,95.6372,49.7299,4.0395,2.5497,12.0177,90.35,88.61,88.83,89.26333333,98.5765,105.1524711,12.09253417,14700.91232,0.109199788,0.0539,0.0525,5105,2.7957527228738,1.33388273712794
27,"CHOCO",27001,"QUIBDO",2018,129217,0.766193768,0.233799679,152605,1,0.98315,98.2903,40.122,1.0253,0.5751,9.7965,30.82,17.59,85.96,44.79,87.5218,0,20.53325161,6704.183566,0.051883139,18147,10348,42445,0.243272483772448,0.217747003124389
27,"CHOCO",27006,"ACANDI",2018,13988,0.987521169,0.012478831,11219,0.80204461,0.909902,90.9902,26.0177,8.1214,1.9359,12.8902,100,100,100,100,37.3162,0,23.58490566,186.318486,0.01331988,21137,11358,36901,0.20432303657677,0.185917613704495
27,"CHOCO",27025,"ALTO BAUDO",2018,27594,0.98675791,0.01324209,22504,0.81553961,0.739231,73.9231,5.806,0.8071,1.3912,9.0871,80.3,55.36,55.36,63.67333333,48.6148,331.1258278,16.55629139,0.364,1.31913e-05,0.1216,0.1148,9706,0.237011728972371,0.212576339742279
27,"CHOCO",27050,"ATRATO",2018,6075,0.942270059,0.057729941,6132,1,0.899604,89.9604,32.8185,5.6704,0.4003,6.471,87.01,0,86.99,58,93.7626,0,18.51851852,65.920945,0.010851184,0.0322,0.0317,6051,0.24529544100045,0.219371484304424
27,"CHOCO",27073,"BAGADO",2018,11024,0.974111492,0.025888508,11086,1,0.909225,90.9225,17.1492,0.8847,0,10.6735,89.65,89.45,89.65,89.58333333,32.6301,0,20.10050251,189.2,0.017162554,0.5376,0.4302,18891,0.23353949181387,0.209887672537901
27,"CHOCO",27075,"BAHIA SOLANO",2018,10119,0.972400335,0.027599665,10761,1,1.040638,104.0638,33.6384,5.7654,1.4574,9.9735,39.47,39.47,39.47,39.47,96.5,0,27.02702703,208.356522,0.020590624,12933,0.83,10629,0.203408127782037,0.184937728589622
27,"CHOCO",27077,"BAJO BAUDO",2018,29955,0.984270921,0.015729079,17865,0.596394592,0.50162,50.162,7.3022,4.3115,2.1913,9.2362,70.75,68.38,62.07,67.06666667,71.8545,829.8755187,62.2406639,52.691741,0.00175903,0.1369,0.1283,6273,0.223946489251649,0.201962369831357
27,"CHOCO",27086,"BELEN DE BAJIRA",2018,NA,1,0,3,0.817446698,0,85.336,19.57175,3.6166,0.9282,8.35545,80.865,57.55,79.405,66.86666667,71.5193,0,0,107.1834665,0.0115147685,110159,24862,139289,0.23353949181387,0.209887672537901
27,"CHOCO",27099,"BOJAYA",2018,12079,0.981730907,0.018269093,13958,1,0.916073,91.6073,11.3835,1.8279,0.9505,7.6529,61.29,26.04,63.28,50.20333333,44.5117,692.0415225,31.14186851,17.25,0.001428098,0.097,0.0926,3502,0.220384336904051,0.198946296598378
27,"CHOCO",27135,"CANTON DE SAN PABLO",2018,6128,0.981676957,0.018323043,5021,0.819353786,0.794571,79.4571,26.2712,4.9477,0.9059,3.2753,75.63,75.63,64.3,71.85333333,90.4332,0,0,93.207583,0.015210115,0.0174,0.0173,8472,0.25688145361374,0.228633616182012
27,"CHOCO",27150,"CARMEN DEL DARIEN",2018,18431,0.986822175,0.013177825,6602,0.358200857,0.515196,51.5196,6.9091,4.2539,2.5851,10.8312,100,0,100,66.66666667,52.7549,0,72.16494845,117.416952,0.006370623,90202,23046,173675,0.195182833989545,0.178139975268772
27,"CHOCO",27160,"CERTEGUI",2018,5630,0.974844334,0.025155666,4015,0.713143872,0.758185,75.8185,26.8868,2.0408,0.1775,7.1872,99.92,99.92,99.92,99.92,8.8235,0,25.64102564,158.379627,0.028131372,0.3694,0.3144,2462,0.254246725087422,0.226426746752743
27,"CHOCO",27205,"CONDOTO",2018,12657,0.957929363,0.042070637,11552,0.912696532,0.922419,92.2419,53.1955,4.1894,0.8194,7.6806,81.43,80.14,89.86,83.81,85.4141,0,11.42857143,206.002959,0.016275813,22151,11679,14659,0.25439098912887,0.22665018717691
27,"CHOCO",27245,"EL CARMEN",2018,8198,0.812682023,0.187317977,7554,0.921444255,1.068437,106.8437,31.0345,3.5279,1.344,6.1739,44.71,48.99,48.72,47.47333333,83.2743,0,17.64705882,745.922876,0.090988397,0.7981,0.5867,11030,0.213485543329245,0.193496832911451
27,"CHOCO",27250,"EL LITORAL DEL SAN JUAN",2018,21675,0.990806298,0.009193702,9463,0.436585928,0.491561,49.1561,7.4641,3.5776,1.9861,12.6957,98.97,0,98.97,65.98,55.7823,0,109.375,40.477748,0.001867485,0.1859,0.1705,3674,0.297744596904724,0.259480214337665
27,"CHOCO",27361,"ITSMINA",2018,30742,0.828977079,0.170991989,32329,1,1.060336,106.0336,40.8394,4.3168,1.3604,7.3508,0,0,99.8,33.26666667,74.9912,226.2443439,31.67420814,905.101541,0.029441856,0.2336,0.2099,5654,0.26008355717095,0.230659107302793
27,"CHOCO",27372,"JURADO",2018,6682,0.986111111,0.013888889,4248,0.635737803,0.525382,52.5382,9.3645,3.6556,2.8409,12.7539,67.22,67.22,67.22,67.22,72.973,0,0,5.448058,0.000815333,0.2244,0.2025,25018,0.192093574491915,0.175711067652563
27,"CHOCO",27413,"LLORO",2018,9782,0.980615098,0.019384902,10730,1,0.940279,94.0279,19.5783,1.8605,0.279,6.5426,88.61,77.17,76.69,80.82333333,73.5553,0,29.91452991,96.949981,0.009911059,0.0208,0.0206,3853,0.247318398228452,0.220995965484459
27,"CHOCO",27425,"MEDIO ATRATO",2018,10671,0.986894587,0.013105413,7020,0.657857745,0.61922,61.922,3.299,8.4189,1.7958,21.4066,82.64,0,24.74,35.79333333,38.0867,0,25.97402597,5.63214,0.000527799,0.243,0.2175,4941,0.212267262004544,0.192329923826737
27,"CHOCO",27430,"MEDIO BAUDO",2018,15108,0.983148114,0.016851886,10978,0.726634895,0.593292,59.3292,8.6384,5.4841,7.0389,6.6689,53.33,19.13,65.57,46.01,76.7505,884.9557522,26.54867257,183.99055,0.012178353,0.044,0.0431,8841,0.244480807252178,0.21845785826461
27,"CHOCO",27450,"MEDIO SAN JUAN",2018,10582,0.976535542,0.023464458,8694,0.821583822,0.808595,80.8595,21.8447,3.9091,0.7579,5.0658,100,59.74,97.98,85.90666667,78.8449,0,22.98850575,211.8271528,0.020017686,0.2308,0.2076,9386,0.244517433314746,0.218564040743561
27,"CHOCO",27491,"NOVITA",2018,9164,0.977591036,0.022408964,6426,0.701222174,0.742004,74.2004,15.942,1.552,0.4656,5.1216,52.33,61.77,61.92,58.67333333,68.9031,0,0,35.712003,0.003896989,0.3607,0.308,15771,0.229948781655123,0.206972527586524
27,"CHOCO",27495,"NUQUI",2018,16203,0.97140067,0.02859933,7168,0.442387212,0.413793,41.3793,7.6072,1.7341,3.735,10.6269,46.15,46.15,52.71,48.33666667,86.2543,0,0,77.28696,0.004769917,0.0286,0.0282,3652,0.210881249530927,0.191348399920435
27,"CHOCO",27580,"RIO IRO",2018,5478,0.982933122,0.017066878,5039,0.919861263,0.905928,90.5928,19.5652,2.6071,0.6824,9.5593,100,40.27,100,80.09,66.2083,0,16.94915254,49.979185,0.009123619,0.2058,0.1871,4922,0.261797705098792,0.232279582619545
27,"CHOCO",27600,"RIO QUITO",2018,8215,0.975352113,0.024647887,7952,0.967985393,0.938419,93.8419,23.8671,2.7097,0,6.4946,83.75,83.75,82.12,83.20666667,83.6817,3030.30303,0,47.118941,0.00573572,0.2665,0.2363,5182,0.247341566489286,0.220951038021169
27,"CHOCO",27615,"RIOSUCIO",2018,53441,0.989153439,0.010846561,22680,0.424393256,0.703094,70.3094,13.7067,0,0,0,16.12,0,58.78,24.96666667,62.2607,0,32.40740741,524.06402,0.009806404,0.1038,0.0988,5777,0.173645958132936,0.16011510704321
27,"CHOCO",27660,"SAN JOSE DEL PALMAR",2018,5116,0.988066245,0.011933755,4106,0.802580141,0.7231,72.31,18.3575,9.5837,2.6137,4.1626,47.61,28.72,47.46,41.26333333,51.7583,0,36.36363636,71.901439,0.01405423,36237,15312,15191,0.245145913126508,0.219252722347769
27,"CHOCO",27745,"SIPI",2018,3177,0.979254275,0.020745725,3567,1,0.787975,78.7975,8.6093,3.3413,2.0286,10.8592,67.62,100,67.62,78.41333333,50.8963,0,20.83333333,181.9177641,0.057260864,1489,0.9119,12208,0.233646405304039,0.209974340908015
27,"CHOCO",27787,"TADO",2018,18012,0.972323002,0.027676998,19294,1,1.07526,107.526,41.1034,2.7753,0.2523,8.2898,99.92,95.09,95.09,96.7,71.1841,263.8522427,18.46965699,399.2722133,0.022167012,0.1321,0.1241,8709,0.2881988407806,0.253244995254918
27,"CHOCO",27800,"UNGUIA",2018,12854,0.993368167,0.006631833,9952,0.774233702,0.912168,91.2168,22.2615,4.3079,0.2298,12.1769,100,100,100,100,10.4146,0,15.87301587,76.780892,0.005973307,0.0276,0.0272,4839,0.180429567805523,0.165878412744058
27,"CHOCO",27810,"UNION PANAMERICANA",2018,6810,0.966543438,0.033456562,5410,0.794419971,0.898125,89.8125,26.4591,6.3777,0.1858,8.4211,96.76,96.76,100,97.84,86.9532,0,14.49275362,142.857251,0.02097757,0.5782,0.4563,12563,0.264852644163178,0.234741116373117
41,"HUILA",41001,"NEIVA",2018,357376,0.475683821,0.524303515,394840,1,0.95014,94.7829,46.4265,4.8122,2.5238,11.079,94.75,94.75,94.75,94.75,89.3448,16.72520488,9.533366784,41507.13269,0.116144153,0.0848,0.0814,8423,1.50829125070678,0.919601744699226
41,"HUILA",41006,"ACEVEDO",2018,24777,0.969550523,0.030449477,31659,1,1.143143,114.3143,44.6139,2.7741,1.0403,7.3086,54.48,21.91,20.55,32.31333333,88.1069,0,8.403361345,329.7547322,0.013308905,0.281,0.2476,11389,0.289056931311578,0.253910890019402
41,"HUILA",41013,"AGRADO",2018,8804,0.90785877,0.09214123,8780,0.997273966,0.889366,88.9366,45.6897,1.0842,0.3614,2.8394,99.87,98.87,98.87,99.20333333,95.1686,0,8,200.907501,0.022820025,16645,0.98,12723,0.407601632921633,0.341887286539665
41,"HUILA",41016,"AIPE",2018,16168,0.833214216,0.166785784,15391,0.951942108,0.868668,86.8668,49.9168,3.5673,0.2632,8.3333,82.2,77.16,77.16,78.84,98.268,0,7.692307692,3381.672545,0.209158371,25167,12575,40013,0.369256861620004,0.314268155894263
41,"HUILA",41020,"ALGECIRAS",2018,22495,0.945928699,0.054071301,23506,1,0.893562,89.3376,35.6913,6.657,3.8652,11.6394,81.51,75.14,74.94,77.19666667,81.1235,0,8.379888268,230.5256983,0.010247864,13616,0.8593,22445,0.273778020096976,0.241987303426268
41,"HUILA",41026,"ALTAMIRA",2018,4272,0.88691796,0.11308204,2706,0.633426966,0.779191,77.9191,26.8456,3.6415,2.381,8.6835,93.97,78.81,94.74,89.17333333,89.924,0,17.85714286,144.701236,0.033872012,0.9741,0.6801,14289,0.394978481752969,0.33287898988767
41,"HUILA",41078,"BARAYA",2018,8345,0.933424119,0.066575881,6609,0.79197124,0.696105,69.6105,27.566,4.7836,2.6576,16.9324,94.21,94.21,94.21,94.21,91.6388,0,0,68.263923,0.008180218,128904,26312,842579,0.261691526269932,0.232453301807845
41,"HUILA",41132,"CAMPOALEGRE",2018,31080,0.784622847,0.215346835,32984,1,0.898303,89.7696,34.8182,4.0404,1.272,9.5211,72.98,69.78,75.58,72.78,91.8587,0,4.310344828,1534.717307,0.049379579,46466,17311,32937,0.463685698113707,0.374937273958688
41,"HUILA",41206,"COLOMBIA",2018,7276,0.951136518,0.048863482,7347,1,0.824922,82.4922,27.0916,3.8519,2.5185,6.5185,68,68,68,68,75.8279,934.5794393,18.69158879,50.1719,0.006895533,0.7099,0.5364,17703,0.226023554302885,0.203776049648295
41,"HUILA",41244,"ELIAS",2018,4223,0.944701716,0.055298284,3671,0.869287237,0.816901,81.6901,38.9937,4,1.2903,7.6129,97.32,60.86,89.92,82.7,94.6809,0,0,21.391589,0.005065496,0.8057,0.5909,19171,0.411856775929852,0.344905700448885
41,"HUILA",41298,"GARZON",2018,72381,0.777609084,0.222378158,78380,1,0.94129,94.1169,46.2509,4.5587,2.279,8.244,31.54,29.22,27.92,29.56,93.4675,0,11.00628931,2320.86363,0.032064542,0.1103,0.1046,5529,0.708997748428246,0.535907086653502
41,"HUILA",41306,"GIGANTE",2018,24567,0.838230865,0.161769135,23243,0.946106566,1.01276,101.276,53.6585,4.8904,2.0014,7.7793,65.69,65.69,65.69,65.69,82.266,0,2.865329513,1060.732406,0.043177124,0.555,0.4415,6595,0.732102062820486,0.549335736129527
41,"HUILA",41319,"GUADALUPE",2018,17884,0.927074423,0.072925577,18704,1,0.922165,92.2165,45.8807,0,0,0,96.53,96.53,96.53,96.53,92.2254,0,0,226.687889,0.012675458,12462,0.8092,6727,0.369083370468399,0.314141443260235
41,"HUILA",41349,"HOBO",2018,7300,0.853931015,0.146068985,7161,0.980958904,0.855286,85.5286,29.1513,11.002,3.0779,5.632,47.23,47.23,47.23,47.23,91.0714,0,8.695652174,119.608384,0.01638471,36184,1.53,22884,0.357215845921826,0.305435429310581
41,"HUILA",41357,"IQUIRA",2018,9260,0.944948922,0.055051078,10572,1,0.998207,99.8207,38.5915,4.7023,4.3553,10.9577,77.24,47.36,47.36,57.32,85.8323,0,15.2284264,130.8981867,0.014135873,0.4967,0.4033,8560,0.221462011180965,0.200048511093655
41,"HUILA",41359,"ISNOS",2018,25183,0.950281833,0.049718167,27676,1,0.948353,94.8353,45.283,3.8535,0.873,8.3523,25.06,15.2,15.19,18.48333333,97.1374,0,22.27722772,410.8381615,0.016314107,15094,0.92,11062,0.372827710608048,0.316872635014072
41,"HUILA",41378,"LA ARGENTINA",2018,12865,0.9569462,0.042983565,14238,1,0.922835,92.2835,33.3981,5.2848,0.9266,14.173,70.31,70.31,66.65,69.09,79.1572,0,12,146.931193,0.011421002,63796,19987,24623,0.247821250304333,0.221399030766184
41,"HUILA",41396,"LA PLATA",2018,61029,0.835030206,0.164969794,65218,1,0.907036,90.6769,43.6348,3.1998,1.5771,8.4031,98.96,91.36,91.36,93.89333333,90.7213,0,9.966777409,1231.430419,0.020177791,0.3446,0.2961,4276,0.333699760303414,0.28795685492318
41,"HUILA",41483,"NATAGA",2018,6469,0.93751073,0.06248927,5825,0.900448292,0.928527,92.8527,48.374,2.3413,0.4313,9.7351,96.8,96.8,96.8,96.8,82.0242,0,23.25581395,83.53356679,0.012912903,0.197,0.1799,3346,0.223428746761236,0.20165736498466
41,"HUILA",41503,"OPORAPA",2018,11620,0.937429391,0.062570609,11507,0.990275387,0.836165,83.6165,49.8978,1.845,1.4022,4.0221,95.16,66.46,95.06,85.56,94.9925,0,13.95348837,56.0876584,0.004826821,0.4159,0.3477,16059,0.310073612736212,0.270083328562703
41,"HUILA",41518,"PAICOL",2018,6571,0.905429418,0.094570582,5065,0.77081114,0.761136,76.1136,39.2308,4.3046,5.6291,7.3675,99.28,96.4,97.6,97.76,93.3233,0,12.65822785,424.214519,0.064558594,116041,2534,48367,0.342841928063747,0.294788209991163
41,"HUILA",41524,"PALERMO",2018,26280,0.867986444,0.132013556,18589,0.707343988,1.065988,106.5261,52.0578,4.5246,4.2944,14.3661,59.36,59.36,59.36,59.36,92.9042,0,17.75147929,2837.454613,0.107970115,0.0411,0.0403,3994,0.385982753358711,0.326409457226158
41,"HUILA",41530,"PALESTINA",2018,11159,0.964075934,0.035924066,11747,1,0.973582,97.3582,48.6284,0,0,0,44.04,16.47,16.94,25.81666667,91.3867,0,14.85148515,108.398233,0.009713974,0.0378,0.0371,7889,0.245879763229815,0.219841917498588
41,"HUILA",41548,"PITAL",2018,13784,0.949735886,0.050264114,12116,0.878990133,0.907099,90.7099,48.1766,2.7045,0.4673,6.3773,54.37,31.93,33.13,39.81,97.3892,0,11.36363636,118.5938695,0.008603734,0.2783,0.2455,6923,0.276722539291041,0.244296278024544
41,"HUILA",41551,"PITALITO",2018,124359,0.731037745,0.268948738,147965,1,1.031848,103.142,44.6643,5.0141,6.0077,12.396,95.76,65.48,65.48,75.57333333,97.3215,0,9.667440062,4320.908603,0.034745443,23377,12053,47305,0.970382918026151,0.67822789849416
41,"HUILA",41615,"RIVERA",2018,24305,0.84916657,0.15083343,17158,0.705945279,0.979384,97.7926,49.5086,3.1667,2.0524,11.5289,59.42,59.42,59.42,59.42,95.0488,0,7.168458781,2794.827045,0.114989798,0.1973,0.1801,6730,0.585217214540993,0.460721441814033
41,"HUILA",41660,"SALADOBLANCO",2018,10450,0.960568945,0.039431055,12655,1,0.917465,91.7465,36.1702,5.2285,0,10.6119,96.72,62.01,74.54,77.75666667,78.4611,0,17.85714286,102.68852,0.009826653,0.1863,0.1708,4342,0.462592453520919,0.366297718657201
41,"HUILA",41668,"SAN AGUSTIN",2018,33027,0.934529254,0.065470746,33893,1,0.882944,88.2944,44.3962,2.3483,1.0584,5.0604,65.86,65.11,65.11,65.36,85.9812,0,17.0575693,501.1796824,0.015174847,0.0483,0.0471,4505,0.250158020533569,0.223269959751182
41,"HUILA",41676,"SANTA MARIA",2018,10409,0.948142631,0.051857369,10741,1,0.881751,88.1751,50.266,0,0,0,49.86,40.63,40.63,43.70666667,94.3136,0,0,123.0191944,0.011818541,0.0373,0.0367,6708,0.237807831226657,0.213341937033323
41,"HUILA",41770,"SUAZA",2018,21851,0.948255725,0.051744275,19693,0.901240218,0.914922,91.4922,37.6989,2.5297,1.7942,4.7568,85.95,85.94,85.94,85.94333333,88.4934,0,5.39083558,333.949073,0.015283011,0.157,0.1458,4624,0.321493229973085,0.278762332062391
41,"HUILA",41791,"TARQUI",2018,17442,0.934285369,0.065714631,16526,0.947483087,0.901597,90.1597,49.9303,2.7523,2.1662,8.894,68.86,49.75,28.9,49.17,98.2888,0,7.194244604,182.118063,0.010441352,0.0726,0.0701,1645,0.307630946950841,0.268217062573819
41,"HUILA",41797,"TESALIA",2018,10696,0.848471616,0.151528384,9160,0.856394914,0.857083,85.7083,52.5773,2.5412,3.5765,11.1059,98.32,98.32,98.32,98.32,83.7756,0,23.25581395,1161.730148,0.108613514,0.6557,0.5042,18129,0.347927018968134,0.298567870793125
41,"HUILA",41799,"TELLO",2018,11802,0.922695101,0.077304899,10879,0.921792916,0.858828,85.8828,41.2027,3.6735,2.6531,8,76.24,76.24,76.24,76.24,98.6701,0,0,307.4478356,0.026050486,10091,0.6977,29130,0.376215401607524,0.319337269125685
41,"HUILA",41801,"TERUEL",2018,8043,0.927205101,0.072794899,7528,0.935969166,0.844207,84.4207,35.2113,5.1567,6.4621,10.4439,66.42,54.03,54.03,58.16,93.4666,0,19.41747573,172.3434358,0.021427755,0.2645,0.2346,13500,0.232605004513312,0.209129819665389
41,"HUILA",41807,"TIMANA",2018,21790,0.946194503,0.053805497,18920,0.868288206,0.864023,86.4023,46.0414,3.566,2.2853,10.4219,99.12,82.02,98.53,93.22333333,95.4792,0,9.259259259,261.376114,0.011995232,0.01,0.0099,11191,0.625327238148431,0.485709172830121
41,"HUILA",41872,"VILLAVIEJA",2018,7282,0.921653104,0.078346896,6267,0.860615216,0.880089,88.0089,37.0892,2.657,4.1868,11.5942,59.26,59.26,59.26,59.26,97.6455,0,14.08450704,193.0403948,0.026509255,12456,0.809,4679,0.308086068353151,0.267753712808287
41,"HUILA",41885,"YAGUARA",2018,7740,0.762878788,0.237121212,6600,0.852713178,0.866755,86.6755,51.8072,2.9456,5.4381,6.4955,84.82,75.69,80.1,80.20333333,82.2024,0,12.65822785,969.5054054,0.125259096,37791,15643,163372,0.716234656650031,0.5401327380164
44,"LA GUAJIRA",44001,"RIOHACHA",2018,188019,0.752374672,0.247625328,277512,1,1.056085,105.4818,33.8028,3.1596,4.5414,9.26,84.64,88.98,92.8,88.80666667,44.0195,78.25950853,20.1909532,9140.783636,0.048616276,0,0,11359,0.334421253857948,0.288497680146841
44,"LA GUAJIRA",44035,"ALBANIA",2018,29154,0.771911884,0.228088116,23469,0.805001029,0.882601,87.8514,24.8516,0,0,0,75.68,75.69,60.15,70.50666667,41.1694,0,15.95744681,6945.777967,0.238244425,0,0,902,0.604982665163436,0.458698235796804
44,"LA GUAJIRA",44078,"BARRANCAS",2018,35753,0.775379974,0.224542677,25857,0.723212038,0.741637,74.1419,24.7235,1.7468,1.9195,0.9672,47.97,47.97,61.38,52.44,75.0171,352.1126761,12.32394366,2274.598591,0.063619797,0.0068,0.0068,38710,1.7109302765364,0.99729185146075
44,"LA GUAJIRA",44090,"DIBULLA",2018,37745,0.955799952,0.044200048,33552,0.888912439,0.649362,64.9362,15.0259,3.0887,2.2169,0.0132,100,100,100,100,57.5875,304.8780488,33.53658537,1582.185312,0.041917746,0,0,319,0.507576946091791,0.403714499554855
44,"LA GUAJIRA",44098,"DISTRACCION",2018,13002,0.951532678,0.048467322,8645,0.664897708,0.750952,75.0952,23.8748,3.6551,3.9333,0,65.59,49.48,69.45,61.50666667,90.2709,0,5.405405405,291.341523,0.022407439,0,0,1052,0.456899515649722,0.374399469507485
44,"LA GUAJIRA",44110,"EL MOLINO",2018,7170,0.944893909,0.055106091,6551,0.913668061,0.87049,86.9201,22.093,4.359,7.0026,0,59.45,57.01,77.63,64.69666667,31.6964,0,6.849315068,86.836651,0.012111109,0,0,2001,0.242565680808011,0.217178339408823
44,"LA GUAJIRA",44279,"FONSECA",2018,42774,0.784798321,0.215201679,34312,0.802169542,0.937693,93.6569,34.8578,3.594,6,1.0268,76.59,75.47,76.47,76.17666667,80.9789,0,16.35220126,993.577115,0.023228529,0,0,1971,0.543049770348869,0.433760828433649
44,"LA GUAJIRA",44378,"HATONUEVO",2018,20057,0.817997907,0.182002093,14335,0.714713068,0.786498,78.5382,27.7027,2.1586,1.7425,1.6645,100,100,100,100,62.907,0,22.34636872,966.066109,0.048166032,0,0,1926,0.883444731852595,0.581495922468132
44,"LA GUAJIRA",44420,"LA JAGUA DEL PILAR",2018,3501,0.955292909,0.044707091,1946,0.555841188,0.687836,68.7836,26.2821,1.1527,5.1873,0,62.78,62.78,62.78,62.78,81.3665,0,21.73913043,48.97758,0.013989597,0.0024,0.0024,9862,0.601758986882627,0.464603542783525
44,"LA GUAJIRA",44430,"MAICAO",2018,170582,0.913449246,0.086550754,219016,1,0.928116,92.7793,31.7675,1.8281,1.654,0.519,73.32,69.67,63.42,68.80333333,17.4888,95.73042313,26.03867509,4233.60068,0.024818566,0.0014,0.0014,13324,0.875544076468924,0.628898791446767
44,"LA GUAJIRA",44560,"MANAURE",2018,83065,0.971227979,0.028772021,76915,0.925961596,0.975127,97.5127,6.73,3.2684,5.115,0.9989,100,100,100,100,16.7641,117.0960187,11.70960187,1047.387332,0.01260925,5e-04,5e-04,7049,0.479403963683003,0.391639279418415
44,"LA GUAJIRA",44650,"SAN JUAN DEL CESAR",2018,46949,0.740154091,0.259845909,46466,0.989712241,0.934859,93.4025,36.8189,2.3399,5.7061,1.0058,55.97,51.81,55.7,54.49333333,61.4369,176.5225066,17.65225066,1043.817836,0.022233015,0.011,0.0109,54315,0.493227522742348,0.400939899941965
44,"LA GUAJIRA",44847,"URIBIA",2018,163463,0.973626822,0.026373178,161869,0.990248558,0.812419,81.2419,5.7556,2.8772,9.0434,9.2274,96.84,98.35,98.7,97.96333333,1.7614,85.3485064,13.08677098,3496.59412,0.021390737,0.0746,0.072,25976,0.253593804855667,0.226014470164619
44,"LA GUAJIRA",44855,"URUMITA",2018,10974,0.881360332,0.118639668,7704,0.702022963,0.771986,76.8006,43.9024,2.4845,3.3644,0.6211,71.68,71.68,71.68,71.68,57.1429,0,9.345794393,38.039938,0.003466369,0.0731,0.0706,9282,0.618183093080492,0.48130397235809
44,"LA GUAJIRA",44874,"VILLANUEVA",2018,28344,0.892880379,0.107119621,21518,0.759173017,0.83871,83.6666,34.569,0,0,0,80.52,80.52,78.28,79.77333333,48.1366,0,20.83333333,402.000165,0.014182902,0.2961,0.2594,17200,0.765079233733354,0.568195581011289
47,"MAGDALENA",47001,"SANTA MARTA",2018,499188,0.571815742,0.428171752,559738,1,1.026026,102.1694,50.8619,3.7678,1.1303,3.4088,23.39,19.5,0,14.29666667,88.418,52.3121992,12.45030341,70055.12551,0.14033816,0.1336,0.1254,22769,0.644657253308374,0.488553413145434
47,"MAGDALENA",47030,"ALGARROBO",2018,15524,0.717298334,0.282701666,13562,0.873615048,0.939776,93.8842,42.3193,1.4014,3.4902,5.6848,79.16,0,79.16,52.77333333,83.1025,0,7.352941176,297.360778,0.019154907,0.2424,0.2171,4710,0.325941374659753,0.281526720479256
47,"MAGDALENA",47053,"ARACATACA",2018,39855,0.868552986,0.131447014,31914,0.800752729,0.833174,83.2215,33.8028,4.6325,3.1992,4.6096,60.4011111111111,39.8411111111111,56.1888888888889,52.1437037033333,72.2332,0,13.79310345,812.702372,0.020391478,0.0307,0.0303,8221,0.39803794575415,0.335069786328915
47,"MAGDALENA",47058,"ARIGUANI",2018,30215,0.968770897,0.031229103,29908,0.989839484,1.008136,100.6955,36.311,1.1212,0.3488,1.931,44.83,0,44.83,29.88666667,64.718,0,10.30927835,1193.631193,0.03950459,0.4611,0.3792,31873,0.275060980202697,0.242994005076644
47,"MAGDALENA",47161,"CERRO SAN ANTONIO",2018,9886,0.972255081,0.027744919,9299,0.940623103,0.850022,85.0022,27.9661,5.7343,2.0513,4.5221,56.69,0,43.99,33.56,97.8481,0,8.474576271,27.348,0.002766336,0.0084,0.0083,7666,0.696181280664132,0.528379418841723
47,"MAGDALENA",47170,"CHIVOLO",2018,21860,0.967974462,0.032025538,19422,0.888472095,0.891887,89.1887,27.7397,3.9149,1.1403,2.1475,39.58,36.18,36.2,37.32,38.3814,281.6901408,14.08450704,134.221729,0.006140061,0.0971,0.0927,4683,0.21115035709374,0.191570616313635
47,"MAGDALENA",47189,"CIENAGA",2018,120075,0.673627126,0.326372874,127051,1,0.926128,92.2933,38.0566,4.0221,1.5805,0.1114,62.15,41.69,61.89,55.24333333,69.306,132.8021248,13.28021248,10779.7906,0.089775479,0.5041,0.4082,76079,0.868393059374836,0.625078734896268
47,"MAGDALENA",47205,"CONCORDIA",2018,10517,0.970757519,0.029242481,10772,1,1.09386,109.386,52.9412,0,0,0,67.64,67.65,67.65,67.64666667,97.7971,0,15.87301587,110.321476,0.010489824,0.3271,0.283,23760,0.492157091481437,0.390786613107614
47,"MAGDALENA",47245,"EL BANCO",2018,65476,0.916536368,0.083449155,69072,1,0.997705,99.7584,39.8934,2.4432,1.1649,3.5629,100,100,100,100,94.7124,163.6661211,13.91162029,999.936858,0.015271807,0.0935,0.0894,18490,0.508827879620268,0.411333110735531
47,"MAGDALENA",47258,"EL PIÑON",2018,22536,0.973811282,0.026188718,17603,0.781105786,0.751642,75.1642,36.3178,3.804,2.0239,3.9746,41.8,23.95,23.95,29.9,94.8737,0,3.846153846,91.638,0.004066294,0.2785,0.2457,7995,0.59110697911215,0.438072184793312
47,"MAGDALENA",47268,"EL RETEN",2018,19695,0.917001414,0.082942008,17675,0.897435897,1.113721,111.167,37.1041,1.0478,2.4146,5.9985,79.82,0,79.82,53.21333333,88.2624,0,23.39181287,391.502987,0.019878293,0.0527,0.0513,9715,0.342067004923976,0.293349773390798
47,"MAGDALENA",47288,"FUNDACION",2018,66427,0.722438676,0.277561324,91115,1,1.028405,102.1783,38.6468,3.8685,1.8533,3.3618,68.88,68.88,56.22,64.66,24.3174,132.4503311,19.86754967,1791.707379,0.026972577,0.1081,0.1027,26521,0.280178025686831,0.246999150828279
47,"MAGDALENA",47318,"GUAMAL",2018,26613,0.959224157,0.040775843,27222,1,1.02663,102.6018,42.5366,0,0,0,32.75,30.71,32.53,31.99666667,89.2839,0,13.54401806,27.383058,0.001028935,0.1015,0.0967,13876,0.42384597387408,0.353361642725322
47,"MAGDALENA",47460,"NUEVA GRANADA",2018,19657,0.970488139,0.029511861,19687,1,0.999054,99.7919,29.2121,3.859,0.6696,2.837,37.08,69.69,32.6,46.45666667,73.4702,0,11.8694362,299.374337,0.01522991,0.1839,0.1688,67536,0.27579375753474,0.243549597040514
47,"MAGDALENA",47541,"PEDRAZA",2018,9196,0.984233514,0.015766486,9387,1,0.938215,93.8215,36.3636,0.5403,4.3224,1.9811,69.33,69.33,69.33,69.33,97.4281,0,0,28.91,0.003143758,0.121,0.1142,7007,0.288132902298742,0.253193807373505
47,"MAGDALENA",47545,"EL PIJI¥O DEL CARMEN",2018,12103,0.961679166,0.038320834,10934,0.903412377,1.141953,114.1953,40.202,4.4617,0.4364,2.7401,31.85,6.59,21.43,19.95666667,50.6977,0,14.5631068,61.595356,0.005089263,16524,0.9755,396442,0.577747304559358,0.442792436109652
47,"MAGDALENA",47551,"PIVIJAY",2018,37339,0.934360523,0.065639477,38422,1,0.977721,97.7604,35.9238,4.7824,2.4479,3.5358,22.35,22.35,22.35,22.35,72.0739,0,13.01115242,1140.737589,0.030550834,0.1055,0.1003,12309,0.293012498823925,0.25697476627349
47,"MAGDALENA",47555,"PLATO",2018,61773,0.895351579,0.104648421,63613,1,0.931732,93.0957,27.9872,3.1719,1.3932,1.4338,100,39.2,100,79.73333333,59.0703,0,17.21170396,1678.465533,0.027171508,0.2788,0.2459,7546,0.266560969769008,0.236305329663306
47,"MAGDALENA",47570,"PUEBLOVIEJO",2018,29823,0.974823883,0.025176117,25977,0.871039131,0.810688,81.0688,29.6203,2.5726,4.6459,3.8438,47.96,0,47.96,31.97333333,98.5273,0,9.009009009,327.471688,0.010980508,0.3905,0.3297,26677,0.50138438987099,0.396963421187122
47,"MAGDALENA",47605,"REMOLINO",2018,11451,0.970322252,0.029677748,7851,0.685616977,0.629791,62.9791,25.3695,2.4775,8.8401,5.4054,100,0,100,66.66666667,79.3517,0,0,53.475717,0.00466996,0.0566,0.0551,11821,0.397039549431,0.334355390132507
47,"MAGDALENA",47660,"SABANA DE SAN ANGEL",2018,15643,0.982688598,0.017311402,19698,1,1.018962,101.8725,23.0648,1.1514,0.9211,1.7584,66.24,39.15,53.56,52.98333333,61.257,0,0,103.388587,0.006609256,0.1086,0.1031,14641,0.317634099056235,0.273357130506433
47,"MAGDALENA",47675,"SALAMINA",2018,10734,0.949894958,0.050105042,9520,0.886901435,0.822985,82.2985,44.086,0,0,0,79.59,79.59,79.59,79.59,92.8571,0,0,1420.905366,0.132374266,0.9128,0.6486,140776,0.47717441044666,0.390131080834217
47,"MAGDALENA",47692,"SAN SEBASTIAN BUENAVIST",2018,19529,0.957713908,0.042286092,21189,1,1.042268,104.2268,40.7115,1.3397,2.481,2.481,27.52,12.56,24.2,21.42666667,94.1157,0,2.645502646,147.387802,0.007547125,0.9238,0.6543,28367,0.429769862045809,0.34520797062362
47,"MAGDALENA",47703,"SAN ZENON",2018,11692,0.962789731,0.037210269,9621,0.822870339,0.92445,92.445,29.1667,2.6679,3.1073,2.6051,64.6,25.11,29.53,39.74666667,94.2696,0,10.47120419,283.7097,0.024265284,0.0575,0.0559,10768,0.882324486251092,0.632507441950145
47,"MAGDALENA",47707,"SANTA ANA",2018,25425,0.956445837,0.043554163,22340,0.878662734,0.913506,91.3352,36.5686,2.1897,0.8507,2.1109,36.33,36.33,36.33,36.33,61.4656,0,11.73020528,232.249357,0.009134685,0.0564,0.0549,35620,0.285759322632514,0.251349456381593
47,"MAGDALENA",47720,"SANTA BARBARA DE PINTO",2018,10575,0.952022846,0.047977154,10505,0.993380615,1.06,106,35.6808,1.7657,0.1926,3.6597,70.84,70.84,70.86,70.84666667,50.5895,0,49.01960784,31.957,0.003021939,0.0331,0.0326,10740,0.340587026141398,0.291146882884344
47,"MAGDALENA",47745,"SITIONUEVO",2018,27130,0.96902777,0.03097223,18113,0.667637302,0.862156,85.9033,23.416,4.8681,2.4252,5.1337,70.78,0,70.78,47.18666667,90.5861,0,13.33333333,4530.970861,0.167009615,0.117,0.1107,25611,7.40425230345789,1.40729631135173
47,"MAGDALENA",47798,"TENERIFE",2018,13233,0.959770614,0.040229386,11509,0.86971964,1.008101,100.8101,41.1215,2.214,0.6853,2.6621,63.86,63.86,63.86,63.86,75.0347,0,0,315.959856,0.023876661,0.0969,0.0925,18649,0.285236320371167,0.250942608342014
47,"MAGDALENA",47960,"ZAPAYAN",2018,9916,0.972399397,0.027600603,8623,0.869604679,0.870012,87.0012,20.6633,0.4675,2.8474,2.2099,100,0,100,66.66666667,87.1504,0,19.8019802,79.080114,0.007975001,0.0772,0.0744,12495,0.402885807520125,0.32586642509392
47,"MAGDALENA",47980,"ZONA BANANERA",2018,68711,0.670395869,0.329604131,62748,0.913216224,1.038758,103.7295,34.7025,2.7557,1.9051,4.2357,20.74,0,20.74,13.82666667,98.7402,70.32348805,10.54852321,2043.104234,0.029734747,0.0372,0.0365,8237,0.589271798333325,0.452370647470768
50,"META",50001,"VILLAVICENCIO",2018,531285,0.463080637,0.536905973,522788,0.984006701,0.947183,94.6249,48.1001,3.8159,0.919,5.3509,41.25,33.93,35.53,36.90333333,96.7038,26.34351949,8.561643836,38681.45583,0.072807355,0.1793,0.1649,12047,1.88209971549868,1.05851909638846
50,"META",50006,"ACACIAS",2018,88028,0.461002249,0.5389729,80479,0.914243195,0.952131,95.0518,49.2172,4.7413,0.7795,5.4642,92.07,82.97,87.04,87.36,84.7127,0,11.23595506,11225.02187,0.127516493,0.3639,0.3103,23228,6.67241260743636,2.03763111708342
50,"META",50110,"BARRANCA DE UPIA",2018,6439,0.709677419,0.290095411,4402,0.683646529,0.902601,90.2601,37.9061,1.991,0,1.2845,38.8,35.76,36.44,37,83.7476,0,19.41747573,2154.789923,0.334646672,0.0715,0.0691,7418,0.573012377181783,0.452992492565072
50,"META",50124,"CABUYARO",2018,6055,0.7109375,0.2890625,4608,0.761023947,0.856105,85.6105,28.169,8.1037,2.0243,5.4295,59.77,54.5,59.53,57.93333333,83.0812,0,12.19512195,3877.051743,0.64030582,0.3042,0.2656,8003,0.485875569807898,0.396004207801642
50,"META",50150,"CASTILLA LA NUEVA",2018,14305,0.623633342,0.376366658,11433,0.799231038,0.87173,86.9839,42.1252,2.6132,0.1472,8.2444,88.69,73.65,71.36,77.9,94.7584,0,4.651162791,9732.879669,0.68038306,14077,0.8787,35960,1.34746032289389,0.853334030101803
50,"META",50223,"CUBARRAL",2018,6968,0.871982588,0.128017412,5054,0.725315729,0.87889,87.889,37.4532,4.0971,0.3794,7.5114,84.62,83.66,84.62,84.3,80.8801,0,12.98701299,273.820052,0.039296793,19508,10821,42798,0.263994426290095,0.234276886134323
50,"META",50226,"CUMARAL",2018,22814,0.529989461,0.470010539,20874,0.914964495,0.96448,96.3471,52.7615,5.148,2.2308,7.2072,46.01,46.01,46.01,46.01,96.0969,0,12.12121212,890.254401,0.039022285,0.1034,0.0984,48596,0.440065304757173,0.36468846308542
50,"META",50245,"EL CALVARIO",2018,1775,0.937917223,0.062082777,1498,0.843943662,0.916667,91.6667,39.4231,7.2314,0,1.6529,14.73,14.73,14.73,14.73,91.1111,0,0,70.481265,0.039707755,0.5995,0.4697,14277,0.269440860570982,0.238576536257467
50,"META",50251,"EL CASTILLO",2018,7983,0.960143925,0.039856075,7226,0.905173494,0.895386,89.5386,34.0836,5.1267,1.3825,4.3203,55.51,39.78,44.2,46.49666667,75.0208,0,9.174311927,182.644724,0.022879209,0.2667,0.2364,7527,0.309476027723234,0.269627078362963
50,"META",50270,"EL DORADO",2018,3889,0.898507463,0.101492537,4020,1,0.911923,91.1923,58.6826,3.6909,0.4614,2.8835,31.8,31.8,52.86,38.82,86.1818,0,0,97.98053417,0.025194275,0.9029,0.6434,53775,0.389289132116139,0.328792200581181
50,"META",50287,"FUENTE DE ORO",2018,12120,0.938260716,0.061739284,11338,0.935478548,0.970664,97.0664,42.7646,5.4485,0.5189,7.0423,53.76,65.02,63.74,60.84,92.3122,0,0,192.152502,0.015854167,17138,0.9984,23232,0.305329561019608,0.266455546072287
50,"META",50313,"GRANADA",2018,68874,0.721727952,0.278233864,78567,1,1.008209,100.8144,45.0306,0,0,0,88.15,88.15,88.15,88.15,81.8689,78.30853563,7.047768207,3537.722212,0.051365134,0.5204,0.419,4149,1.83174503419141,1.04089314147886
50,"META",50318,"GUAMAL",2018,14123,0.729851371,0.270043961,9554,0.676485166,0.923609,92.188,37.9668,3.34485,1.6975,5.15005,66.6,48.63,56.35,57.19333333,94.6118,0,5.952380952,2699.852903,0.191167096,0.5317,0.4264,208965,0.613019971142589,0.478108180431947
50,"META",50325,"MAPIRIPAN",2018,7011,0.885341074,0.114658926,6890,0.982741406,0.79716,79.716,15.0579,8.1695,0.1843,11.0565,2.9,2.42,2.88,2.733333333,0,0,37.03703704,76.570435,0.010921471,0.2181,0.1973,96422,0.230494886511619,0.207416435221988
50,"META",50330,"MESETAS",2018,11161,0.944853293,0.055146707,10463,0.937460801,0.803662,80.3662,25.5924,4.5161,0,5.5583,22.25,22.25,28.59,24.36333333,52.0833,0,0,271.582004,0.024333125,0.3689,0.314,209292,0.239692107946741,0.214863048742435
50,"META",50350,"LA MACARENA",2018,26862,0.928578369,0.071421631,10291,0.383106247,0.540017,54.0017,15.3298,6.7078,0.0986,5.6227,25.11,16.73,21.94,21.26,16.8498,0,11.62790698,583.436173,0.021719759,0.3022,0.264,57850,0.241228277384387,0.216101435627441
50,"META",50370,"LA URIBE",2018,9273,0.943655359,0.056227257,8519,0.918688666,0.813127,81.3127,21.0412,6.1095,0.0489,9.7263,46.58,45.68,45.81,46.02333333,47.4479,0,6.944444444,198.339054,0.021388877,0.0711,0.0687,200665,0.226709363155348,0.204335269827104
50,"META",50400,"LEJANIAS",2018,11461,0.965689093,0.034310907,10434,0.910391763,0.899962,89.9577,45.3917,5.7557,2.8559,6.1951,53.2,53.2,53.2,53.2,82.8998,0,13.98601399,77.690133,0.006778652,0.3176,0.2758,11700,0.273442862320362,0.241724147780158
50,"META",50450,"PUERTO CONCORDIA",2018,8379,0.962686567,0.037313433,8308,0.991526435,0.914778,91.4778,23.5632,4.0797,0.0474,7.2106,30.18,13.27,23.27,22.24,29.7587,0,14.70588235,173.167306,0.020666823,0.6622,0.5081,32651,0.263521765857778,0.233902874336261
50,"META",50568,"PUERTO GAITAN",2018,41515,0.683310666,0.316689334,46323,1,0.890659,89.0295,25.2619,2.9694,0.1176,4.018,57.07,53.27,53.96,54.76666667,35.612,107.4113856,12.88936627,20892.13692,0.503243091,0.1519,0.1414,18615,0.353402837871664,0.302622041660002
50,"META",50573,"PUERTO LOPEZ",2018,30405,0.672141231,0.327858769,32514,1,1.097413,109.7271,50.3944,5.0224,0.2629,5.4694,74.97,66.53,68.36,69.95333333,72.2472,0,10.20408163,4250.779913,0.139805292,0.1253,0.1181,44403,0.294087626890025,0.257805911629874
50,"META",50577,"PUERTO LLERAS",2018,10429,0.915366146,0.084633854,8330,0.798734299,0.648798,64.8798,27.907,1.558,0,8.5978,36.91,35.65,27.46,33.34,58.7401,0,17.69911504,778.82619,0.074678894,0.1529,0.1423,31525,0.248965441590174,0.222315561897699
50,"META",50590,"PUERTO RICO",2018,13079,0.881990809,0.118009191,11533,0.881795244,0.844787,84.4787,27.4059,0,0,0,12.16,12.16,12.16,12.16,15.4812,0,11.83431953,673.474551,0.051492817,0.3816,0.3233,11374,0.238167950196585,0.213632827578513
50,"META",50606,"RESTREPO",2018,18285,0.617490196,0.382431373,12750,0.697292863,1.090193,108.9921,64.127,3.39455,1.8175,4.40115,63,56.74,72.31,64.01666667,97.317,0,9.756097561,853.367259,0.046670345,0.1151,0.1089,25934,1.21805145444393,0.796629087236157
50,"META",50680,"SAN CARLOS GUAROA",2018,12294,0.62976178,0.37023822,9529,0.775093542,0.917319,91.7319,36.4224,6.5911,1.949,10.8079,65.65,66.15,67.56,66.45333333,91.2957,0,5.291005291,4867.71145,0.395942041,0.5794,0.4571,136851,2.09468300828571,0.890416301570422
50,"META",50683,"SAN JUAN DE ARAMA",2018,9116,0.907821627,0.092178373,7019,0.769964897,0.778889,77.8889,25.9162,8.6353,1.2077,5.6159,32.3,32.3,32.3,32.3,75.5556,0,10.52631579,226.2780722,0.024822079,0.2559,0.2278,11170,0.255881803248364,0.22783795792381
50,"META",50686,"SAN JUANITO",2018,1297,0.929903537,0.070096463,1555,1,1.105096,110.5096,62.5,2.1739,2.1739,0.5435,67.28,67.32,93.07,75.89,93.319,0,0,5.28139,0.004072005,0.2921,0.2563,75024,0.243202011881678,0.217690318938879
50,"META",50689,"SAN MARTIN",2018,26700,0.639960435,0.360039565,22242,0.833033708,0.844541,84.4541,35.9649,6.8006,2.2407,7.89695,82.52,80.88,79.54,80.98,66.3545,0,15.29051988,1211.976734,0.045392387,0.0862,0.0827,14019,0.277354768709599,0.24479135264855
50,"META",50711,"VISTA HERMOSA",2018,17776,0.945220761,0.054779239,17032,0.958145815,0.974109,97.3872,34.5938,7.1953,0,6.0206,49.52,38.73,41.2,43.15,48.0503,0,7.490636704,102.502337,0.005766333,0.1718,0.1586,26170,0.2381333507758,0.213555731440229
52,"NARINO",52001,"PASTO",2018,392934,0.58673134,0.413249536,418309,1,1.049416,104.7584,54.9128,1.659,3.3844,7.1407,68.8,67.31,50.36,62.15666667,99.3196,21.14164905,10.99365751,37450.69744,0.095310402,0.4139,0.3464,21274,1.22413510455884,0.799368122995939
52,"NARINO",52019,"ALBAN",2018,9641,0.958746481,0.041253519,8169,0.847318743,0.866327,86.6327,48.6667,0,0,0,100,33.61,37.6,57.07,98.6076,0,0,54.050235,0.005606289,0.2495,0.2227,75360,0.40698338970926,0.341447972596511
52,"NARINO",52022,"ALDANA",2018,7392,0.939958592,0.060041408,8211,1,1.118577,111.8577,55.7522,1.7173,2.5099,0.1321,63.73,51.54,51.54,55.60333333,98.0406,0,14.70588235,50.808961,0.006873507,0.2021,0.1841,28668,0.750792787024793,0.560068706509343
52,"NARINO",52036,"ANCUYA",2018,8781,0.947724709,0.052275291,7977,0.908438674,0.876645,87.6645,54.3103,0.3393,0.5089,0.0848,100,30.19,30.19,53.46,98.453,0,19.23076923,90.28749172,0.010282142,0.1136,0.1076,22650,0.283097943532407,0.249277422183865
52,"NARINO",52051,"ARBOLEDA",2018,8437,0.958379733,0.041620267,7184,0.851487496,0.791888,79.1888,39.7112,2.8309,2.9817,0.153,14.17,14.17,14.17,14.17,97.0885,0,15.87301587,29.787293,0.003530555,0.1606,0.1489,10248,0.330130275483536,0.285276888928109
52,"NARINO",52079,"BARBACOAS",2018,55628,0.975082928,0.024917072,38889,0.699090386,0.647259,64.7259,8.5598,3.0933,0.57,6.589,62.97,60.38,59,60.78333333,44.9426,148.3679525,7.418397626,821.178296,0.01476196,0.1411,0.132,40406,0.263374059167585,0.233785966714745
52,"NARINO",52083,"BELEN",2018,6335,0.959992981,0.040007019,5699,0.899605367,0.927975,92.7975,50.5618,0,0,0,42.4,41.8,41.92,42.04,99.4872,0,0,125.703012,0.019842622,0.454,0.3744,72742,0.289955115885598,0.254607423881126
52,"NARINO",52110,"BUESACO",2018,23906,0.955417066,0.044582934,20860,0.872584288,0.795455,79.5455,28.8413,0.3638,1.0355,1.2594,14.02,14.02,14.02,14.02,94.0746,0,10,181.389193,0.007587601,0.1129,0.1069,34162,0.387279392190851,0.327344557377944
52,"NARINO",52203,"COLON",2018,8528,0.961173021,0.038826979,8525,0.999648218,0.928622,92.8622,37.037,0,0,0,23.74,21.46,18.86,21.35333333,98.9217,0,28.16901408,43.3943135,0.005088451,0.107,0.1016,13533,0.341178016319357,0.293548344422333
52,"NARINO",52207,"CONSACA",2018,13790,0.956626506,0.043373494,9960,0.722262509,0.669663,66.9663,29.2517,0.4389,1.0031,1.0031,48.1,6.7,24.57,26.45666667,98.6291,0,0,141.552817,0.010264889,0.0468,0.0457,16704,0.4408533697935,0.365235555971412
52,"NARINO",52210,"CONTADERO",2018,7273,0.958444851,0.041555149,7099,0.976075897,0.605388,60.5388,32.4201,0.2469,1.4815,0,99.94,26.05,24.27,50.08666667,86.7787,0,16.39344262,33.487569,0.004604368,0.3765,0.3195,12611,0.643647749442512,0.496918009346735
52,"NARINO",52215,"CORDOBA",2018,15509,0.974099243,0.025900757,15598,1,0.853152,85.3152,44.9715,0,0,0,8.99,8.99,8.99,8.99,96.3237,0,27.39726027,110.633031,0.007133473,0.2139,0.1938,21808,0.385533697231703,0.326085406376059
52,"NARINO",52224,"CUASPUD",2018,9210,0.981076286,0.018923714,10146,1,0.666863,66.6863,33.4483,0.4914,3.0303,0.0819,59.64,59.71,56.42,58.59,95.5737,0,9.900990099,36.928264,0.004009583,0.344,0.2957,13973,0.695977630888295,0.528259347947999
52,"NARINO",52227,"CUMBAL",2018,36870,0.963694945,0.036305055,34761,0.942799024,0.837549,83.7549,52.1592,0.5543,2.8029,0.095,52.95,30.88,30.88,38.23666667,91.6735,0,6.211180124,213.164768,0.005781523,0.1099,0.1043,28187,0.265256670943294,0.235275003529129
52,"NARINO",52233,"CUMBITARA",2018,5946,0.969646086,0.030353914,7742,1,1.227032,122.7032,43.578,1.4474,2.4342,0,77.63,47.18,9,44.60333333,91.7246,0,0,26.54675,0.00446464,0.0673,0.0652,11045,0.261860795310671,0.232587453209855
52,"NARINO",52240,"CHACHAGUI",2018,15359,0.930091743,0.069908257,10900,0.70968162,0.812179,81.1445,35.8717,2.5641,8.8112,0,31.49,11.78,20.82,21.36333333,84.2132,0,7.299270073,547.758312,0.03566367,15939,0.9531,574486,0.497532433909684,0.403818709477217
52,"NARINO",52250,"EL CHARCO",2018,22501,0.98293821,0.01706179,21217,0.94293587,1.052722,105.2722,20.0403,1.7417,1.3061,0.0726,100,100,100,100,78.1362,0,8.746355685,0,0,0.9415,0.6634,28889,0.241982346257391,0.216708769446814
52,"NARINO",52254,"EL PENOL",2018,7439,0.969062351,0.030937649,6303,0.847291303,0.839861,83.9861,47.0085,0.1898,0,5.0285,38.53,29.53,100,56.02,96.9376,0,21.73913043,88.959809,0.011958571,0.1816,0.1669,14340,0.304406951025096,0.26506594697722
52,"NARINO",52256,"EL ROSARIO",2018,12278,0.98471561,0.01528439,7982,0.65010588,0.505268,50.5268,21.513,3.3981,9.1424,1.7799,23.61,23.61,23.61,23.61,97.549,0,21.27659574,17.44726,0.001421018,0.0936,0.0894,11061,0.276026034333219,0.243750587796918
52,"NARINO",52258,"EL TABLON",2018,14340,0.961950735,0.038049265,14087,0.982357043,0.909343,90.9343,40.668,2.478,2.518,4.3965,38.07,24.44,20.68,27.73,95.5142,0,7.407407407,140.519403,0.009799122,0.5765,0.4552,79037,0.291407029138553,0.255732344232859
52,"NARINO",52260,"EL TAMBO",2018,14286,0.966243167,0.033682966,13538,0.947641047,0.862143,86.2143,47.7477,0,0,0,36.31,36.31,21.13,31.25,98.245,0,0,82.226991,0.005755774,18698,10542,102025,0.295071949712004,0.258566253231292
52,"NARINO",52287,"FUNES",2018,7240,0.962946625,0.037053375,6801,0.939364641,0.72028,72.028,41.6,1.0837,2.1675,0.197,100,40.76,31.14,57.3,94.0199,0,36.36363636,75.951964,0.010490603,0.3594,0.307,7750,0.331987204918721,0.286671966155184
52,"NARINO",52317,"GUACHUCAL",2018,19458,0.954273389,0.045726611,18545,0.953078425,0.883396,88.3396,55.408,0.2824,1.6937,0.1765,75.68,17.28,11.01,34.65666667,96.2337,0,14.08450704,81.575867,0.004192408,0.2203,0.1991,6865,0.300411247664935,0.262680558798807
52,"NARINO",52320,"GUAITARILLA",2018,11567,0.966561304,0.033438696,12022,1,0.813694,81.3694,44.2623,0.9302,3.8953,0.2326,100,30.92,30.92,53.94666667,98.4083,0,12.19512195,164.346384,0.014208212,20895,1128,17240,0.320325663522959,0.277878420959311
52,"NARINO",52323,"GUALMATAN",2018,7053,0.96501553,0.03498447,6117,0.867290515,0.997225,99.7225,47.8673,0.26,5.4593,0,100,76.39,34.21,70.2,97.502,0,0,60.952252,0.008642032,0.0398,0.039,7436,0.387832880583966,0.327743451798097
52,"NARINO",52352,"ILES",2018,7655,0.966532624,0.033467376,7709,1,0.91153,91.153,55.9184,0.4317,4.8921,1.5108,40.64,16.01,17.66,24.77,95.0157,0,0,68.310465,0.00892364,0.2155,0.1952,24556,0.37628295251683,0.319386352467892
52,"NARINO",52354,"IMUES",2018,7645,0.948267754,0.051732246,6379,0.83440157,0.890734,89.0734,55.1724,1.0714,1.5165,0.2679,78.9766666666667,29.8933333333333,28.355,45.7416666683333,97.8033,0,17.24137931,132.258957,0.01730006,0.0234,0.0231,1896,0.592127223403781,0.465070998427576
52,"NARINO",52356,"IPIALES",2018,116128,0.781123713,0.218876287,130407,1,1.045547,104.5086,47.598,0.8443,4.2069,0.1013,65.31,58.13,57.61,60.35,93.973,0,7.294429708,8940.742737,0.076990413,0.0461,0.0451,8473,0.467387611088626,0.383483684498471
52,"NARINO",52378,"LA CRUZ",2018,18746,0.939384909,0.060555489,16778,0.895017604,0.882174,88.2174,51.1883,1.4428,2.1291,0.1718,100,47.01,47.01,64.67333333,99.1806,0,13.69863014,397.689255,0.021214619,0.1152,0.109,4122,0.408235478652334,0.342337487113271
52,"NARINO",52381,"LA FLORIDA",2018,10102,0.955123411,0.044876589,9359,0.926450208,0.876397,87.6397,41.9014,0.2851,3.4925,0.6415,29.89,8.93,29.89,22.90333333,98.0321,0,0,133.259238,0.013191372,0.0924,0.0884,12853,0.375980616039933,0.319166652231645
52,"NARINO",52385,"LA LLANADA",2018,6494,0.956214367,0.043785633,4385,0.675238682,0.670742,67.0742,34.2995,0.1106,3.208,0,42.96,42.96,42.96,42.96,92.9363,0,18.86792453,64.240283,0.009892252,12524,0.812,73899,0.278694785605359,0.245839858939253
52,"NARINO",52390,"LA TOLA",2018,7390,0.983663944,0.016336056,5999,0.811772666,0.834297,83.4297,19.2192,0.7551,0.5191,0.0472,100,100,100,100,92.2148,0,27.02702703,26.804298,0.003627104,0.5015,0.4065,16202,0.233465514377583,0.209827699059028
52,"NARINO",52399,"LA UNION",2018,31849,0.883793383,0.116175463,32098,1,0.909697,90.9697,39.959,0,0,0,100,44.07,44.07,62.71333333,98.6816,0,5.934718101,464.793565,0.014593663,0.0067,0.0067,29571,0.446448151090204,0.369111000401862
52,"NARINO",52405,"LEYVA",2018,9771,0.983661185,0.016338815,9303,0.952103162,0.788489,78.8489,31.6062,1.4517,0.4467,1.5075,42.43,26.97,28.66,32.68666667,73.0093,0,10.63829787,31.41748587,0.003215381,0.0033,0.0032,9695,0.255974885327134,0.227851084351507
52,"NARINO",52411,"LINARES",2018,10217,0.967559799,0.032440201,9741,0.953410982,0.887677,88.7677,37.7049,0.8667,1.6656,5.9333,71.31,20.51,20.2,37.34,98.2382,0,0,54.930211,0.005376354,0.054,0.0526,12161,0.395988906867911,0.333603057938917
52,"NARINO",52418,"LOS ANDES",2018,9557,0.960862285,0.039137715,9556,0.999895365,0.952649,95.2649,52.6154,3.4211,1.3158,1.5263,26.18,25.29,25.29,25.58666667,95.2877,0,21.27659574,125.545814,0.01313653,0.001,0.001,7280,0.249144784293637,0.222459144596263
52,"NARINO",52427,"MAGUI",2018,24706,0.984371486,0.015628514,8894,0.359993524,0.357094,35.7094,3.937,0.2638,0.1319,0,39.68,39.68,39.68,39.68,71.3607,0,33.89830508,0,0,0.0094,0.0094,11781,0.25319791411397,0.225698615646677
52,"NARINO",52435,"MALLAMA",2018,8993,0.960151803,0.039848197,7905,0.879017013,0.823245,82.3245,36.2712,0.5222,0.7833,0,13.93,13.93,13.93,13.93,96.3399,0,26.66666667,127.45096,0.014172241,0.022,0.0218,8692,0.25540162563752,0.227455541816435
52,"NARINO",52473,"MOSQUERA",2018,11982,0.984263032,0.015736968,7117,0.593974295,0.566573,56.6573,8.4715,0,0,0,55.33,0,55.33,36.88666667,73.1128,0,8.547008547,21.2,0.001769321,0.1018,0.097,53006,0.212818840732124,0.192947270689761
52,"NARINO",52480,"NARI¥O",2018,4358,0.9308317,0.0691683,3571,0.819412575,0.749304,74.9304,50.3876,0,0,0,83,43.39,43.39,56.59333333,99.662,0,28.98550725,35.432102,0.008130358,0.0107,0.0106,10704,0.680323030130758,0.494590110399665
52,"NARINO",52490,"OLAYA HERRERA",2018,25373,0.987036096,0.012963904,19670,0.775233516,0.822682,82.2682,13.2353,1.1058,0.4801,0,54.46,54.51,54.46,54.47666667,69.9892,0,15.26717557,4.688087,0.000184767,0.0429,0.042,32222,0.244975594540749,0.219115926946019
52,"NARINO",52506,"OSPINA",2018,7106,0.962078864,0.037921136,6619,0.931466366,0.841828,84.1828,45.3704,0.578,0.5775,0.0963,43.91,29.03,27.77,33.57,98.7478,0,28.57142857,21.285564,0.002995435,0.01,0.01,13492,1.32173166780648,0.842313315791178
52,"NARINO",52520,"FRANCIS PIZARRO",2018,14193,0.984534535,0.015465465,6660,0.469245403,0.486583,48.6583,7.3333,0.9553,5.1785,5.1282,53.44,0,53.44,35.62666667,59.5238,0,9.009009009,0.552,3.88924e-05,0.4686,0.3843,21173,0.250354572889772,0.223088494900521
52,"NARINO",52540,"POLICARPA",2018,9896,0.97744186,0.02255814,12900,1,1.122177,112.2177,28.6822,0.2957,2.1969,0.0422,41.27,41.27,41.27,41.27,83.6714,0,7.462686567,28.415143,0.002871377,0.1346,0.1263,14424,0.289937149228629,0.254593495658454
52,"NARINO",52560,"POTOSI",2018,10412,0.964431757,0.035568243,12961,1,1.053482,105.3482,53.6913,0.9843,2.0669,1.6732,60.46,38.56,37.9,45.64,99.5154,0,8.474576271,78.110774,0.007501995,0.0206,0.0203,9444,0.414696574911482,0.346915073409263
52,"NARINO",52565,"PROVIDENCIA",2018,5561,0.964396004,0.035603996,5505,0.989929869,0.721893,72.1893,41.6216,0.60965,2.16185,4.2858,14.04,14.04,14.04,14.04,98.0082,0,0,32.753531,0.005889864,0.0249,0.0245,1395,0.299199454074133,0.261748270223628
52,"NARINO",52573,"PUERRES",2018,8573,0.960759638,0.039240362,8741,1,0.91129,91.129,54.4747,0.4098,8.4699,0.2732,83.56,83.19,83.56,83.43666667,97.2818,0,14.08450704,318.26976,0.037124666,0.0328,0.0323,28332,0.341654021051345,0.293903196854653
52,"NARINO",52585,"PUPIALES",2018,17500,0.952448623,0.047551377,18296,1,1.068868,106.7803,55.7312,1.9558,1.2618,0.0631,72.45,12.99,15.95,33.79666667,99.1539,0,11.49425287,191.668338,0.010952476,22944,11922,579176,0.476676214735645,0.389793761328964
52,"NARINO",52612,"RICAURTE",2018,19626,0.961347111,0.038605052,20904,1,0.761905,76.1905,15.4676,0,0,0,19.37,19.37,19.37,19.37,55.5509,0,9.036144578,138.421725,0.007052977,0.0119,0.0119,18421,0.270668167267957,0.239542878079043
52,"NARINO",52621,"ROBERTO PAYAN",2018,12658,0.976799367,0.023200633,11379,0.898957181,0.875633,87.5633,14.0138,0.478,0.3186,0,31.27,31.27,50.98,37.84,80.9508,757.5757576,7.575757576,6.556307,0.000517958,0.2688,0.238,9628,0.245960767315259,0.219906932963647
52,"NARINO",52678,"SAMANIEGO",2018,29433,0.932965093,0.067034907,30596,1,0.845857,84.5857,33.0561,0.9503,1.8776,0.5525,79.62,21.34,24.96,41.97333333,84.1648,0,13.5501355,139.060674,0.004724652,0.5633,0.4468,7748,0.300244404815224,0.262552250501028
52,"NARINO",52683,"SANDONA",2018,20775,0.935594569,0.064405431,20107,0.967845969,0.887637,88.7637,36.8421,1.9114,7.8981,0.5416,95.22,68.96,32.19,65.45666667,99.168,0,10.75268817,531.72742,0.025594581,0.0844,0.081,8823,0.51999240919429,0.41870534089459
52,"NARINO",52685,"SAN BERNARDO",2018,9200,0.948943431,0.051056569,7619,0.828152174,0.759403,75.9403,39.8551,0,0,0,100,25.5,57.98,61.16,98.867,0,0,76.536416,0.008319176,0.2334,0.2097,9049,0.305787634077048,0.266806409727889
52,"NARINO",52687,"SAN LORENZO",2018,18479,0.964809384,0.035190616,16709,0.904215596,0.926652,92.6652,47.4715,0.875,0.4686,0.4063,8.62,8.62,8.7,8.646666667,98.0396,0,0,43.983939,0.002380212,0,0,63548,0.340106861252348,0.292749357986426
52,"NARINO",52693,"SAN PABLO",2018,15395,0.936689117,0.063239986,14105,0.916206561,0.825666,82.5666,35.4348,0,0,0,100,32.54,32.54,55.02666667,98.1189,0,0,240.606923,0.0156289,0.3392,0.2921,6288,0.537735784010645,0.430311064394869
52,"NARINO",52694,"SAN PEDRO DE CARTAGO",2018,6850,0.969405853,0.030594147,6766,0.987737226,0.777419,77.7419,37.3913,3.3994,1.0387,0.1889,24.59,14.93,98.01,45.84333333,98.2724,0,0,157.555032,0.023000735,0.1318,0.1239,25040,0.347232995125409,0.298052855837103
52,"NARINO",52696,"SANTA BARBARA",2018,13422,0.984883593,0.015116407,9063,0.675234689,0.745612,74.5612,2.9361,0,0,1.0433,41.55,41.55,41.55,41.55,83.8971,0,11.23595506,32.615941,0.002430036,0.9421,0.6638,16366,0.256219361516659,0.228106703685376
52,"NARINO",52699,"SANTACRUZ",2018,10790,0.970374275,0.029625725,9485,0.87905468,0.675172,67.5172,22.4274,0.7984,4.6574,3.5928,100,43.96,43.96,62.64,75.6741,0,14.08450704,14.840811,0.001375423,0.2745,0.2425,8501,0.320598009410788,0.277142294220826
52,"NARINO",52720,"SAPUYES",2018,7358,0.957219251,0.042780749,6545,0.889508018,0.79085,79.085,31.9328,0.5618,2.1536,0,100,60.91,60.91,73.94,98.9344,0,22.72727273,20.443815,0.002778447,0.216,0.1956,15175,0.393849425678242,0.332069290491444
52,"NARINO",52786,"TAMINANGO",2018,17862,0.968975829,0.031024171,16052,0.898667562,0.972838,97.2838,52.8029,1.6882,1.1255,0,23.53,23.53,17.55,21.53666667,97.333,625,12.5,198.788699,0.01112914,0.7186,0.5415,7530,0.291891965023296,0.256107783461175
52,"NARINO",52788,"TANGUA",2018,13514,0.919483897,0.080516103,9998,0.739825366,0.619823,61.9823,34.3137,0.6878,0.1376,0.4814,14.82,12.64,12.64,13.36666667,98.3954,0,21.73913043,96.844297,0.00716622,0.0847,0.0813,16735,0.470075403381542,0.385313694292486
52,"NARINO",52835,"TUMACO",2018,253643,0.859229165,0.140760001,184605,0.72781429,0.687573,68.718,20.3104,1.5641,2.9175,6.0935,50.7525,22.9125,54.6875,42.7841666675,72.0752,143.307538,10.89137289,5124.877417,0.020205081,0.6943,0.5273,9889,0.292284110621933,0.256411281048156
52,"NARINO",52838,"TUQUERRES",2018,44745,0.879658753,0.120341247,46418,1,0.892382,89.2382,29.5717,0.8826,4.4671,3.4623,89.31,38.2,38.2,55.23666667,96.5075,0,14.70588235,615.195818,0.013748929,0.0701,0.0677,40406,0.404224978991655,0.339485534213378
52,"NARINO",52885,"YACUANQUER",2018,10940,0.937088441,0.062911559,9871,0.902285192,0.842418,84.2418,51.6854,1.6619,0.745,2.235,100,24.44,24.44,49.62666667,97.868,0,9.433962264,44.023033,0.004024043,0.0149,0.0148,5948,0.331602264186868,0.286382927067894
54,"NORTE DE SANTANDER",54001,"CUCUTA",2018,711714,0.608290757,0.391701788,804824,1,0.973352,97.2283,46.7542,3.5246,2.0307,4.6951,78.49,77.92,89.5,81.97,63.816,33.74103754,10.71277942,49126.3694,0.069025436,0.0012,0.0012,22396,2.52438766975983,1.25970671046835
54,"NORTE DE SANTANDER",54003,"ABREGO",2018,31785,0.975434042,0.024565958,30815,0.96948246,0.938175,93.804,27.649,4.6717,2.9298,4.2847,69.23,70.83,70.33,70.13,88.4242,226.2443439,9.049773756,342.553956,0.010777221,0.0443,0.0434,7831,0.207559184856434,0.188601119717284
54,"NORTE DE SANTANDER",54051,"ARBOLEDAS",2018,9602,0.961291077,0.038708923,8551,0.890543637,0.812984,81.2984,43.8547,2.7152,0.4622,2.022,17.91,21.21,21.21,20.11,84.8024,0,9.174311927,58.111173,0.006051986,0.0226,0.0223,12872,0.212805054645157,0.192935903645601
54,"NORTE DE SANTANDER",54099,"BOCHALEMA",2018,8102,0.917114214,0.082885786,5586,0.689459393,0.851759,85.1759,35.8696,4.7854,0.7037,7.4595,50.68,50.68,50.68,50.68,57.4936,0,0,69.754229,0.008609507,0.0626,0.0607,14671,0.283756825927142,0.249790799424405
54,"NORTE DE SANTANDER",54109,"BUCARASICA",2018,6247,0.977744807,0.022255193,4718,0.755242516,0.726807,72.6807,28.9796,3.7101,0.8628,1.9845,34.05,9.23,38.06,27.11333333,59.0866,0,0,80.816189,0.0129368,0.0585,0.0569,14548,0.20346487337381,0.185204790755471
54,"NORTE DE SANTANDER",54125,"CACOTA",2018,2791,0.955827765,0.044172235,2694,0.965245432,0.924324,92.4324,40,2.0638,0,0,13.99,13.93,13.87,13.93,94.152,0,0,182.483866,0.065382969,0,0,15667,0.257764726803604,0.229336119168768
54,"NORTE DE SANTANDER",54128,"CACHIRA",2018,10997,0.96769211,0.03230789,7769,0.7064654,0.74354,74.354,37.2093,4.5637,1.002,3.5607,24.67,24.69,26.86,25.40666667,97.7581,0,9.615384615,111.577115,0.010146141,0.1399,0.1309,7441,0.217299215111412,0.196634646654936
54,"NORTE DE SANTANDER",54172,"CHINACOTA",2018,17273,0.889623103,0.110376897,12258,0.709662479,0.911243,91.1243,45.9691,3.3008,4.3683,5.973,45.06,42.55,45.13,44.24666667,97,0,22.72727273,237.470801,0.013748092,0.347,0.2979,20468,0.751015654489826,0.560195993577757
54,"NORTE DE SANTANDER",54174,"CHITAGA",2018,11556,0.968916599,0.031083401,11067,0.95768432,0.79347,79.347,29.3303,1.7118,0.0951,1.5216,31.68,31.66,30.61,31.31666667,84.582,0,8.196721311,104.491243,0.009042164,0.2409,0.2158,11604,0.212261253798083,0.192487420357291
54,"NORTE DE SANTANDER",54206,"CONVENCION",2018,18462,0.980022136,0.019977864,18070,0.978767197,0.98511,98.511,32.4468,4.7381,0.4383,2.129,39.15,32.47,30.7,34.10666667,84.4213,0,18.72659176,246.512908,0.013352449,0.6111,0.4769,7609,0.193790910428091,0.177133882741261
54,"NORTE DE SANTANDER",54223,"CUCUTILLA",2018,8107,0.972207084,0.027792916,7340,0.905390403,0.842326,84.2326,42.5743,2.5572,0.0673,4.9125,13,11.58,13.21,12.59666667,87.1652,0,13.15789474,120.4852608,0.01486188,0.4732,0.3874,7678,0.240017167998296,0.215125224681018
54,"NORTE DE SANTANDER",54239,"DURANIA",2018,4531,0.931603202,0.068396798,4123,0.909953653,0.840188,84.0188,50,3.5111,3.251,3.9012,39.72,39.72,41.26,40.23333333,93.4104,0,0,58.79351,0.012975835,0.4512,0.3724,7836,0.303274891217071,0.264880243825389
54,"NORTE DE SANTANDER",54245,"EL CARMEN",2018,13153,0.980622785,0.019377215,13263,1,0.807896,80.7896,26.087,5.0967,0.0372,7.5521,33.56,33.59,37.59,34.91333333,69.1582,645.1612903,6.451612903,90.09999,0.006850147,0.4244,0.3538,121440,0.183862583069871,0.168782468129753
54,"NORTE DE SANTANDER",54250,"EL TARRA",2018,20079,0.99210855,0.00789145,17614,0.877234922,0.883544,88.3544,20.2638,4.0797,0.4596,1.4174,34.61,34.61,34.4,34.54,74.1684,0,12.95336788,449.9069502,0.02240684,0.2481,0.2216,19560,0.161532246414721,0.149740035576243
54,"NORTE DE SANTANDER",54261,"EL ZULIA",2018,26696,0.911329094,0.088670906,25792,0.966137249,0.95931,95.931,38.6018,3.9944,0.1935,3.9768,46.57,45.422,47.738,46.576666666,87.1658,0,2.762430939,486.2776831,0.018215376,0.1853,0.17,10098,0.417810040788808,0.349113456363772
54,"NORTE DE SANTANDER",54313,"GRAMALOTE",2018,7293,0.893573551,0.106426449,5384,0.73824215,0.75825,75.825,42.2311,1.8674,0,0,0,0,0,0,96.4209,0,37.73584906,617.2005,0.084629165,0.0454,0.0444,6565,0.2967575922946,0.259866989096008
54,"NORTE DE SANTANDER",54344,"HACARI",2018,9996,0.989331226,0.010668774,10123,1,0.858273,85.8273,20.7059,1.8352,0.4686,1.64,12.05,8.12,11.98,10.71666667,94.8988,0,16,31.89874411,0.003191151,0.0078,0.0078,7838,0.17410103398877,0.160502777318636
54,"NORTE DE SANTANDER",54347,"HERRAN",2018,6745,0.966472707,0.033527293,3609,0.53506301,0.382819,38.2819,21.875,2.7778,0.4274,8.3333,19.94,17.55,19.23,18.90666667,84.4828,0,0,57.175209,0.00847668,0.3248,0.2812,34338,0.348776291929305,0.299197730952985
54,"NORTE DE SANTANDER",54377,"LABATECA",2018,6261,0.951424987,0.048575013,5579,0.891071714,0.755401,75.5401,47.9638,0.9681,0.0968,5.7115,18.73,18.73,18.73,18.73,94.8107,2564.102564,51.28205128,33.16561,0.005297175,0.0158,0.0156,9779,0.242502846784352,0.21712777016055
54,"NORTE DE SANTANDER",54385,"LA ESPERANZA",2018,11360,0.970087729,0.029912271,9461,0.832834507,0.909153,90.9153,29.6214,4.3812,1.935,4.4907,30.42,30.42,30.42,30.42,93.5249,787.4015748,0,185.4165,0.016321875,0.178,0.1638,10242,0.344705987017375,0.296175392144889
54,"NORTE DE SANTANDER",54398,"LA PLAYA",2018,7590,0.985695236,0.014304764,8249,1,0.941375,94.1375,32.646,3.274,3.6186,4.0781,16.62,14.67,15.32,15.53666667,96.1832,0,0,70.6387,0.009306812,0.0092,0.0091,9553,0.26105452355234,0.231948294392473
54,"NORTE DE SANTANDER",54405,"LOS PATIOS",2018,89100,0.70773018,0.29226982,57683,0.647396184,0.802345,80.1883,39.158,3.6794,0.4805,5.9518,100,100,100,100,94.7668,0,12.37623762,3607.061186,0.040483291,0.0019,0.0019,27970,0.9728582650138,0.679483387163452
54,"NORTE DE SANTANDER",54418,"LOURDES",2018,3953,0.937358916,0.062641084,3544,0.896534278,0.795711,79.5711,28.2759,3.7552,0.2782,11.4047,43.84,43.74,43.84,43.80666667,93.9338,0,23.25581395,14.0307,0.00354938,0.019,0.0188,8934,0.315841192420149,0.274476151168603
54,"NORTE DE SANTANDER",54480,"MUTISCUA",2018,4152,0.975811042,0.024188958,3514,0.846339114,0.912048,91.2048,46.5753,4.7799,0.3774,10.8176,7.95,7.95,7.69,7.863333333,81.2571,0,22.22222222,41.5265666,0.010001582,0.0074,0.0074,12081,0.257052377049817,0.228769597037399
54,"NORTE DE SANTANDER",54498,"OCAÑA",2018,118266,0.707150795,0.292849205,120574,1,0.883706,88.3075,40.9809,4.3387,0.5774,9.4798,78.23,78.23,78.23,78.23,96.0301,0,11.70079398,2685.352681,0.022706041,12288,0.8015,4530,0.488050540706198,0.345417228542121
54,"NORTE DE SANTANDER",54518,"PAMPLONA",2018,50019,0.612126827,0.387873173,48570,0.971031008,0.932163,93.1508,46.328,4.4242,1.0323,9.3444,100,98.93,98.93,99.28666667,96.875,0,9.360374415,1303.018187,0.026050465,0.0129,0.0128,26822,0.62946763856551,0.488253359365538
54,"NORTE DE SANTANDER",54520,"PAMPLONITA",2018,5419,0.913623442,0.086376558,4573,0.843882635,0.881769,88.1769,53.8462,2.5837,0.0956,2.488,13.33,13.33,13.33,13.33,97.293,0,25.64102564,72.018803,0.013290054,0.4254,0.3545,7111,0.298418833631734,0.2611472423747
54,"NORTE DE SANTANDER",54553,"PUERTO SANTANDER",2018,8495,0.976921757,0.023078243,11656,1,0.894968,89.4968,34.3465,4.9863,0.4384,9.6438,82.6,82.6,82.6,82.6,73.1343,0,16.12903226,132.0269878,0.015541729,18894,10611,403166,0.331056121706994,0.28597270359317
54,"NORTE DE SANTANDER",54599,"RAGONVALIA",2018,5897,0.96446863,0.03553137,6248,1,0.829902,82.9902,25.2577,4.4979,1.1506,11.6109,27.84,30.25,30.61,29.56666667,92.517,0,17.54385965,103.330943,0.017522629,0.0087,0.0087,9905,0.320974674712317,0.278369854056126
54,"NORTE DE SANTANDER",54660,"SALAZAR",2018,10216,0.932276657,0.067723343,9022,0.883124511,0.861886,86.1886,42.7861,2.3981,0.6235,5.3237,43.13,43.13,43.13,43.13,69.5324,0,19.23076923,145.6277097,0.014254866,0.0738,0.0712,10402,0.232314167716779,0.208893838866376
54,"NORTE DE SANTANDER",54670,"SAN CALIXTO",2018,12009,0.995771046,0.004228954,10168,0.84669831,0.774692,77.4692,11.2705,6.25,0.4922,0,9.59,9.59,9.59,9.59,86.0201,0,0,147.643058,0.012294367,0.1092,0.1037,5555,0.170357940306473,0.157309633907922
54,"NORTE DE SANTANDER",54673,"SAN CAYETANO",2018,6989,0.901911469,0.098088531,3976,0.568893976,0.861037,86.1037,40.9836,2.0845,1.05555,3.9859,52.84,47.67,47.67,49.39333333,92.5654,0,19.23076923,492.52327,0.070471208,0.0872,0.0836,8534,0.675040067701933,0.515837086007006
54,"NORTE DE SANTANDER",54680,"SANTIAGO",2018,3366,0.951256664,0.048743336,2626,0.780154486,0.824536,82.4536,35.1563,0,0,0,50.76,50.76,50.76,50.76,58.7571,0,0,19.282,0.005728461,0.4584,0.3774,17327,0.336231088307137,0.289853030446591
54,"NORTE DE SANTANDER",54720,"SARDINATA",2018,25157,0.920964075,0.079035925,21990,0.874110586,0.825819,82.5819,25.4726,3.9481,1.2379,4.819,50.76,50.76,50.76,50.76,38.9984,0,15.67398119,260.548381,0.010356894,0.0093,0.0092,22530,0.224076862139922,0.202186977984506
54,"NORTE DE SANTANDER",54743,"SILOS",2018,6166,0.979677352,0.020322648,4773,0.774083685,0.929301,92.9301,38.9744,3.0428,0.3289,6.3322,16.21,16.21,23.5,18.64,96.7262,0,0,52.751424,0.00855521,0,0,12427,0.248075549811408,0.221602804822822
54,"NORTE DE SANTANDER",54800,"TEORAMA",2018,16202,0.991247828,0.008752172,15539,0.959079126,0.908751,90.8751,27.5542,6.5377,4.7736,1.8364,13.68,12.92,22.76,16.45333333,89.6627,0,4.807692308,117.204827,0.007233973,0.0371,0.0365,29401,0.186439106979348,0.170956474025356
54,"NORTE DE SANTANDER",54810,"TIBU",2018,53610,0.842775446,0.157224554,48612,0.906771125,0.97945,97.9377,25.3661,5.5679,0.1331,6.64,24.75,24.75,24.75,24.75,62.3062,84.9617672,15.2931181,3196.973085,0.059633895,0.1674,0.1547,9192,0.236757384695517,0.212492942157393
54,"NORTE DE SANTANDER",54820,"TOLEDO",2018,15424,0.895014215,0.104985785,14421,0.934971473,1.05069,105.069,53.0864,0,0,0,23.22,23.22,19.85,22.09666667,82.5553,0,5.434782609,1306.596037,0.08471188,0.064,0.062,18725,0.230122802230923,0.207114003612856
54,"NORTE DE SANTANDER",54871,"VILLA CARO",2018,4996,0.942734123,0.057265877,4645,0.929743795,0.817959,81.7959,26.2887,9.1912,0,6.1581,49.18,29.57,29.57,36.10666667,98.1132,0,0,67.118471,0.013434442,0.306,0.267,15407,0.213621126840715,0.193608557305996
54,"NORTE DE SANTANDER",54874,"VILLA DEL ROSARIO",2018,101944,0.903857503,0.096142497,93195,0.914178372,0.807601,80.6861,35.2303,5.0476,0.6873,9.3453,28.5,26.16,20.14,24.93333333,98.6369,0,7.819287576,3744.501488,0.036730965,0.2046,0.1862,6842,3.52724453982385,1.51011348506953
63,"QUINDIO",63001,"ARMENIA",2018,295208,0.358672016,0.641315396,317775,1,0.977947,97.7466,57.0058,0,0,0,92.6,91.71,92.81,92.37333333,100,0,10.56676273,27117.50754,0.091858986,0.4716,0.3863,20826,8.49076137369484,2.25031883845475
63,"QUINDIO",63111,"BUENAVISTA",2018,3095,0.826433121,0.173566879,2512,0.811631664,0.85,85,49.0196,4.046975,3.575425,5.42985,47.5,42.49,45.78,45.25666667,99.4169,0,0,52.132566,0.016844125,0.0025,0.0025,14142,0.360905409349102,0.308150220408407
63,"QUINDIO",63130,"CALARCA",2018,72785,0.637719343,0.362280657,59211,0.81350553,0.972947,97.2425,52.8233,3.3315,1.4004,6.4681,100,86.14,87.59,91.24333333,99.4125,0,9.536784741,5777.789059,0.07938159,0.0195,0.0193,10666,1.954370365222,1.08328555377954
63,"QUINDIO",63190,"CIRCASIA",2018,28160,0.737009792,0.262943354,21343,0.757919034,0.894268,89.4268,45.9756,4.0612,0.211,6.3027,100,79.1,89.56,89.55333333,100,0,16.2601626,965.444753,0.03428426,0.2128,0.1929,7368,1.69681790439976,0.99207252404344
63,"QUINDIO",63212,"CORDOBA",2018,5643,0.867215041,0.132784959,5106,0.904837852,0.94382,94.382,45.1429,1.272766667,1.707566667,7.087466667,97.13,56.03,55.49,69.55,95.7655,0,23.25581395,51.355756,0.00910079,0.1525,0.142,18398,0.435384041716538,0.361432438296005
63,"QUINDIO",63272,"FILANDIA",2018,12072,0.764656616,0.235343384,10746,0.890159046,1.069093,106.9093,59.0028,2.9231,1.4144,7.9208,99.92,59.7,56.84,72.15333333,100,0,0,415.672839,0.034432806,0.32,0.2776,14521,1.00188370641924,0.694088590504138
63,"QUINDIO",63302,"GENOVA",2018,7511,0.892495189,0.107504811,7795,1,1.045528,104.5528,47.5771,6.2454,1.7844,7.1375,64.38,48.8,26.91,46.69666667,94.9947,0,0,119.44742,0.015902998,0.0359,0.0353,272306,0.373326106668018,0.317235612544542
63,"QUINDIO",63401,"LA TEBAIDA",2018,33445,0.72522048,0.27477952,33223,0.993362237,0.944463,94.4463,53.6842,6.28,1.1325,6.0055,100,94.77,94.77,96.51333333,100,0,0,1517.106676,0.04536124,0.7972,0.5862,47014,1.92838005183449,1.07444938679969
63,"QUINDIO",63470,"MONTENEGRO",2018,36764,0.767938415,0.232061585,38451,1,0.947036,94.7036,45.4624,3.3896,0.6047,7.2884,100,82.7,82.7,88.46666667,100,0,23.36448598,1304.993875,0.035496515,0.3134,0.2726,11573,0.678676598067055,0.518005743739772
63,"QUINDIO",63548,"PIJAO",2018,5222,0.873276313,0.126723687,5729,1,1.360179,136.0179,79.0123,5.7548,0.0834,7.4229,100,73.03,100,91.01,93.2971,0,0,76.520333,0.014653453,0.0484,0.0472,35875,0.580213339090997,0.457559862664993
63,"QUINDIO",63594,"QUIMBAYA",2018,30756,0.740826045,0.25914283,32129,1,1.012374,101.1961,54.9669,4.1309,0,8.3398,100,78.35,85.33,87.89333333,100,0,20.11494253,717.16749,0.02331797,0.0197,0.0195,10559,0.449064543455202,0.37091820579386
63,"QUINDIO",63690,"SALENTO",2018,9257,0.765986933,0.234013067,5051,0.545641136,1.506007,143.1802,59.3156,1.5253,0,8.3889,100,40.06,56.75,65.60333333,97.2952,0,19.60784314,588.092105,0.063529449,0.2484,0.2218,9467,1.0219782440641,0.704076360928178
66,"RISARALDA",66001,"PEREIRA",2018,467261,0.318277514,0.681706716,507290,1,1.080672,107.5874,54.2042,4.8564,0.7272,9.3859,72.98,65.83,65.04,67.95,100,0,9.307135471,96647.56341,0.206838498,0.016,0.0159,7559,3.5064596492821,1.50551184508144
66,"RISARALDA",66045,"APIA",2018,12399,0.871611983,0.128388017,11216,0.90458908,0.865239,86.5239,48.8889,4.5,0.85,3.5,34.59,34.59,34.59,34.59,100,0,26.08695652,280.818043,0.022648443,0.0283,0.0279,12099,0.329309478452688,0.284659618274998
66,"RISARALDA",66075,"BALBOA",2018,6421,0.877807727,0.122192273,5565,0.866687432,0.853933,85.3933,34.4828,3.4297,0.9464,5.16085,56.365,50.1325,63.3575,56.618333335,99.6114,0,0,1742.748369,0.271413856,0.0613,0.0595,3121,0.361058982410132,0.308263060283651
66,"RISARALDA",66088,"BELEN DE UMBRIA",2018,24705,0.843848708,0.156151292,24694,0.999554746,0.928065,92.8065,44.798,4.4191,1.4351,0.5239,100,41.83,41.81,61.21333333,99.9158,0,16.46090535,709.2746069,0.028709759,0.9515,0.6686,20021,0.505854482813003,0.409360499751045
66,"RISARALDA",66170,"DOS QUEBRADAS",2018,217176,0.421737654,0.578262346,194308,0.894702914,0.878724,87.7975,43.1266,3.3605,0.4068,8.0988,78.06,77.97,58.4,71.47666667,99.8397,94.2951438,8.486562942,33146.46587,0.152624903,0.0251,0.0248,13208,14.5889229586106,2.74656059528296
66,"RISARALDA",66318,"GUATICA",2018,12149,0.901310717,0.098689283,11673,0.960819821,0.954769,95.4769,61.8812,2.656,0.8407,1.992,76.65,38.22,38.95,51.27333333,99.8168,0,0,137.1628101,0.011290049,0.0286,0.0282,20973,0.411589215359007,0.344716172777755
66,"RISARALDA",66383,"LA CELIA",2018,7509,0.910731506,0.089268494,7259,0.966706619,0.930251,93.0251,38.4615,4.9433,1.1345,5.8347,35.25,28.86,29,31.03666667,99.6142,0,0,103.752709,0.013817114,24614,12417,790984,0.222607894236297,0.200986195516472
66,"RISARALDA",66400,"LA VIRGINIA",2018,27918,0.510817244,0.489182756,37810,1,1.086912,108.6912,63.1974,5.1911,0.9419,5.2267,70.303,51.7545,63.8755,61.977666669,100,288.184438,5.763688761,1436.83061,0.051466101,0.0221,0.0219,8603,4.46201414921777,1.69781761353109
66,"RISARALDA",66440,"MARSELLA",2018,16934,0.809532439,0.190467561,16554,0.977559939,0.944638,94.4638,36.8421,3.7325,3.0171,4.6034,66.49,48.89,48.89,54.75666667,99.6829,0,5.235602094,435.8312093,0.02573705,0.1319,0.1239,5044,0.613720787936181,0.478542561038842
66,"RISARALDA",66456,"MISTRATO",2018,16935,0.944327976,0.055672024,17172,1,0.729944,72.9944,25.8493,4.0281,0.9462,0.027,82.57,33.37,37.08,51.00666667,99.1322,0,14.38848921,144.222649,0.008516247,0.0223,0.022,14851,0.226052547399234,0.203799697443182
66,"RISARALDA",66572,"PUEBLO RICO",2018,16174,0.952127043,0.047872957,17254,1,0.897925,89.7925,30.4207,2.0025,1.0324,6.7875,34.12,14.1,19.71,22.64333333,98.6868,0,58.25242718,250.088839,0.015462399,0.0562,0.0547,26769,0.22687297844929,0.204468638323779
66,"RISARALDA",66594,"QUINCHIA",2018,27308,0.92172812,0.07827188,26063,0.954408964,0.967866,96.7866,54.3408,2.4561,0.3226,3.0656,98.17,22.02,21.38,47.19,99.8553,0,5.763688761,496.468376,0.018180327,0.4384,0.3636,31482,0.571365923990841,0.451945256397082
66,"RISARALDA",66682,"SANTA ROSA DE CABAL",2018,77840,0.531640451,0.468345605,71712,0.921274409,0.929338,92.8638,47.4534,3.895,0.4657,2.2439,78.48,68.94,70.11,72.51,99.8622,0,7.978723404,2853.576746,0.036659516,0.2025,0.1844,8430,1.0222975280339,0.704234255190815
66,"RISARALDA",66687,"SANTUARIO",2018,12664,0.854543857,0.145456143,11378,0.898452306,0.899071,89.8649,37.3272,6.168,2.056,4.1557,57.84,55.6,100,71.14666667,99.3151,800,24,310.266367,0.024499871,0.0196,0.0194,10775,0.33764600872297,0.290911359230267
68,"SANTANDER",68001,"BUCARAMANGA",2018,581138,0.279119236,0.720862635,661925,1,1.014907,101.1854,55.8541,4.3979,1.2289,5.4858,80.32,74.29,72.99,75.86666667,97.726,34.51449609,6.442705936,131651.4015,0.226540687,0.0697,0.0673,8388,13.0330844490593,2.64141771664153
68,"SANTANDER",68013,"AGUADA",2018,1848,0.93305187,0.06694813,1658,0.897186147,0.823529,82.3529,50,3.1496,0.3937,0,100,14.08,14.08,42.72,47.5989,0,0,23.69608746,0.012822558,0.0829,0.0797,12516,0.199875999404759,0.182218217625279
68,"SANTANDER",68020,"ALBANIA",2018,4093,0.974055829,0.025944171,3045,0.743953091,0.795148,79.5148,40.1575,0,0,0,10.22,10.15,10.21,10.19333333,99.4487,2857.142857,0,37.293514,0.009111535,0.0612,0.0594,8582,0.228895349808178,0.206115676273407
68,"SANTANDER",68051,"ARATOCA",2018,8223,0.902240617,0.097759383,7007,0.852122097,0.970771,97.0771,70.0348,0.8589,0.4294,1.4724,89.6,35.36,40.27,55.07666667,97.8219,0,20.40816327,203.375973,0.024732576,0.0229,0.0226,6999,0.337450569698031,0.290765241869972
68,"SANTANDER",68077,"BARBOSA",2018,31192,0.5610272,0.4389728,30257,0.970024365,0.939625,93.7966,46.2335,0,0,0,89.58,75.35,75.19,80.04,99.3452,495.049505,24.75247525,1150.378429,0.03688056,44048,16873,103208,0.620331624982534,0.482630835074061
68,"SANTANDER",68079,"BARICHARA",2018,10500,0.759950633,0.240049367,6482,0.617333333,0.740128,73.4258,41.9872,1.2966,0.9717,8.59,99.06,50.15,46.61,65.27333333,88.2268,0,12.65822785,454.688929,0.043303708,0.0848,0.0814,4520,0.463010966503434,0.380496617911079
68,"SANTANDER",68081,"BARRANCABERMEJA",2018,203539,0.472800621,0.527168348,225575,1,1.135098,113.3422,53.7163,2.4135,4.149,12.0098,99.85,83.18,92.46,91.83,93.8003,25.67394095,7.188703466,201985.0028,0.992365113,0.0629,0.061,4636,2.19553574560577,1.16175475627808
68,"SANTANDER",68092,"BETULIA",2018,5941,0.859964548,0.140035452,3949,0.664702912,0.874513,87.4513,36.2319,0,0,0,45.77,45.77,46.5,46.01333333,97.1867,0,0,940.385718,0.158287446,0.9809,0.6836,136427,0.243063265006069,0.217578708261577
68,"SANTANDER",68101,"BOLIVAR",2018,11174,0.956071187,0.043928813,8878,0.794523,0.862393,86.2393,45.3883,3.133466667,1.483533333,6.135,7.93,7.41,7.41,7.583333333,94.273,0,12.82051282,293.227125,0.026241912,0.5174,0.417,52427,0.226588963780019,0.204237116761817
68,"SANTANDER",68121,"CABRERA",2018,1946,0.899188876,0.100811124,1726,0.886947585,0.763587,76.3587,42.623,0.655,2.55975,0.0546,59.19,10.23,12.68,27.36666667,94.9772,0,0,57.55113,0.029574065,0.2801,0.2469,6204,0.276850810235886,0.244396741905855
68,"SANTANDER",68132,"CALIFORNIA",2018,2129,0.621641249,0.378358751,1377,0.646782527,0.784504,78.4504,42.5926,1.7493,0.2915,9.3294,55.64,55.64,55.64,55.64,95.1724,0,0,296.701648,0.139361977,0.3671,0.3127,9525,0.309847562371671,0.269910765840397
68,"SANTANDER",68147,"CAPITANEJO",2018,5512,0.931107955,0.068892045,5632,1,0.929126,92.9126,49.162,0.7165,1.3306,14.5343,81.55,66.49,67.26,71.76666667,97.5296,1639.344262,0,63.501786,0.011520643,0.276,0.2438,6653,0.265497846122384,0.235465599004267
68,"SANTANDER",68152,"CARCASI",2018,4287,0.97162811,0.02837189,4582,1,0.864516,86.4516,49.359,1.0753,0.4779,7.049,7.56,7.56,7.56,7.56,97.8591,0,25,29.148081,0.006799179,0.0502,0.049,11438,0.19424061935086,0.177510518411667
68,"SANTANDER",68160,"CEPITA",2018,2014,0.968401487,0.031598513,1614,0.801390268,0.876238,87.6238,46.4789,0.8929,1.7857,0,70.44,15.38,15.38,33.73333333,83.9204,0,0,46.80671112,0.023240671,0.0353,0.0347,13579,0.241713468185634,0.216492254951566
68,"SANTANDER",68162,"CERRITO",2018,6734,0.960818459,0.039181541,6891,1,0.980103,98.0103,53.5714,2.6258,0.2188,10.3574,26.63,29.92,31.59,29.38,95.157,0,24.3902439,72.725234,0.010799708,16245,0.9649,8712,0.218767276600731,0.19783991890184
68,"SANTANDER",68167,"CHARALA",2018,12270,0.81745741,0.18254259,10918,0.889812551,0.934496,93.4496,60.0509,2.5332,1.7027,2.0764,90.84,59.47,59.47,69.92666667,98.8671,0,0,270.5450061,0.022049308,0.1566,0.1455,4040,0.2334943654161,0.209851089012593
68,"SANTANDER",68169,"CHARTA",2018,2883,0.909587889,0.090412111,2378,0.824835241,0.852941,85.2941,44.3038,0.4808,0,10.0962,16.12,16.12,16.12,16.12,98.4778,0,0,26.1346766,0.009065098,0.0568,0.0552,28494,0.300351023226016,0.262634245885394
68,"SANTANDER",68176,"CHIMA",2018,2865,0.902391219,0.097608781,2551,0.890401396,0.789104,78.9104,48.9362,1.84745,1.6581,4.1288,86.26,23.29,23.29,44.28,96.4706,0,0,62.220443,0.021717432,0.0636,0.0617,7166,0.19846201476811,0.181039080412657
68,"SANTANDER",68179,"CHIPATA",2018,5032,0.954077972,0.045922028,4181,0.830882353,0.733564,73.3564,48.4663,1.214,0.1517,7.4355,90.6,15.81,15.89,40.76666667,98.8444,0,0,133.557114,0.026541557,0.0225,0.0223,18309,0.302801798868898,0.264517175190325
68,"SANTANDER",68190,"CIMITARRA",2018,32862,0.810589908,0.189410092,30954,0.941939018,0.97262,97.262,42.7152,4.6371,0.2016,2.7506,66.5,64.15,52.99,61.21333333,98.0208,692.8406467,11.54734411,5037.602951,0.15329569,0.0989,0.0943,67062,0.245460850362055,0.219505622357392
68,"SANTANDER",68207,"CONCEPCION",2018,5738,0.957971464,0.042028536,6448,1,0.822907,82.2907,32.1053,0,0,0,30.35,19.62,19.3,23.09,96.687,0,0,44.232958,0.007708776,0.0377,0.037,17424,0.250085363124823,0.223211839482378
68,"SANTANDER",68209,"CONFINES",2018,3181,0.955148206,0.044851794,2564,0.806035838,0.77496,77.496,22.3404,3.2193,6.841,0,37.21,30.72,30.72,32.88333333,97.3184,0,0,52.893967,0.016628094,0.0238,0.0235,5381,0.224065879268376,0.202178005573412
68,"SANTANDER",68211,"CONTRATACION",2018,3668,0.794531673,0.205468327,3694,1,0.985646,98.5646,50.8929,1.9969,0,10.1382,91.45,68.52,67.33,75.76666667,92.4419,0,0,65.036148,0.017730684,74408,21331,123460,0.30472464764875,0.265992020541146
68,"SANTANDER",68217,"COROMORO",2018,5008,0.947065178,0.052934822,5554,1,0.900591,90.0591,40.6061,0.523,0.523,0.3138,83.95,23.44,23.24,43.54333333,96.173,0,13.88888889,67.851368,0.013548596,0.4494,0.3711,5762,0.192961164781884,0.176438590014167
68,"SANTANDER",68229,"CURITI",2018,12719,0.842458984,0.157541016,10118,0.795502791,0.817261,81.7261,51.3253,1.2241,0.7526,5.5556,100,29.84,29.84,53.22666667,98.8722,0,15.15151515,257.088894,0.02021298,0.1488,0.1387,65766,0.377486317103611,0.320260328858474
68,"SANTANDER",68235,"EL CARMEN",2018,20913,0.966912873,0.033087127,13268,0.634437909,0.642689,64.2689,24.4641,2.1227,0.1658,6.6667,20.55,20.55,20.55,20.55,90.4799,0,0,542.771661,0.025953792,0.1137,0.1077,38938,0.30718705044491,0.26787753874414
68,"SANTANDER",68245,"EL GUACAMAYO",2018,2147,0.906167633,0.093832367,1897,0.883558454,0.783333,78.3333,43.8356,1.4006,1.6807,6.4426,46.65,14.47,14.97,25.36333333,98.0333,0,0,50.929016,0.023721014,0.0048,0.0048,36170,0.194796321353222,0.177975728474279
68,"SANTANDER",68250,"EL PEÑON",2018,5230,0.946883337,0.053116663,4123,0.78833652,0.636156,63.6156,24.3363,2.775633333,0.951733333,7.410666667,13.5,13.5,13.5,13.5,70.5274,0,36.36363636,52.446032,0.010027922,0.116,0.1098,71540,0.207592449219176,0.188504920214517
68,"SANTANDER",68255,"EL PLAYON",2018,13714,0.828935459,0.171064541,14363,1,0.864084,86.4084,31.9312,4.4841,1.8228,8.9683,100,92.66,92.66,95.10666667,94.8641,0,0,231.821488,0.016904002,0.0255,0.0252,17329,0.245064585251577,0.219187404275251
68,"SANTANDER",68264,"ENCINO",2018,2548,0.954816709,0.045183291,2346,0.920722135,0.64386,64.386,23.6559,4.4737,2.3684,2.3684,82.59,20.25,20.36,41.06666667,80.9361,0,0,25.493122,0.01000515,0.0051,0.0051,41134,0.207744153515146,0.188754283633497
68,"SANTANDER",68266,"ENCISO",2018,3457,0.936152338,0.063847662,3571,1,1.0048,100.48,66.0714,0.4498,0.8996,6.8966,16.19,16.2,16.2,16.19666667,100,0,0,60.678696,0.017552414,0.0418,0.041,5670,0.661883541724535,0.507951622813618
68,"SANTANDER",68271,"FLORIAN",2018,5535,0.920713202,0.079286798,5272,0.952484192,0.79803,79.803,38.4977,0.6783,2.0349,3.1008,91.24,32.88,31.22,51.78,90.5651,0,17.24137931,185.163237,0.033453159,0.1168,0.1105,19566,0.259217950332765,0.230490853926255
68,"SANTANDER",68276,"FLORIDABLANCA",2018,291930,0.326581784,0.673418216,266013,0.911221868,0.899851,89.5035,47.8942,3.3893,1.2975,7.5762,85.51,84.78,78.46,82.91666667,99.3865,0,7.641921397,28262.73832,0.096813408,0.071,0.0686,7308,7.21721667520494,2.10623154773915
68,"SANTANDER",68296,"GALAN",2018,2892,0.915588417,0.084411583,3246,1,0.940741,94.0741,55.2941,2.0992,2.2901,2.4809,85.29,33.36,33.18,50.61,96.9849,0,0,63.698697,0.022025829,0.4774,0.3903,16037,0.18510228187029,0.169829084676862
68,"SANTANDER",68298,"GAMBITA",2018,3993,0.957250144,0.042749856,3462,0.86701728,0.876301,87.6301,27.3381,3.0227,1.2594,9.068,38.84,20.93,9.83,23.2,96.4423,0,19.23076923,51.023721,0.012778292,0.058,0.0564,34604,0.239228877720264,0.214489313367611
68,"SANTANDER",68307,"GIRON",2018,160393,0.507668208,0.492318111,146188,0.911436285,0.925896,92.4955,40.0116,3.5176,3.8629,8.3415,75.05,65.96,64.39,68.46666667,96.2784,47.30368969,8.987701041,26560.18529,0.165594417,0.13,0.1222,25576,0.705306132446604,0.533744644440395
68,"SANTANDER",68318,"GUACA",2018,5923,0.959052072,0.040947928,6203,1,0.858814,85.8814,36.0976,2.1696,1.2821,12.3274,20.34,20.34,20.34,20.34,98.3315,0,0,158.321678,0.026729981,95034,23517,305676,0.233361910292455,0.209743701221033
68,"SANTANDER",68320,"GUADALUPE",2018,4503,0.901628804,0.098371196,4666,1,1.027335,102.7335,69.4805,0,0,0,99.77,46.98,46.98,64.57666667,97.4144,0,0,144.557225,0.032102426,0.2718,0.2404,3199,0.259072641577234,0.230375451235112
68,"SANTANDER",68322,"GUAPOTA",2018,2360,0.879598662,0.120401338,1794,0.760169492,0.82618,82.618,49.3506,3.0151,3.7688,9.799,99.29,36.23,36.23,57.25,96.0411,0,0,86.68376721,0.03673041,20738,11229,74545,0.268100297158904,0.237519951592657
68,"SANTANDER",68324,"GUAVATA",2018,4198,0.942790426,0.057209574,3426,0.816102906,0.621824,62.1824,41.8605,0.4444,2,4,12.24,12.24,12.24,12.24,98.9362,3703.703704,0,44.477777,0.010594992,13988,0.875,29013,0.270837151243818,0.239675857518338
68,"SANTANDER",68327,"GUEPSA",2018,5126,0.944544288,0.055455712,3895,0.759851736,0.852406,85.2406,49.4118,2.2837,0,11.1779,65.75,48.66,55.18,56.53,99.0674,0,0,103.187179,0.020130156,0.15,0.1398,5866,0.506537727668038,0.40981412253255
68,"SANTANDER",68344,"HATO",2018,2317,0.96437659,0.03562341,1965,0.848079413,0.865801,86.5801,34.6154,2.1845,1.4563,8.9806,57.88,17.59,18.2,31.22333333,94.7137,0,0,36.137141,0.015596522,0.518,0.4174,12418,0.18613072624337,0.170696518989769
68,"SANTANDER",68368,"JESUS MARIA",2018,3327,0.945353403,0.054646597,3056,0.918545236,0.896661,89.6661,67.5439,1.157,0.4959,7.7686,11.18,11.18,11.18,11.18,99.2268,0,38.46153846,267.785216,0.080488493,0.0941,0.09,7723,0.216529073888262,0.196001782576286
68,"SANTANDER",68370,"JORDAN",2018,1330,0.985167838,0.014832162,1281,0.963157895,0.97786,97.786,38.6364,3.663,0.3663,11.7216,42.5,8,8,19.5,100,0,0,63.374,0.047649624,16378,0.9699,33885,0.191906308526744,0.175553965324757
68,"SANTANDER",68377,"LA BELLEZA",2018,6169,0.946683393,0.053316607,6377,1,0.959874,95.9874,43.3036,1.6104,1.0736,9.7393,97.45,28.37,29.34,51.72,96.1131,0,0,188.662152,0.030582291,0.8515,0.616,37530,0.228751513085445,0.205998623880674
68,"SANTANDER",68385,"LANDAZURI",2018,10323,0.931838128,0.068161872,10255,0.993412768,1.009124,100.9124,46.4,1.9307,0,4.6073,100,100,100,100,97.8833,0,9.090909091,679.328436,0.065807269,0.0827,0.0795,5361,0.18802893346619,0.172295575413401
68,"SANTANDER",68397,"LA PAZ",2018,4911,0.943184422,0.056815578,4365,0.888821014,0.745314,74.5314,42.236,3.95265,1.57065,2.70645,100,35.54,27.61,54.38333333,98.988,0,0,86.783923,0.017671334,0.6569,0.505,31400,0.190910307474428,0.174717978951627
68,"SANTANDER",68406,"LEBRIJA",2018,41845,0.612152502,0.387847498,37770,0.9026168,0.911561,91.1441,44.8252,4.3372,0.7761,8.5984,39.14,39.14,39.14,39.14,100,0,8.605851979,3899.622342,0.093192074,0.291,0.2555,10264,0.464354257567233,0.381414365479463
68,"SANTANDER",68418,"LOS SANTOS",2018,14102,0.793737166,0.206262834,9740,0.690682173,0.841109,84.1109,48.0652,3.125,3.3951,2.0833,13.03,12.61,100,41.88,95.5779,0,6.535947712,252.8981479,0.017933495,0.139,0.1302,12754,0.467560180943448,0.383601281040044
68,"SANTANDER",68425,"MACARAVITA",2018,2157,0.953231293,0.046768707,2352,1,0.914989,91.4989,86.8421,0.9615,1.2019,7.9327,55.42,4.2,4.2,21.27333333,95.0495,0,37.03703704,75.520098,0.035011636,0.385,0.3257,6647,0.21412115294976,0.194020484156946
68,"SANTANDER",68432,"MALAGA",2018,20945,0.698556701,0.30139748,21825,1,0.994701,99.422,59.5773,2.2121,0.5699,10.6727,69.2,67.08,67.03,67.77,99.5861,0,11.67315175,867.4085405,0.041413633,0.2894,0.2542,25391,0.443916640801604,0.367359310827582
68,"SANTANDER",68444,"MATANZA",2018,4977,0.931222956,0.068777044,4391,0.882258389,1.296544,129.6544,55.2632,2.3649,0.1689,6.3345,18.09,18.09,18.09,18.09,97.8084,0,60,69.24756296,0.013913515,122674,25853,240061,0.262681973918107,0.233238009537446
68,"SANTANDER",68464,"MOGOTES",2018,10522,0.924670818,0.075329182,9797,0.93109675,0.92461,92.2877,49.3333,1.2318,1.5511,7.9836,48.56,23.18,23.3,31.68,98.7231,0,7.751937984,118.166492,0.011230421,0.2307,0.2075,12548,0.200380453490362,0.182638551121245
68,"SANTANDER",68468,"MOLAGAVITA",2018,4135,0.965580542,0.034419458,4358,1,0.819512,81.9512,50.9554,1.3657,1.6692,5.3111,20.32,14.74,14.74,16.6,99.0112,0,0,98.49445525,0.023819699,0.1806,0.166,7749,0.203113698929587,0.18491294535241
68,"SANTANDER",68498,"OCAMONTE",2018,5652,0.922496114,0.077503886,4503,0.79670913,0.707274,70.7274,27.7487,1.7878,2.1454,6.4362,91.11,14.96,15.36,40.47666667,97.7676,0,0,51.315464,0.009079169,29914,13842,28384,0.25714914390405,0.22884657324911
68,"SANTANDER",68500,"OIBA",2018,10795,0.828794168,0.171205832,9877,0.91496063,0.986197,98.6197,70.0549,2.8468,0.9038,5.3773,35.87,33.57,33.58,34.34,97.3921,0,19.04761905,171.4825829,0.015885371,0.1932,0.1767,17421,0.30381015775823,0.265290868364768
68,"SANTANDER",68502,"ONZAGA",2018,4193,0.947368421,0.052631579,4294,1,0.842038,84.2038,41.6058,0.4658,3.5714,3.882,15.72,15.72,15.72,15.72,93.5271,0,41.66666667,71.412084,0.017031263,0.0431,0.0422,18387,0.1932315198978,0.17666518958327
68,"SANTANDER",68522,"PALMAR",2018,1366,0.907505686,0.092494314,1319,0.965592972,0.928839,92.8839,37.5,1.1673,0,22.9572,21.95,21.95,21.95,21.95,99.0625,0,0,53.5815505,0.039225147,4168,16425,486042,0.29970385986856,0.262136438415999
68,"SANTANDER",68524,"PALMAS DEL SOCORRO",2018,2534,0.899665552,0.100334448,2392,0.943962115,0.96146,96.146,60.241,1.8036,0,0,73.43,21.96,21.96,39.11666667,97.5118,0,0,34.103445,0.013458345,0.0213,0.0211,18266,0.286812037624568,0.252167871036343
68,"SANTANDER",68533,"PARAMO",2018,4655,0.878195097,0.121804903,3834,0.823630505,0.881481,88.1481,38.7097,4.7114,0,10.3651,74.79,34.16,34.98,47.97666667,98.2196,0,0,79.2641138,0.017027737,0.2997,0.2621,28224,0.259834082613145,0.230980031826995
68,"SANTANDER",68547,"PIEDECUESTA",2018,170632,0.463786316,0.536189533,124221,0.728005298,0.9557,95.4308,49.3178,2.6161,1.3474,7.675,74.14,71.84,55.59,67.19,99.3676,0,7.48502994,7197.81747,0.04218328,0.6217,0.4835,83030,1.58983455704552,0.951593996082583
68,"SANTANDER",68549,"PINCHOTE",2018,5156,0.810910205,0.189089795,3263,0.632854926,0.750542,75.0542,45.3988,0.9695,1.108,8.0332,53.45,26.13,28.82,36.13333333,70.0066,0,22.72727273,361.976971,0.070204998,0.1525,0.1419,13026,0.518117405865267,0.417471018449902
68,"SANTANDER",68572,"PUENTE NACIONAL",2018,14602,0.838125861,0.161874139,10885,0.745445829,1.15553,115.553,85.3608,1.707,0.7449,7.9454,31.44,20.59,20.59,24.20666667,100,0,10.20408163,519.699495,0.03559098,21595,11504,6285,0.325248909253152,0.281600297835564
68,"SANTANDER",68573,"PUERTO PARRA",2018,7636,0.819981835,0.180018165,5505,0.720927187,0.854283,85.4283,24.6269,2.5356,0,4.4527,53.13,53.13,53.13,53.13,91.5844,0,31.57894737,240.358375,0.031477,133677,2665,56965,0.183710997584055,0.168654416788699
68,"SANTANDER",68575,"PUERTO WILCHES",2018,32781,0.663990117,0.336009883,30761,0.938378939,0.96711,96.711,35.0329,3.2242,1.7119,9.4726,51.3,51.3,51.3,51.3,65.0656,0,2.72479564,2051.230062,0.062573749,0.02,0.0198,1891,0.291220014200534,0.255587518878514
68,"SANTANDER",68615,"RIONEGRO",2018,26441,0.877137946,0.122862054,23270,0.880072615,0.998513,99.8513,48.6917,0,0,0,13.15,13.15,37.18,21.16,89.0841,0,9.375,788.039656,0.029803701,0.0318,0.0313,4223,0.359460383480226,0.307087844158422
68,"SANTANDER",68655,"SABANA DE TORRES",2018,33043,0.607940024,0.392059976,29345,0.888085222,0.943485,94.1654,36.5709,5.0105,0.2842,5.9527,32.55,22.02,34.15,29.57333333,97.3654,0,4.474272931,2409.901108,0.072932273,0.1907,0.1746,8824,0.43712484918482,0.362644485149477
68,"SANTANDER",68669,"SAN ANDRES",2018,8682,0.922540208,0.077459792,8456,0.973969132,0.986692,98.6692,58.7361,2.19745,1.82215,5.9409,36.48,18.6,18.33,24.47,96.3691,0,22.72727273,353.432734,0.040708677,28804,13559,33724,0.278633459298695,0.245791897707215
68,"SANTANDER",68673,"SAN BENITO",2018,2932,0.986152695,0.013847305,2672,0.911323329,0.869478,86.9478,53.4884,2.439,0.2217,0.6652,22.88,4.29,4.29,10.48666667,98.4631,0,0,33.487135,0.01142126,0.2613,0.2321,12657,0.249098444558877,0.222422046739473
68,"SANTANDER",68679,"SAN GIL",2018,56052,0.409661316,0.590338684,65105,1,1.126096,112.2508,69.52,2.9887,0.7327,6.9621,89.36,85.95,85.87,87.06,99.5457,123.3045623,6.165228113,3006.400419,0.053635917,20485,11147,226559,1.61591727997134,0.961614812288942
68,"SANTANDER",68682,"SAN JOAQUIN",2018,2246,0.915568369,0.084431631,2428,1,0.877682,87.7682,30.7692,1.2225,0,4.6455,45.38,28.27,28.27,33.97333333,97.4779,0,0,22.660419,0.010089234,0.132,0.124,6747,0.199499271042286,0.18190419557945
68,"SANTANDER",68684,"SAN JOSE DE MIRANDA",2018,4371,0.936548818,0.063451182,4271,0.97712194,0.753676,75.3676,24.026,0.9434,2.5157,10.6918,28.05,28.05,28.05,28.05,98.8915,0,0,75.650742,0.017307422,0.0202,0.02,11558,0.354018957152524,0.294881419377849
68,"SANTANDER",68686,"SAN MIGUEL",2018,2537,0.938423645,0.061576355,2436,0.9601892,0.898785,89.8785,48.2759,0,0,0,9.49,9.49,9.49,9.49,95.7225,0,0,28.24435332,0.011132973,145824,27461,615463,0.240453790749942,0.215477272952026
68,"SANTANDER",68689,"SAN VICENTE DE CHUCURI",2018,33132,0.826183844,0.173816156,26925,0.812658457,0.824732,82.4442,40.8486,2.8159,1.5265,6.989,46.22,31.85,31.87,36.64666667,98.0365,0,6.451612903,1243.383287,0.037528169,0.047,0.0459,2117,0.355126016487652,0.303894451105228
68,"SANTANDER",68705,"SANTA BARBARA",2018,2380,0.945507246,0.054492754,1725,0.724789916,0.805369,80.5369,44.1558,0,0,0,36.67,11.67,11.67,20.00333333,95.5862,0,0,28.363714,0.011917527,0.3751,0.3185,2465,0.29575273881943,0.259091791779777
68,"SANTANDER",68720,"SANTA HELENA DEL OPON",2018,3364,0.947190427,0.052809573,3844,1,0.920206,92.0206,34.3511,1.9178,3.2877,1.3699,24.25,24.25,20.18,22.89333333,97.2807,0,19.23076923,99.840745,0.029679175,0.122,0.1151,6215,0.236915585150872,0.211747242150549
68,"SANTANDER",68745,"SIMACOTA",2018,10040,0.895626371,0.104373629,7751,0.772011952,0.818779,81.8779,31.7143,4.1597,1.1641,2.2185,68.49,36.36,37.7,47.51666667,97.2457,0,0,520.2431529,0.051817047,0.0264,0.0261,4852,0.218263794832482,0.197426726159808
68,"SANTANDER",68755,"SOCORRO",2018,32154,0.561803274,0.438196726,32563,1,0.951666,95.0445,54.3618,2.432,1.5915,4.4218,55.5014285714286,25.93,26.9728571428571,36.1347619057143,91,0,8.583690987,1387.53818,0.043152895,0.0249,0.0246,2167,0.895909853566186,0.639698857115048
68,"SANTANDER",68770,"SUAITA",2018,9968,0.921355932,0.078644068,8850,0.887841091,1.007671,100.7671,55.2381,2.7397,1.6235,5.6317,21.26,21.26,25.32,22.61333333,84.05,0,20.2020202,102.2349677,0.010256317,0.0431,0.0422,7482,0.250409391838761,0.223471011164389
68,"SANTANDER",68773,"SUCRE",2018,7126,0.961106182,0.038893818,6762,0.94891945,0.893426,89.3426,48.5944,2.578833333,0.478533333,5.5114,10.03,10.03,10.03,10.03,97.2212,0,18.18181818,77.28807746,0.010845927,0.067,0.0648,13688,0.188595934658334,0.172772723667217
68,"SANTANDER",68780,"SURATA",2018,3979,0.873325568,0.126674432,3434,0.863030912,0.896879,89.6879,35.2941,1.7595,2.7859,12.1701,14.26,14.26,14.26,14.26,97.6704,0,0,90.54169,0.022754886,0.0947,0.0905,3252,0.19475134878158,0.177938087399184
68,"SANTANDER",68820,"TONA",2018,7369,0.967313019,0.032686981,5415,0.73483512,0.881221,88.1221,39.8406,4.7324,0.5426,6.6718,29.34,25.93,28.62,27.96333333,99.2827,0,14.28571429,99.886491,0.013554959,0.0315,0.031,3243,0.384239207322319,0.325150679921405
68,"SANTANDER",68855,"VALLE DE SAN JOSE",2018,6081,0.850623202,0.149376798,5215,0.857589212,0.809091,80.9091,43.2692,1.2397,1.2397,2.1694,82.37,40.92,41,54.76333333,99.2742,0,30.3030303,70.61625252,0.011612605,0.0952,0.0909,5247,0.583320239994725,0.401019992121573
68,"SANTANDER",68861,"VELEZ",2018,24362,0.742599179,0.257400821,18275,0.750143666,0.836254,83.5754,44.8684,1.788,1.2444,9.7701,55.12,43.79,46.16,48.35666667,98.899,0,10.47120419,661.405583,0.027149068,0.0456,0.0446,33782,0.314336424828242,0.273331918363779
68,"SANTANDER",68867,"VETAS",2018,2117,0.605601817,0.394398183,1321,0.623996221,0.731415,73.1415,55.5556,1.5723,0,11.0063,72.73,30.66,47.79,50.39333333,99.0868,0,0,35.162907,0.016609781,0.053,0.0517,6125,0.315099256576319,0.273912143067408
68,"SANTANDER",68872,"VILLANUEVA",2018,7873,0.930922028,0.069077972,6746,0.856852534,0.775136,77.3777,47.8431,0,0,0,97.84,55.55,52.41,68.6,98.5798,0,0,163.503193,0.020767585,0.0487,0.0476,3613,0.528737570841304,0.424442277710678
68,"SANTANDER",68895,"ZAPATOCA",2018,9463,0.749860662,0.250139338,8971,0.948008031,1.032813,103.1737,62.8289,2.0955,0,6.2282,72.41,70.74,70.74,71.29666667,65.4643,0,12.82051282,206.737153,0.021846893,0.0812,0.0781,4144,0.27062195373332,0.239506507942269
70,"SUCRE",70001,"SINCELEJO",2018,277775,0.722439485,0.277549917,377424,1,1.022285,102.1247,50.508,2.6664,0.6259,10.2675,74.91,69.65,44.96,63.17333333,98.3324,52.46589717,11.54249738,27689.52884,0.099683301,0.0088,0.0088,5662,4.74864453713343,1.7489640943475
70,"SUCRE",70110,"BUENAVISTA",2018,10442,0.973594636,0.026405364,9695,0.92846198,0.891168,88.9912,37.2208,0,0,0,69.298,58.518,67.766,65.194,84.0263,0,15.625,69.90963675,0.006695043,0.2106,0.1911,14441,0.479259483701786,0.391541613709623
70,"SUCRE",70124,"CAIMITO",2018,15235,0.96814034,0.03185966,12712,0.834394486,0.827268,82.7268,29.717,4.2901,0.5864,9.0432,66.32,34.88,46.44,49.21333333,89.8614,0,14.49275362,177.5,0.011650804,0.0151,0.015,24214,0.352823206445583,0.302193672835335
70,"SUCRE",70204,"COLOSO",2018,8614,0.965688913,0.034311087,7432,0.862781518,0.892152,89.2152,37.4214,2.9312,7.4408,16.7982,67.83,37.57,67.77,57.72333333,85.422,0,10.30927835,50.920986,0.005911422,0.0617,0.0599,2201,0.605705370945436,0.446608164069594
70,"SUCRE",70215,"COROZAL",2018,67379,0.794073553,0.205911149,65368,0.970153906,1.015714,101.5355,51.8623,2.8783,0.8536,10.2213,75.4,65.82,62.23,67.81666667,92.8736,0,7.751937984,2809.091791,0.041690909,0.0116,0.0115,5351,0.778722715462617,0.575895531140606
70,"SUCRE",70221,"COVEÑAS",2018,18245,0.865679053,0.134320947,12083,0.662263634,0.961463,95.6716,40.2262,1.7719,4.845,8.9701,67.32,37.12,87.57,64.00333333,95.887,0,7.326007326,2773.868846,0.152034467,0.0375,0.0368,15124,0.943225359191706,0.654588174781596
70,"SUCRE",70230,"CHALAN",2018,4478,0.966525509,0.033474491,4959,1,0.927723,92.7723,47.5676,2.8265,4.7758,16.7641,95.99,95.99,95.99,95.99,89.3048,1694.915254,0,72.661887,0.016226415,0.0099,0.0099,2898,0.375078441964237,0.318510778192582
70,"SUCRE",70233,"EL ROBLE",2018,9946,0.97885519,0.02114481,9364,0.941484014,0.959075,95.9075,37.037,2.8133,2.046,9.5482,67.75,45.04,41.49,51.42666667,88.3627,0,0,81.966324,0.008241135,0.1219,0.115,3921,0.588937478249419,0.442859429912921
70,"SUCRE",70235,"GALERAS",2018,21986,0.9628236,0.0371764,19932,0.906576913,0.888676,88.6564,41.4221,2.4296,0.344,11.3788,61.35,34.4,52.16,49.30333333,85.7012,0,5.524861878,362.071235,0.016468263,0.0582,0.0566,5703,0.371859708047583,0.316167270465803
70,"SUCRE",70265,"GUARANDA",2018,17712,0.968156394,0.031843606,18057,1,0.87889,87.889,21.3001,4.4199,1.2491,7.7108,76.25,0,75.78,50.67666667,96.0219,0,6.302521008,95.537783,0.005393958,97653,23763,312530,0.199139801616329,0.181604467760667
70,"SUCRE",70400,"LA UNION",2018,12358,0.950944675,0.049055325,11803,0.95508982,0.976761,97.6761,29.7521,0,0,0,72.42,40.65,55.21,56.09333333,89.3817,0,20.13422819,308.66414,0.024976868,0.0197,0.0195,3063,0.517972919150388,0.417375838992428
70,"SUCRE",70418,"LOS PALMITOS",2018,22880,0.963776593,0.036223407,23079,1,0.962482,96.1657,43.3208,2.0277,1.7381,8.9385,100,100,100,100,96.4236,294.9852507,8.849557522,92.16004366,0.004027974,0.0118,0.0118,4110,0.44158170788062,0.365740919029377
70,"SUCRE",70429,"MAJAGUAL",2018,36658,0.970352999,0.029647001,40510,1,1.020488,102.0257,41.7749,2.2819,0.3304,6.2055,57.78,17.51,31.29,35.52666667,98.0231,167.2240803,6.688963211,275.948718,0.007527653,19107,10684,175000,0.256697228290404,0.228487032090579
70,"SUCRE",70473,"MORROA",2018,15056,0.948646125,0.051353875,16065,1,0.805906,80.5598,28.3302,2.0386,0.9657,13.7339,61.07,54.52,57.32,57.63666667,90.2926,0,10.25641026,196.052106,0.013021527,0.0308,0.0303,6668,1.60629882920263,0.957931141814938
70,"SUCRE",70508,"OVEJAS",2018,22889,0.936464302,0.063535698,25828,1,1.068054,106.7846,52.5485,2.3233,1.0644,9.0223,44.69,41.38,41.38,42.48333333,88.7546,0,2.898550725,769.977172,0.033639616,0.065,0.0629,4608,0.417111617338717,0.348620727781859
70,"SUCRE",70523,"PALMITO",2018,14109,0.975298688,0.024701312,13643,0.966971437,0.930644,93.0644,34.8485,0.1155,0.6932,7.6256,76.83,76.83,76.83,76.83,85.1125,0,4.901960784,37.977063,0.002691691,0.0858,0.0823,2634,0.554222815197056,0.440975623389966
70,"SUCRE",70670,"SAMPUES",2018,46454,0.953579022,0.046420978,45152,0.971972274,0.933571,93.3008,38.4401,1.9217,0.7268,10.8035,86.86,62.76,56.14,68.58666667,91.2495,0,10.45751634,770.70826,0.016590784,0.0579,0.0563,4326,1.23674688140512,0.805022525191826
70,"SUCRE",70678,"SAN BENITO ABAD",2018,28681,0.963094422,0.036905578,24793,0.864439873,0.883269,88.3269,28.8527,2.9875,1.7115,9.9685,55.29,0,24.54,26.61,86.5934,0,6.651884701,183.394471,0.006394284,0.6922,0.526,5560,0.243632759643926,0.218036741444699
70,"SUCRE",70702,"SAN JUAN DE BETULIA",2018,13524,0.959268619,0.040731381,13454,0.994824017,0.923495,92.3495,50.4082,2.4781,0.8384,8.3111,93.87,71.62,93.87,86.45333333,90.7856,0,0,137.6544255,0.010178529,0.0189,0.0187,2618,0.576645398577958,0.455299424470728
70,"SUCRE",70708,"SAN MARCOS",2018,57682,0.932992749,0.067007251,69097,1,0.937621,93.7406,37.8916,4.0976,0.2285,7.5171,58.17,2.72,59.23,40.04,93.9962,98.23182711,15.71709234,1474.12157,0.025556007,0.0599,0.0582,3429,0.428265468292659,0.356460748805454
70,"SUCRE",70713,"SAN ONOFRE",2018,49621,0.95192232,0.04807768,63543,1,0.975433,97.5433,33.0701,2.7852,1.8208,10.0468,100,100,100,100,95.1638,124.6882793,11.22194514,406.427203,0.008190629,0.0735,0.0709,1551,0.308682952333924,0.269021251581925
70,"SUCRE",70717,"SAN PEDRO",2018,18584,0.955979889,0.044020111,18696,1,0.927759,92.7759,40.9025,2.14975,2.6129,6.7696,61.94,58.19,63.47,61.2,92.8091,0,19.68503937,307.256681,0.016533399,0.0176,0.0175,6336,0.554091923557795,0.440891403064588
70,"SUCRE",70742,"SINCE",2018,30768,0.948387715,0.051612285,31291,1,0.897235,89.7081,36.0641,5.857,0.7235,10.3876,100,100,100,100,86.1061,0,4.739336493,303.451763,0.009862577,0.0214,0.0212,5075,0.372853506109748,0.316891424887816
70,"SUCRE",70771,"SUCRE",2018,29543,0.969271081,0.030728919,25188,0.852587753,0.777368,77.7368,24.4065,0,0,0,60.95,0,23.09,28.01333333,93.2824,0,11.19402985,111.41225,0.003771189,0.018,0.0179,10619,0.235090876882087,0.211144551892641
70,"SUCRE",70820,"TOLU",2018,32902,0.781213772,0.218786228,34504,1,0.879483,87.8856,33.6316,2.4137,2.7803,13.6877,39.09,18.12,28.57,28.59333333,93.1525,0,7.434944238,1320.553926,0.040135977,0.6022,0.4714,50221,1.30952192098136,0.837040542500268
70,"SUCRE",70823,"TOLUVIEJO",2018,21329,0.933775139,0.066224861,21729,1,0.979757,97.7626,39.0606,2.3795,2.2359,11.8974,61.71,28.11,29.31,39.71,98.1771,0,5.83090379,1519.268052,0.071230159,0.7506,0.56,16737,0.647789814710011,0.499434883735699
73,"TOLIMA",73001,"IBAGUE",2018,529634,0.381960702,0.618022734,543336,1,1.031974,103.0056,50.5933,2.4462,0.3238,6.8262,50.91,43.27,10.95,35.04333333,75.2465,14.28979708,8.002286368,67081.96385,0.126657208,0.0727,0.0702,2430,2.35453932789156,1.21031445187265
73,"TOLIMA",73024,"ALPUJARRA",2018,4534,0.904095112,0.095904888,3785,0.834803705,0.965517,96.5517,64.7436,3.3582,0,8.5821,100,100,37.73,79.24333333,94.4049,0,0,92.54338553,0.02041098,15238,0.9258,23796,0.261728245679962,0.232482404702608
73,"TOLIMA",73026,"ALVARADO",2018,8702,0.849765905,0.150234095,7262,0.8345208,0.87988,87.988,38.4083,4.6526,0.956,8.413,72.56,70.83,38.47,60.62,91.954,0,20.2020202,339.085415,0.038966377,0.0766,0.0738,5607,0.441457952975586,0.365655068732699
73,"TOLIMA",73030,"AMBALEMA",2018,6670,0.749694109,0.250305891,5721,0.857721139,0.79086,79.086,25,6.1468,7.0642,8.7156,83.73,78.19,78.19,80.03666667,88.6978,0,0,444.8209702,0.066689801,0.0371,0.0364,11185,0.297857631614997,0.26071492938108
73,"TOLIMA",73043,"ANZOATEGUI",2018,10219,0.962869384,0.037130616,9103,0.890791663,0.805261,80.5261,36.8159,4.0343,0.0504,6.8583,67.378,46.258,37.898,50.511333332,91.511,0,22.22222222,107.218351,0.010492059,0.0242,0.0239,4660,0.21917189205311,0.198171851266107
73,"TOLIMA",73055,"GUAYABAL",2018,12693,0.821522046,0.178477954,9934,0.782636099,0.944206,94.4206,42.619,2.8169,0.1707,2.6462,100,62.41,65.59,76,96.922,0,9.900990099,495.789014,0.039060034,0.0864,0.0829,6494,0.408222554610814,0.334483763951671
73,"TOLIMA",73067,"ATACO",2018,19342,0.966261734,0.033738266,18110,0.936304415,0.963316,96.3316,35.1036,2.6398,0.3562,1.1314,28.71,22.6,30.34,27.21666667,84.0042,0,3.891050584,332.401789,0.017185492,0.0897,0.0859,11595,0.233836977735035,0.210128807951388
73,"TOLIMA",73124,"CAJAMARCA",2018,18472,0.885466126,0.114533874,17270,0.93492854,0.922423,92.2157,43.3846,2.7318,2.1796,3.6617,47.41,44.89,44.89,45.73,88.9079,0,13.39285714,2524.213787,0.136650811,0.0143,0.0142,4721,0.352386619554531,0.301870897950632
73,"TOLIMA",73148,"CARMEN DE APICALA",2018,10111,0.81090134,0.18909866,6568,0.649589556,0.977564,97.6496,44.9857,1.9976,0,5.1704,50.63,34.97,41.22,42.27333333,97.6438,0,0,295.155497,0.029191524,0.1251,0.1179,1523,0.666808913789914,0.510910968397982
73,"TOLIMA",73152,"CASABIANCA",2018,6366,0.956449743,0.043550257,6039,0.948633365,0.823225,82.3225,38.2222,2.0356,1.3571,1.3571,31.64,31.64,31.64,31.64,97.0182,0,0,76.166832,0.01196463,0.0679,0.0657,2789,0.220795730285202,0.199502884069136
73,"TOLIMA",73168,"CHAPARRAL",2018,50368,0.838101617,0.161898383,52255,1,0.938298,93.769,37.2976,2.5026,0.7068,7.1067,74.62,74.62,74.62,74.62,94.0451,0,4.545454545,1543.013368,0.030634795,0.0982,0.0937,5496,0.2834936024558,0.24958573686459
73,"TOLIMA",73200,"COELLO",2018,8246,0.935662784,0.064337216,5409,0.655954402,0.91376,91.376,50,0.7101,0.6456,6.714,100,100,100,100,78.9447,0,0,1591.11855,0.192956409,18798,10577,189863,0.693628986635078,0.526873556088295
73,"TOLIMA",73217,"COYAIMA",2018,22789,0.970001186,0.029998814,25301,1,1.091246,109.1246,66.3529,2.4902,2.6939,4.7928,39.51,17.53,20.23,25.75666667,94.8914,0,9.090909091,606.392351,0.026608993,0.5946,0.4666,6013,0.316602663904278,0.275054679370478
73,"TOLIMA",73226,"CUNDAY",2018,8739,0.94869326,0.05130674,7270,0.831902964,0.990346,99.0346,55.3265,4.8431,0.1651,5.2284,30.18,100,12.29,47.49,94.5545,0,0,81.736882,0.009353116,0.2215,0.2001,15257,0.271899125098253,0.240511157605148
73,"TOLIMA",73236,"DOLORES",2018,8356,0.950867052,0.049132948,7612,0.910962183,0.925327,92.5327,52.7076,2.5284,1.2642,7.775,100,100,100,100,89.4481,0,0,151.839879,0.018171359,0.0257,0.0253,8892,0.268121337875862,0.237536543767936
73,"TOLIMA",73268,"ESPINAL",2018,70499,0.587586207,0.412413793,81200,1,1.087789,108.6121,50.6965,3.2644,1.5646,12.1016,76.88,76.88,76.88,76.88,98.3699,0,12.93532338,10407.43075,0.147625225,0.2132,0.1932,36099,1.70132559363364,0.993742613133612
73,"TOLIMA",73270,"FALAN",2018,7695,0.924726207,0.075273793,6483,0.842495127,1.050825,105.0825,62.5984,2.8824,0.2941,5.3529,100,37.9,37.9,58.6,96.7063,0,0,85.355103,0.011092281,0.0964,0.092,27251,0.32107531925333,0.278446040760611
73,"TOLIMA",73275,"FLANDES",2018,28376,0.758362909,0.241637091,13243,0.466697209,0.890933,88.9807,44.8384,3.6788,0.3795,7.0657,64.69,63.04,63.04,63.59,92.9108,0,6.269592476,1193.641142,0.042065166,0.2557,0.2277,37531,1.92581572630017,1.07357332259018
73,"TOLIMA",73283,"FRESNO",2018,31060,0.837662544,0.162337456,31453,1,0.948978,94.8978,35.6364,3.0992,1.8528,9.3145,75.29,96.63,47.56,73.16,87.2152,0,7.556675063,508.952569,0.01638611,0.0703,0.0679,8900,0.671229000484964,0.513559284200228
73,"TOLIMA",73319,"GUAMO",2018,32941,0.880512515,0.119487485,26848,0.815032938,0.894254,89.4254,46.9124,2.3591,1.2912,3.5012,65.78,50.36,48.73,54.95666667,96.175,0,9.554140127,1435.358516,0.043573617,0.0488,0.0477,3015,0.64658190254226,0.498701565017866
73,"TOLIMA",73347,"HERVEO",2018,7359,0.967303609,0.032696391,4710,0.640032613,0.906836,90.6836,37.5,3.6068,1.273,7.9208,34.83,34.9,34.9,34.87666667,97.5672,0,0,148.283641,0.020149972,16758,0.9843,67893,0.218879514453599,0.197932005953467
73,"TOLIMA",73349,"HONDA",2018,24684,0.510700195,0.489259953,25093,1,0.923059,92.282,38.6139,2.8249,1.5458,9.8424,77.04,77.04,82.52,78.86666667,95.9821,0,29.23976608,928.457345,0.037613731,0.0276,0.0272,2525,0.302735688928892,0.2644664294687
73,"TOLIMA",73352,"ICONONZO",2018,11892,0.939055039,0.060944961,7958,0.669189371,0.925975,92.5975,49.0909,2.8559,0.2636,8.1283,23.44,23.44,23.44,23.44,95.6246,0,9.615384615,339.766861,0.028571044,0.195,0.1781,4519,0.9202813382483,0.652471705642825
73,"TOLIMA",73408,"LERIDA",2018,18592,0.684201972,0.315743851,18458,0.992792599,0.949489,94.9489,43.7086,2.4132,1.124,2.4132,82.84,69.02,69.02,73.62666667,53.0354,0,10.47120419,1251.444502,0.067310913,0.0638,0.0619,2665,0.553179315419604,0.4403040013901
73,"TOLIMA",73411,"LIBANO",2018,36793,0.789177775,0.210769434,37885,1,1.036671,103.6528,47.619,3.1769,1.574,4.5242,70.94,68.44,66.12,68.5,97.025,0,8.968609865,1166.993751,0.03171782,0.1172,0.1108,35766,0.525893402893463,0.422580076486233
73,"TOLIMA",73443,"MARIQUITA",2018,37766,0.671917276,0.328055935,37329,0.988428745,0.965661,96.4966,44.0532,4.3002,1.2041,6.1923,80.22,80.22,80.22,80.22,97.125,265.2519894,15.91511936,1807.780735,0.047867943,0.0442,0.0433,2624,0.817517866946236,0.597471760884088
73,"TOLIMA",73449,"MELGAR",2018,36544,0.455945954,0.544054046,35377,0.968065893,1.203023,120.0552,54.7697,2.0009,1.0368,9.4348,69.91,67.06,67.93,68.3,97.99,0,12.45551601,4649.085272,0.12721884,0.0056,0.0056,3472,2.37418032876757,1.21615242927753
73,"TOLIMA",73461,"MURILLO",2018,4116,0.953210011,0.046789989,3676,0.893100097,0.778474,77.8474,27.6074,4.7739,3.8945,14.3216,32.77,33.32,33.32,33.13666667,81.8898,0,0,71.148829,0.017285916,0.0326,0.0321,11483,0.0842062690804651,0.0808481700451158
73,"TOLIMA",73483,"NATAGAIMA",2018,14843,0.933898974,0.066101026,15204,1,1.061299,106.1299,59.5618,3.2028,1.21,3.9858,100,68.08,68.51,78.86333333,90.1871,0,15.54404145,406.112097,0.027360513,0.8971,0.6403,36336,0.271538306588335,0.240227432511035
73,"TOLIMA",73504,"ORTEGA",2018,34606,0.954471056,0.045528944,29937,0.8650812,0.834323,83.3936,43.9569,2.1839,0.7129,4.2936,55.64,16.23,16.23,29.36666667,90.4694,0,8.219178082,377.474617,0.010907779,0.1078,0.1024,10286,0.408797888224528,0.3427367792099
73,"TOLIMA",73520,"PALOCABILDO",2018,9728,0.95295587,0.04704413,9608,0.987664474,0.792399,79.2399,24.1983,1.7762,0.6513,6.3351,89.45,33.4,45.69,56.18,95.1244,0,0,201.196072,0.020682162,0.0124,0.0123,7377,0.404366683341165,0.330502736343325
73,"TOLIMA",73547,"PIEDRAS",2018,6698,0.772375348,0.227624652,3229,0.482084204,0.766856,76.6856,32.3529,2.2527,3.8198,10.5779,53.66,33.08,33.05,39.93,78.2372,0,0,855.526818,0.127728698,0.0684,0.0662,4451,0.499094116906585,0.404861003611505
73,"TOLIMA",73555,"PLANADAS",2018,25767,0.952571677,0.047428323,29961,1,0.987571,98.7571,34.4371,6.7921,0.0882,7.6889,33.43,33.43,33.43,33.43,91.4931,0,12.77372263,503.132781,0.019526246,0.1646,0.1524,8362,0.243906720104613,0.218257007666823
73,"TOLIMA",73563,"PRADO",2018,8491,0.888834296,0.111165704,8141,0.958779885,1.030303,102.9115,54.2254,4.4469,0.7782,4.5025,59.85,36.32,38.22,44.79666667,97.7026,0,22.98850575,154.5265305,0.018198861,0.1236,0.1165,7004,0.288742807722228,0.253667175516566
73,"TOLIMA",73585,"PURIFICACION",2018,23521,0.822649667,0.177350333,22667,0.96369202,0.989765,98.9532,54.2974,3.8292,1.9917,2.6649,92.44,60.9,57.14,70.16,97.4162,0,10.60070671,1767.253813,0.075135148,0.1544,0.1436,26750,0.790019962595948,0.582226772078716
73,"TOLIMA",73616,"RIOBLANCO",2018,22775,0.970316261,0.029641515,23683,1,0.796525,79.6525,27.7533,5.677,0.3209,7.683,16.26,17.44,17.36,17.02,86.5731,0,2.267573696,743.730346,0.032655559,0.1593,0.1478,2162,0.226841794335268,0.204443220443616
73,"TOLIMA",73622,"RONCESVALLES",2018,5470,0.897385492,0.102614508,5087,0.929981718,0.888631,88.8631,35.1351,6.4198,0.0823,7.8189,34.38,34.38,34.38,34.38,70.7786,0,16.12903226,146.466585,0.026776341,0.3122,0.2717,8989,0.227835353680559,0.20525274392849
73,"TOLIMA",73624,"ROVIRA",2018,21673,0.957763142,0.042236858,25357,1,1.026468,102.6269,43.4932,4.6154,0.4368,4.8243,60.29,41.34,41.34,47.65666667,96.2415,0,9.146341463,310.171772,0.014311437,0.1483,0.1383,10231,0.283504537685539,0.249594256722527
73,"TOLIMA",73671,"SALDAÑA",2018,14436,0.838875725,0.161124275,12239,0.847811028,0.924177,92.382,50.8876,1.3807,1.8146,2.7219,100,45.29,45.29,63.52666667,96.2667,0,34.24657534,1817.250324,0.125883231,0.3048,0.2661,11927,0.508382822251419,0.404147860587275
73,"TOLIMA",73675,"SAN ANTONIO",2018,12901,0.962232287,0.037767713,13027,1,0.962674,96.2674,46.3602,3.2748,0.6077,4.659,44.29,38.91,29.82,37.67333333,94.9127,0,10.25641026,147.858096,0.011460979,0.1531,0.1424,17498,0.28474891380703,0.250563301439002
73,"TOLIMA",73678,"SAN LUIS",2018,13558,0.938336183,0.061663817,9941,0.733220239,0.978157,97.8157,51.1211,0,0,0,97.89,97.89,97.89,97.89,95.5367,0,17.39130435,484.90658,0.035765347,0.1932,0.1766,4847,0.379911693990083,0.322019507259416
73,"TOLIMA",73686,"SANTA ISABEL",2018,5779,0.939469162,0.060530838,5237,0.906212147,0.958431,95.8431,41.0138,2.3904,0,2.3108,61.99,27.92,31.89,40.6,87.6397,0,14.70588235,45.886477,0.007940211,0.3715,0.3159,10048,0.186426229434805,0.170945620021679
73,"TOLIMA",73770,"SUAREZ",2018,3821,0.917591125,0.082408875,3155,0.825700079,0.882637,88.2637,39.6396,1.8059,0.12495,3.027,100,78.78,82.52,87.1,90.9341,0,38.46153846,536.438659,0.140392216,13982,0.8747,76816,0.463237766979633,0.380651628983143
73,"TOLIMA",73854,"VALLE DE SAN JUAN",2018,5337,0.941919752,0.058080248,4511,0.845231403,0.8971,89.71,43.5484,3.8273,0.0981,6.6732,48.92,32.73,32.73,38.12666667,80.2848,0,0,78.77756255,0.014760645,48911,17735,21748,0.340791748164632,0.293260296314923
73,"TOLIMA",73861,"VENADILLO",2018,12814,0.803679346,0.196320654,11252,0.878102076,0.936028,93.6028,40.4545,1.57,1.4085,2.3349,51.43,49.21,51.43,50.69,94.0527,0,0,728.585107,0.056858522,0.1636,0.1515,10586,0.378487897658718,0.320987172087875
73,"TOLIMA",73870,"VILLA HERMOSA",2018,9285,0.962430661,0.037569339,7932,0.854281099,0.891139,89.1139,30.4075,5.6897,1.2882,4.5625,32.24,31.55,31.55,31.78,86.6946,0,11.49425287,92.49673229,0.009961953,0.216,0.1955,25175,0.175601148103972,0.161779632173217
73,"TOLIMA",73873,"VILLARRICA",2018,5123,0.960237389,0.039762611,5055,0.986726527,1.017895,101.7895,45.1613,4.4204,1.6699,2.3576,49.62,38.86,38.48,42.32,87.9414,0,0,47.223793,0.009217996,0.0524,0.0511,19509,0.285726944327073,0.251324273820162
76,"VALLE",76001,"SANTIAGO DE CALI",2018,2227649,0.33909115,0.660906709,2335897,1,0.821703,81.8549,42.5391,2.7006,0.9641,7.7329,78.62,78.03,83.37,80.00666667,98.3123,8.039554609,9.084696708,373134.4089,0.167501437,0.5829,0.4593,13950,2.95227073792542,1.14742976406231
76,"VALLE",76020,"ALCALA",2018,14067,0.836093418,0.163821656,11775,0.837065472,0.683345,68.3345,26.8245,10.601,0.142,5.5845,80.35,80.43,80.43,80.40333333,79.2029,0,12.7388535,307.6643,0.021871351,0.4748,0.3885,25570,0.68081781783115,0.519280471296339
76,"VALLE",76036,"ANDALUCIA",2018,22448,0.647991543,0.352008457,17028,0.7585531,0.625688,62.5,34.893,1.6956,0.1972,5.8754,47.4,46.16,47.42,46.99333333,98.9414,0,0,277.0334,0.012341117,0.0518,0.0505,40125,1.16356140354443,0.771755661858249
76,"VALLE",76041,"ANSERMANUEVO",2018,17442,0.804661366,0.195338634,18235,1,0.76322,76.0875,29.421,7.4946,2.6059,9.16,59.39,50.24,59.39,56.34,95.9484,0,0,417.619007,0.023943298,0.8123,0.5946,17030,0.322292287657607,0.279366812042726
76,"VALLE",76054,"ARGELIA",2018,5391,0.912164715,0.087835285,5294,0.982007049,0.714401,71.4401,34.2857,0,0,0,100,27.99,100,75.99666667,96.0474,0,19.23076923,93.097458,0.017269052,0.2749,0.2428,24462,0.329694855746911,0.284949484140928
76,"VALLE",76100,"BOLIVAR",2018,16003,0.883657799,0.116342201,12893,0.805661438,0.705334,70.5334,36.6782,0,0,0,69.18,69.2,43.7,60.69333333,84.9215,0,21.58273381,180.499924,0.01127913,0.4,0.3365,16081,0.25411228015833,0.226427975808801
76,"VALLE",76109,"BUENAVENTURA",2018,308193,0.718889444,0.281107411,318003,1,0.790751,78.9594,27.7902,1.7715,0.6378,5.8433,68.01,68.01,63.36,66.46,71.015,122.4489796,20.81632653,38039.27469,0.123426796,1449,0.8957,53083,0.359412031628695,0.307052276581755
76,"VALLE",76111,"BUGA",2018,127542,0.426518501,0.573481499,137504,1,0.847795,84.6448,47.3943,6.2776,1.8838,8.5963,70.22,68.64,49.77,62.87666667,94.4132,78.92659826,7.892659826,20887.22747,0.163767445,0.0607,0.0589,31892,0.816145877926231,0.596716606207412
76,"VALLE",76113,"BUGALAGRANDE",2018,24332,0.605138807,0.394861193,20316,0.83494986,0.761194,76.0984,43.6754,1.1147,0.0587,3.1681,42.26,37.33,41.39,40.32666667,96.4843,0,0,5514.307941,0.226627813,0.4422,0.3662,14694,0.93175748585367,0.658430202990953
76,"VALLE",76122,"CAICEDONIA",2018,28825,0.724461826,0.275538174,29916,1,0.707745,70.7745,27.2358,5.7572,0.776,6.6083,86.14,80.64,79.72,82.16666667,98.7826,0,18.79699248,1057.237156,0.036677785,0.3,0.2624,64076,0.699698858505797,0.53045109331525
76,"VALLE",76126,"CALIMA",2018,18051,0.762248843,0.237751157,15777,0.8740236,0.747788,74.7788,40.4153,2.3765,0.0377,4.3757,53.26,48.61,57.88,53.25,85.4227,0,5.524861878,665.158497,0.036848845,0.1765,0.1626,52983,0.516292333284169,0.40870580837272
76,"VALLE",76130,"CANDELARIA",2018,91829,0.451775631,0.548224369,74734,0.813838766,0.769554,76.9186,34.9682,0,0,0,89.28,85.92,94.66,89.95333333,99.5948,0,5.12295082,10266.43471,0.111799483,0.5315,0.4263,20760,8.01129236987933,2.19847849861261
76,"VALLE",76147,"CARTAGO",2018,135733,0.499762398,0.500237602,145201,1,0.796072,79.571,40.7316,1.5979,4.3984,10.8561,81.43,80.18,81.08,80.89666667,99.1144,0,7.782101167,7711.70088,0.056815225,0.2996,0.2621,32683,1.90787398507578,1.06742222485193
76,"VALLE",76233,"DAGUA",2018,48448,0.778340351,0.221606353,37526,0.774562417,0.668891,66.8891,31.235,3.1113,2.058,7.4704,56.59,15.01,50.13,40.57666667,67.9775,0,12.25490196,3002.468106,0.061973004,50936,18072,319888,0.456941614772372,0.376339454188036
76,"VALLE",76243,"EL AGUILA",2018,8905,0.925748201,0.074251799,7919,0.889275688,0.758313,75.8313,32.2289,3.2808,0.4414,4.4795,51.291,42.7105,59.8415,51.281000001,95.6349,0,21.73913043,105.249655,0.011819164,0.0207,0.0205,33442,0.272866411641585,0.241271374274191
76,"VALLE",76246,"EL CAIRO",2018,6849,0.914675768,0.085324232,6446,0.941159293,0.71409,71.409,32.3404,7.5355,0,2.8369,66.16,47.78,48.68,54.20666667,74.1379,0,15.87301587,61.249068,0.008942775,0.7876,0.5809,37512,0.224758724994517,0.202743865409533
76,"VALLE",76248,"EL CERRITO",2018,56459,0.51464682,0.48535318,52537,0.930533662,0.879566,87.8578,49.8428,4.882,0.5334,6.6827,90.46,75.31,99.99,88.58666667,99.3872,0,5.484460695,5348.531986,0.094733027,0.7642,0.5677,23190,0.968422728906767,0.677232576837335
76,"VALLE",76250,"EL DOVIO",2018,8892,0.920784448,0.079044275,11677,1,0.724617,72.4617,29.1291,5.2329,1.0204,6.254,44.22,44.28,44.28,44.26,16.4894,0,25,172.583956,0.019408902,0.047,0.0459,4807,0.327914277222325,0.283609498686389
76,"VALLE",76275,"FLORIDA",2018,57382,0.535837557,0.464162443,64318,1,0.915343,91.4932,42.1378,5.4338,1.4539,7.7299,99.58,97.5,98.5,98.52666667,80.4181,315.4574132,4.731861199,1885.39494,0.032856905,0.2395,0.2147,8855,1.05531048990042,0.72042692651113
76,"VALLE",76306,"GINEBRA",2018,22736,0.633013396,0.366986604,19483,0.856922942,0.829203,82.8756,45.4545,2.1633,2.6824,11.2778,53.97,44.74,62.42,53.71,86.9154,0,0,1589.487632,0.06991061,0.1545,0.1437,6761,0.702135737501725,0.531883778734825
76,"VALLE",76318,"GUACARI",2018,33184,0.540604868,0.459395132,31511,0.949584137,0.741583,74.1435,37.4026,1.9333,0.3398,6.7347,70.71,62.28,65.68,66.22333333,98.6849,0,8.310249307,2493.514143,0.075142061,0.0709,0.0685,10590,0.927672144253292,0.656313132067115
76,"VALLE",76364,"JAMUNDI",2018,159871,0.463009868,0.536990132,113706,0.711235934,0.718254,71.72,34.631,4.802,0.1499,11.6101,85.34,67.39,87.8,80.17666667,96.0979,0,10.50030883,14575.4103,0.09116982,0.0246,0.0243,20279,1.25617287974218,0.813669961791193
76,"VALLE",76377,"LA CUMBRE",2018,16322,0.809623431,0.190376569,10516,0.644283789,0.721317,72.1317,39.604,2.5914,0.3239,7.8205,90.07,12.02,87.26,63.11666667,96.6169,0,11.49425287,243.836947,0.014939159,0.1949,0.178,19013,0.708745348719917,0.535759387015693
76,"VALLE",76400,"LA UNION",2018,33964,0.698391951,0.301608049,32897,0.968584383,0.783267,78.3267,44.0406,0,0,0,75.11,75.11,73.59,74.60333333,98.2322,0,2.941176471,1357.597675,0.039971666,0.9101,0.6472,10895,1.2775290070883,0.823091086443338
76,"VALLE",76403,"LA VICTORIA",2018,12165,0.720943709,0.279056291,12080,0.993012741,0.875617,87.5617,51.9481,0,0,0,86.91,82.55,84.98,84.81333333,92.7184,0,9.433962264,422.408055,0.034723227,0.0665,0.0644,6590,0.504786535895029,0.408651051526477
76,"VALLE",76497,"OBANDO",2018,12311,0.739411481,0.260588519,10365,0.841929981,0.628274,62.8274,31.3199,5.7458,0.1741,6.5003,71.3,68.61,67.8,69.23666667,91.5888,0,8.695652174,412.32083,0.033492066,0.0947,0.0905,52842,0.517378499240613,0.416984174347753
76,"VALLE",76520,"PALMIRA",2018,349295,0.404128438,0.595871562,335042,0.95919495,0.788526,78.7508,38.5191,3.7976,0.9118,8.9086,80.73,78.05,82.32,80.36666667,98.7325,28.71912694,8.902929351,57921.02189,0.165822648,0.2341,0.2104,8536,4.98352798052899,1.78901035730177
76,"VALLE",76563,"PRADERA",2018,47599,0.539823748,0.460176252,47886,1,0.814086,81.1995,36.7544,2.3975,0.0378,9.9054,93.22,68.99,63.24,75.15,92.0907,0,9.652509653,3593.497534,0.075495232,0.0668,0.0647,23625,1.15138866451737,0.76611352411529
76,"VALLE",76606,"RESTREPO",2018,15308,0.704096652,0.295903348,16306,1,0.930446,93.0446,49.6241,0,0,0,81.59,42.68,59.14,61.13666667,99.2251,0,5.617977528,431.166138,0.028166066,0.0464,0.0453,9022,0.845061733942999,0.612512737064419
76,"VALLE",76616,"RIOFRIO",2018,15557,0.786856015,0.213143985,15703,1,0.808909,80.8909,36.6171,5.1686,2.7493,8.4677,79.73,79.73,79.73,79.73,86.7447,0,5.617977528,1246.288675,0.080111119,0.0518,0.0505,8594,0.370066963997794,0.314859617476009
76,"VALLE",76622,"ROLDANILLO",2018,36793,0.656710607,0.343289393,35958,0.977305466,0.821573,82.1434,49.5223,3.7408,2.5063,4.0686,100,100,100,100,97.8499,0,8.498583569,904.88524,0.024593951,23538,12101,71777,0.48207460343485,0.393442865306524
76,"VALLE",76670,"SAN PEDRO",2018,16948,0.691678153,0.308321847,11608,0.684918574,0.721599,72.1311,31.9185,0,0,0,72.33,64.27,63.8,66.8,94.8181,0,13.15789474,637.597608,0.037620817,0.0998,0.0952,7948,0.851506161890949,0.615999449419435
76,"VALLE",76736,"SEVILLA",2018,42141,0.81136769,0.188608843,42612,1,0.737104,73.6855,29.986,3.8887,0.3746,9.7217,63.35,46.71,53.71,54.59,95.8464,0,4.901960784,1139.462414,0.027039283,3831,15751,29056,0.369130723096695,0.31417602976566
76,"VALLE",76823,"TORO",2018,14613,0.851758432,0.148241568,13876,0.949565455,0.728878,72.8878,37.1747,6.4967,1.5625,2.8372,69.61,54.11,73.17,65.63,95.9044,0,6.896551724,203.581993,0.013931567,0.4227,0.3525,31821,0.416488460783138,0.348180893967316
76,"VALLE",76828,"TRUJILLO",2018,19220,0.898646752,0.101353248,17809,0.926586889,0.689663,68.9663,39.5284,5.2073,0.675,3.8573,63.06,57.04,57.04,59.04666667,85.1351,0,21.55172414,284.531857,0.014803947,0.3742,0.3179,33796,0.345283411087835,0.296604705420053
76,"VALLE",76834,"TULUA",2018,212677,0.522688605,0.477311395,232165,1,0.82405,82.338,47.9346,4.5681,1.0351,6.3437,98.91,98.87,98.33,98.70333333,95.5423,0,6.197432492,16917.73405,0.079546608,0.1521,0.1416,12831,1.80435751248982,1.03117446193275
76,"VALLE",76845,"ULLOA",2018,5471,0.789283874,0.210716126,3882,0.709559496,0.729112,72.9112,32.6425,7.1676,1.1561,7.6301,61.47,38.19,38.76,46.14,94.2857,0,0,77.004963,0.014075117,0.0882,0.0845,7598,0.822823078763141,0.600386441487819
76,"VALLE",76863,"VERSALLES",2018,7260,0.869250646,0.130749354,7740,1,0.720865,72.0865,39.749,7.2411,0,6.5995,70.4533333333333,58.2116666666667,67.89,65.5183333333333,98.6438,0,0,123.607669,0.01702585,0.4484,0.3705,24953,0.276084893068424,0.243796713327422
76,"VALLE",76869,"VIJES",2018,12736,0.662183908,0.337816092,8700,0.683103015,0.670622,67.0622,41.0628,1.7114,0.7412,7.8152,47.22,45.51,49.2,47.31,53.5862,0,0,247.168661,0.019407087,19222,10723,552035,0.534345740730894,0.428104062641508
76,"VALLE",76890,"YOTOCO",2018,16016,0.698509537,0.301490463,12949,0.808503996,0.770564,76.9934,38.4335,1.4949,2.4646,4.8081,74.31,45.78,52.59,57.56,96.6548,0,17.14285714,1374.208173,0.085802209,0.3511,0.301,12415,0.576074043022683,0.454936971945464
76,"VALLE",76892,"YUMBO",2018,107323,0.424069987,0.575930013,101047,0.94152232,0.94578,93.6743,42.9374,4.2928,1.7537,4.5038,91.18,91.15,91.67,91.33333333,39.6724,0,11.8289354,98160.95801,0.914631142,0.3737,0.3175,18514,4.7374607943387,1.74701674213259
76,"VALLE",76895,"ZARZAL",2018,41923,0.547860348,0.452139652,43909,1,0.793774,79.3774,43.4811,4.9258,1.2788,3.9627,81.31,81.34,99.88,87.51,96.875,0,16.94915254,9408.735228,0.224428959,0.3292,0.2846,37508,1.14635558163091,0.763771325557577
81,"ARAUCA",81001,"ARAUCA",2018,85590,0.715777943,0.284210764,88554,1,0.970009,96.9141,39.3978,2.958,4.1627,0.0964,50.08,50.14,51.26,50.49333333,79.8025,0,10.53936764,11303.82371,0.132069444,0.5682,0.45,40114,0.288844917573555,0.253746404518456
81,"ARAUCA",81065,"ARAUQUITA",2018,49843,0.939043815,0.060956185,39553,0.793551753,0.70532,70.5156,22.7433,2.5893,5.5016,0.0446,45.27,41.06,42.09,42.80666667,81.9898,293.255132,7.331378299,2533.216052,0.050823908,31795,14302,39096,0.312259587825679,0.271750527525317
81,"ARAUCA",81220,"CRAVO NORTE",2018,3922,0.923785595,0.076214405,3582,0.913309536,0.917182,91.7182,43.1818,4.75,4.25,0,100,100,100,100,22.3077,0,16.12903226,235.568393,0.060063333,0.0445,0.0435,4251,0.233463349644012,0.209825944056196
81,"ARAUCA",81300,"FORTUL",2018,18935,0.952271841,0.047728159,20512,1,1.020234,102.0234,40.285,3.5764,4.049,0.2371,61.84,36.27,64.29,54.13333333,88.855,0,2.551020408,359.348272,0.018977992,0.0553,0.0538,15717,0.223825712332776,0.201981782066461
81,"ARAUCA",81591,"PUERTO RONDON",2018,4386,0.929041353,0.070958647,4256,0.970360237,0.826982,82.6982,23.125,3.3373,2.6222,0,63.8,63.8,63.8,63.8,59.5041,0,15.625,49.944451,0.011387244,0.0944,0.0903,36303,0.310758308255234,0.270605831001043
81,"ARAUCA",81736,"SARAVENA",2018,55562,0.849629885,0.150352901,58090,1,0.89868,89.868,33.5783,1.8545,4.2076,0.0169,63.63,59.6,63.03,62.08666667,90.4251,96.43201543,13.50048216,1554.743086,0.02798213,0.3424,0.2944,10120,0.460598484621243,0.37884627269905
81,"ARAUCA",81794,"TAME",2018,43939,0.876326032,0.123673968,52412,1,1.236492,123.5748,50.4269,2.4219,4.6445,0.0812,51.98,48.09,48.09,49.38666667,85.6516,0,13.20422535,2699.830499,0.061444969,0.155,0.1441,7393,0.289448785549607,0.254214829032205
85,"CASANARE",85001,"YOPAL",2018,168427,0.481962846,0.518025419,170426,1,1.001868,100.0776,48.516,2.0064,2.1614,6.3752,68.05,68.53,69.16,68.58,88.4975,0,8.808885484,33466.54014,0.198700565,0.026,0.0256,27075,0.874900114202607,0.628555385578072
85,"CASANARE",85010,"AGUAZUL",2018,36916,0.649872803,0.350127197,34199,0.926400477,0.943294,94.3167,53.9086,2.5985,1.0365,9.2191,45.43,45.1,44.98,45.17,84.1073,0,7.532956685,6718.117381,0.181983893,0.0693,0.067,8623,3.01486866711589,1.39000463630728
85,"CASANARE",85015,"CHAMEZA",2018,2499,0.903397028,0.096602972,1884,0.753901561,0.665474,66.5474,30.4348,1.2887,2.0619,6.9588,39.6,39.6,39.6,39.6,46.875,0,35.71428571,195.276637,0.078141912,0.4663,0.3827,24074,0.271912653799755,0.240521794163729
85,"CASANARE",85125,"HATO COROZAL",2018,12322,0.913071534,0.086928466,10848,0.880376562,0.889287,88.9287,32.8386,3.5671,3.2346,13.1802,30.35,24.09,29.56,28,60.2333,0,27.02702703,237.260188,0.019255006,0.0093,0.0093,23853,0.214047955222834,0.19396019368813
85,"CASANARE",85136,"LA SALINA",2018,1415,0.838095238,0.161904762,1050,0.74204947,0.669192,66.9192,27.8481,0.3521,2.1127,9.507,72.19,39.51,39.51,50.40333333,74.7368,0,0,97.0565496,0.068591201,0.0238,0.0236,5609,0.208470558820998,0.189355559111233
85,"CASANARE",85139,"MANI",2018,17209,0.662566992,0.337433008,14554,0.845720263,0.823916,82.3916,36.5854,4.735,3.1671,6.0521,36.34,51.84,51.82,46.66666667,79.4449,0,11.81102362,3557.041248,0.206696569,0.0525,0.0511,22305,0.282733012151747,0.248992967448207
85,"CASANARE",85162,"MONTERREY",2018,17521,0.740337391,0.25959143,14049,0.801837795,0.868591,86.8591,47.9806,2.6482,2.136,7.0117,99.89,75.79,76.6,84.09333333,88.079,0,13.88888889,2304.91138,0.13155136,0.4493,0.3711,14768,0.448947021713945,0.370837100705989
85,"CASANARE",85225,"NUNCHIA",2018,8831,0.89606319,0.10393681,7976,0.903181973,0.90021,90.021,39.0323,3.0882,1.516,6.0079,45.27,35.8,35.8,38.95666667,61.8996,909.0909091,0,948.9512904,0.107456833,0.0778,0.0749,13284,0.264728631301172,0.234857578456089
85,"CASANARE",85230,"OROCUE",2018,12341,0.850919652,0.149080348,10330,0.837047241,0.787466,78.7466,25.0951,3.5714,4.9405,3.2468,65.02,65.02,65.02,65.02,83.6549,0,0,4036.209874,0.327056954,0.2352,0.2112,13979,0.250797566617389,0.223781401138663
85,"CASANARE",85250,"PAZ DE ARIPORO",2018,36274,0.867122897,0.132877103,38577,1,0.934682,93.4451,41.7694,2.8425,1.5882,5.0997,75.73,75.73,75.73,75.73,60.4221,141.6430595,8.498583569,2863.475206,0.078940156,0.0499,0.0487,5933,0.214269281879061,0.194142481779206
85,"CASANARE",85263,"PORE",2018,11972,0.86509636,0.13490364,10741,0.897176746,0.780363,78.0363,27.7895,3.6044,2.0109,5.5323,35.32,35.23,35.23,35.26,82.4112,0,5.494505495,1309.107008,0.109347395,0.2052,0.1866,3916,0.292914664887303,0.256899099844798
85,"CASANARE",85279,"RECETOR",2018,1657,0.848866499,0.151133501,1191,0.718768859,0.587248,58.7248,23.5294,1.087,7.5676,9.2391,10.65,10.4,16.56,12.53666667,72.5947,0,0,153.6007969,0.092698127,0.0588,0.0571,5503,0.276339725284375,0.243996391872257
85,"CASANARE",85300,"SABANALARGA",2018,3634,0.815558802,0.184441198,2738,0.753439736,0.927397,92.7397,43.5115,0,0,0,59.82,59.74,59.74,59.76666667,72.6899,0,0,230.173626,0.063338917,0.1732,0.1597,13031,0.39434089654603,0.332421828027322
85,"CASANARE",85315,"SACAMA",2018,2107,0.848266841,0.151733159,1529,0.725676317,0.545263,54.5263,29.4118,0,7.0896,0,42.44,41.29,48.47,44.06666667,63.745,0,0,78.65915759,0.037332301,0.0457,0.0447,9556,0.17608331706281,0.16218969480937
85,"CASANARE",85325,"SAN LUIS DE PALENQUE",2018,8462,0.857087024,0.142912976,7676,0.907114157,0.742931,74.2931,28.3828,2.7853,3.4647,9.3071,39.66,29.69,29.8,33.05,79.1574,0,19.60784314,1969.969134,0.232801836,0.0366,0.036,5280,0.240773036042913,0.215734601537453
85,"CASANARE",85400,"TAMARA",2018,6861,0.925193969,0.074806031,6831,0.99562746,0.890203,89.0203,28.9037,2.3529,4.0248,4.8916,9.97,9.9,9.95,9.94,40.8553,0,13.15789474,163.528615,0.023834516,0.5805,0.4577,14381,0.214330886285372,0.194193214219344
85,"CASANARE",85410,"TAURAMENA",2018,23525,0.621050646,0.378949354,21206,0.901424017,0.96588,96.4404,52.0343,2.345,0.8915,5.2519,53.84,45.83,43.47,47.71333333,92.8774,0,3.134796238,10625.05272,0.451649425,17085,0.9964,24590,0.41462327815882,0.346863261131766
85,"CASANARE",85430,"TRINIDAD",2018,13225,0.86306099,0.13693901,12166,0.919924386,0.981996,98.1996,37.9242,4.7574,0.4695,6.698,55.6,55.57,55.6,55.59,69.3608,0,9.174311927,772.194492,0.058388998,0.1545,0.1437,17894,0.264944563798741,0.235028298135225
85,"CASANARE",85440,"VILLANUEVA",2018,35313,0.460438168,0.539561832,33138,0.938407952,0.903468,90.295,44.5802,2.6676,1.817575,6.3046,86.06,83.34,83.42,84.27333333,91.3399,0,2.05338809,8164.353044,0.231199644,0.038,0.0373,5543,0.531790715361276,0.426437453214558
86,"PUTUMAYO",86001,"MOCOA",2018,56390,0.750657279,0.24930743,56673,1,0.908565,90.804,39.2857,4.7277,3.7673,8.7467,69.9266666666667,54.35,53.105,59.1272222216667,84.5201,0,15.78354002,4855.587074,0.086107237,0.072,0.0695,16071,0.983971384506669,0.685100585626947
86,"PUTUMAYO",86219,"COLON",2018,5412,0.917608737,0.082391263,5219,0.964338507,0.833494,83.3494,50,2.67365,2.11595,3.3188,100,82.94,82.3,88.41333333,97.4659,0,27.02702703,79.466157,0.014683325,0.1164,0.1101,328686,0.380626438005036,0.322537336752615
86,"PUTUMAYO",86320,"ORITO",2018,37744,0.865354033,0.134620724,39615,1,0.938445,93.8335,45.2442,4.1112,1.7368,7.7278,44.49,44.49,44.49,44.49,17.5865,0,12.07243461,2771.476945,0.073428279,0.724,0.5447,132138,0.380725833648553,0.322609327309257
86,"PUTUMAYO",86568,"PUERTO ASIS",2018,64884,0.828607727,0.171392273,66905,1,0.948163,94.8028,35.4631,5.0366,2.4691,11.0569,100,100,100,100,28.71,99.70089731,13.95812562,3429.94168,0.052862673,0.3502,0.3002,25391,0.49117463977888,0.399564158218525
86,"PUTUMAYO",86569,"PUERTO CAICEDO",2018,16086,0.951589,0.048411,12146,0.755066517,0.657216,65.7216,23.9243,5.5921,0.699,9.6217,63.6841666666667,59.79,59.47875,60.9843055554167,54.902,574.7126437,5.747126437,213.886898,0.013296463,0.622,0.4837,30115,0.249395865965166,0.222660127255759
86,"PUTUMAYO",86571,"PUERTO GUZMAN",2018,35393,0.97869768,0.02130232,17369,0.490746758,0.528725,52.8725,14.2397,9.3145,1.3382,4.9376,59.2201041666667,53.6725,56.53296875,56.4751909721354,50.4368,0,11.76470588,160.055145,0.004522226,0.2035,0.1852,19194,0.217312223273547,0.196645332682225
86,"PUTUMAYO",86573,"PUERTO  LEGUIZAMO",2018,28460,0.945388298,0.054611702,23603,0.829339424,0.706424,70.6296,24.8382,5.8324,1.4831,4.2326,54.62,36.71,62.17,51.16666667,8.77,392.1568627,3.921568627,139.504806,0.004901785,39515,15997,110619,0.30625471037571,0.262352990476124
86,"PUTUMAYO",86749,"SIBUNDOY",2018,14940,0.84835106,0.15164894,14949,1,1.067324,106.7324,69.9809,1.5361,1.2647,6.0542,100,63.92,63.92,75.94666667,91.8118,0,31.05590062,428.931185,0.028710253,25325,1262,142792,0.470693399892495,0.385733990182026
86,"PUTUMAYO",86755,"SAN FRANCISCO",2018,5643,0.964682139,0.035317861,5946,1,0.732588,73.2588,32.6733,0,0,0,70.14,56.4,52.69,59.74333333,94.164,0,0,86.548582,0.015337335,0.2093,0.1901,57738,0.326688534006243,0.282686013411673
86,"PUTUMAYO",86757,"SAN MIGUEL",2018,18770,0.97546955,0.02453045,17570,0.936068194,0.831347,83.1347,41.7425,3.2167,1.23695,7.1876,3.75,35.76,40.3,26.60333333,38.4788,591.7159763,0,516.402764,0.027512134,0.0616,0.0598,9210,0.49117463977888,0.399564158218525
86,"PUTUMAYO",86760,"SANTIAGO",2018,7293,0.96967184,0.03032816,8441,1,0.727732,72.7732,31.7829,5.1367,1.27415,6.58735,100,35.71,35.71,57.14,96.6915,0,8,125.298397,0.017180639,0.0703,0.068,7034,0.27424863403327,0.24235669826041
86,"PUTUMAYO",86865,"VALLE DEL GUAMUEZ",2018,33455,0.919008886,0.080962167,34547,1,0.892159,89.1508,45.8481,4.8143,1.7789,6.8897,25.93,43.55,45.27,38.25,58.7372,0,5.050505051,1554.008643,0.046450714,0.7849,0.5793,56819,0.457615681073735,0.376305332061194
86,"PUTUMAYO",86885,"VILLAGARZON",2018,23697,0.874344678,0.125655322,24034,1,1.003879,100.3879,42.6804,6.2554,2.2349,9.3571,40.32,40.32,40.32,40.32,71.9499,0,13.44086022,3752.947735,0.158372272,0.1266,0.1192,9256,0.501612330034704,0.406539417520904
88,"SAN ANDRES",88001,"SAN ANDRES",2018,55286,0.260122288,0.739877712,53644,0.970299895,0.954991,95.4578,51.3198,0,0,0,100,100,100,100,0,132.1003963,15.85204756,286.265956,0.047726902,0.6118,0.4774,57543,9.47891920984928,2.34936554474358
88,"SAN ANDRES",88564,"PROVIDENCIA",2018,5998,0.359423566,0.640576434,3539,0.59003001,0.763293,76.3293,47.449,0,0,0,100,3,100,67.66666667,0,0,0,286.265956,0.047726902,0.5937,0.4661,24240,9.47891920984928,2.34936554474358
91,"AMAZONAS",91001,"LETICIA",2018,48182,0.723828982,0.276171018,53351,1,0.977836,97.7606,44.3932,5.9199,2.6256,4.9029,61.12,49.88,80.29,63.76333333,83.0349,0,23.04609218,4663.477928,0.096788799,0.8209,0.5993,34561,0.212043898344758,0.192308106747604
91,"AMAZONAS",91263,"EL ENCANTO",2018,2094,0,1,14,0.006685769,0.513828,51.3828,14.9533,4.3814,3.866,0,80.56,59.61,74.815,71.661666665,81.12095,0,0,2363.81882,0.051689711,16644,0.98,189878,0.190248121975835,0.174161791251158
91,"AMAZONAS",91405,"LA CHORRERA",2018,2956,0,1,23,0.007780785,0.533617,53.3617,9.2486,1.1429,7.5714,0.2857,80.56,59.61,74.815,71.661666665,81.12095,0,28.57142857,2363.81882,0.051689711,0.4128,0.3456,18290,0.188015588247512,0.172284342274833
91,"AMAZONAS",91407,"LA PEDRERA",2018,3806,0,1,19,0.004992118,0.734429,73.4429,8.7719,0.2105,10.2105,0.2105,80.56,59.61,74.815,71.661666665,81.12095,0,63.82978723,2363.81882,0.051689711,11243,0.7535,34777,0.185388452442007,0.17007052883774
91,"AMAZONAS",91430,"LA VICTORIA",2018,640,0,1,19,0.006685769,0,0,13.9896,0.9474,5.19445,0.2619,80.56,59.61,74.815,71.661666665,81.12095,0,0,2363.81882,0.051689711,0.307,0.2677,12681,0.188015588247512,0.172284342274833
91,"AMAZONAS",91460,"MIRITIÑPARANA",2018,1847,0,1,9,0.004872767,0.358491,35.8491,14.5631,0.7519,5.2632,0.3759,80.56,59.61,74.815,71.661666665,81.12095,0,0,2363.81882,0.051689711,0.1432,0.1338,12572,0.188015588247512,0.172284342274833
91,"AMAZONAS",91530,"PUERTO ALEGRIA",2018,742,0,1,19,0.006685769,0.623256,62.3256,13.9896,0.6897,4.1379,0,80.56,59.61,74.815,71.661666665,81.12095,0,0,2363.81882,0.051689711,2948,13732,378446,0.188015588247512,0.172284342274833
91,"AMAZONAS",91536,"PUERTO ARICA",2018,1016,0,1,1,0.000984252,0.682657,68.2657,0,0,12.8571,0,80.56,59.61,74.815,71.661666665,81.12095,0,125,2363.81882,0.051689711,0.671,0.5134,49776,0.188015588247512,0.172284342274833
91,"AMAZONAS",91540,"PUERTO NARI¥O",2018,9735,0.940956341,0.059043659,7215,0.741140216,0.587363,58.7363,19.0476,5.2268,5.1257,3.7968,100,69.34,69.34,79.56,79.207,0,31.44654088,64.159712,0.006590623,0.4825,0.3937,15926,0.212043898344758,0.192308106747604
91,"AMAZONAS",91669,"PTO SANTANDER",2018,1757,0,1,6,0.003414912,0.628814,62.8814,6.0241,2.963,2.963,6.6667,80.56,59.61,74.815,71.661666665,81.12095,0,0,2363.81882,0.051689711,0.2463,0.2202,16128,0.188015588247512,0.172284342274833
91,"AMAZONAS",91798,"TARAPACA",2018,3798,0,1,35,0.009215377,0.641985,64.1985,13.9896,0.3571,13.5714,0.2381,80.56,59.61,74.815,71.661666665,81.12095,0,22.22222222,2363.81882,0.051689711,0.7794,0.5763,38443,0.1826033715829,0.167718255392326
94,"GUAINIA",94001,"INIRIDA",2018,31533,0.841700803,0.158299197,31491,0.998668062,0.713356,71.3247,9.1877,6.9731,2.7012,14.116,16.8,11.88,37.57,22.08333333,57.1287,146.627566,13.19648094,1964.058419,0.062285809,0.6872,0.5231,17270,0.184708382180017,0.169496653314411
94,"GUAINIA",94343,"BARRANCO MINAS",2018,8076,0.855796388333333,0.144203611666667,46375,0.895237474333333,0.539097,53.9097,4.6465,5.5963,12.3853,21.7431,42.1666666666667,31.78,43.6233333333333,39.19,0,0,44.58598726,1570.941862,0.0369827486666667,156379,28117,2280171,0.178853560367815,0.164542407197876
94,"GUAINIA",94883,"SAN FELIPE",2018,1662,0.848748595666667,0.151251404333333,38933,0.946952768166667,0.496764,49.6764,3.6145,4.4974,6.5963,4.7619,29.4833333333333,21.83,40.5966666666667,30.636666665,28.56435,0,33.33333333,1767.5001405,0.0496342788333333,0.2319,0.2086,43923,0.181930971728217,0.16714951772547
94,"GUAINIA",94884,"PUERTO COLOMBIA",2018,1864,0.848748595666667,0.151251404333333,38933,0.946952768166667,0.441301,44.1301,0,5.8824,0.5882,4.4118,29.4833333333333,21.83,40.5966666666667,30.636666665,28.56435,6250,62.5,1767.5001405,0.0496342788333333,0.2911,0.2555,14973,0.177200080820603,0.163138806032125
94,"GUAINIA",94885,"LA GUADALUPE",2018,270,0.848748595666667,0.151251404333333,38933,0.946952768166667,0.528846,52.8846,2.30725,15.5172,0,1.7241,29.4833333333333,21.83,40.5966666666667,30.636666665,28.56435,0,0,1767.5001405,0.0496342788333333,0.26,0.2311,19948,0.165254424408132,0.152939453223927
94,"GUAINIA",94886,"CACAHUAL",2018,849,0.848748595666667,0.151251404333333,38933,0.946952768166667,0.626374,62.6374,2.30725,12.2881,0.8475,11.0169,29.4833333333333,21.83,40.5966666666667,30.636666665,28.56435,0,0,1767.5001405,0.0496342788333333,14433,0.8933,224250,0.160009885957219,0.148428527458871
94,"GUAINIA",94887,"PANA PANA",2018,1896,0.848748595666667,0.151251404333333,38933,0.946952768166667,0.263804,26.3804,1,14.4796,1.3514,6.7873,29.4833333333333,21.83,40.5966666666667,30.636666665,28.56435,0,0,1767.5001405,0.0496342788333333,0.4679,0.3838,5636,0.20365733157434,0.185364698051033
94,"GUAINIA",94888,"MORICHAL NUEVO",2018,906,0.848748595666667,0.151251404333333,38933,0.946952768166667,0.381818,38.1818,0,14.1026,6.3694,13.4615,29.4833333333333,21.83,40.5966666666667,30.636666665,28.56435,0,0,1767.5001405,0.0496342788333333,0.0646,0.0626,7457,0.178853560367815,0.164542407197876
95,"GUAVIARE",95001,"SAN JOSE DEL GUAVIARE",2018,52849,0.742938733,0.257061267,57780,1,0.964291,96.4063,36.4055,3.8319,3.1874,8.44,75.16,75.16,75.16,75.16,57.6265,0,19.49317739,2097.245924,0.039683739,0.5294,0.4249,13893,0.216288511909001,0.195804018484602
95,"GUAVIARE",95015,"CALAMAR",2018,9527,0.931589814,0.068410186,7265,0.762569539,0.657206,65.7206,20.9945,1.37825,3.6543,9.93315,36.59,36.59,36.59,36.59,24.0572,0,22.72727273,303.82413,0.03189085,0.3885,0.3282,16743,0.208582020894003,0.189447788857512
95,"GUAVIARE",95025,"EL RETORNO",2018,13632,0.943723293,0.056276707,12403,0.909844484,0.732318,73.2318,26.1796,2.5957,2.0958,4.8253,77.21,52.86,67.48,65.85,39.4417,0,0,334.9244614,0.024568989,81728,22162,114676,0.214711250464624,0.194506394609758
95,"GUAVIARE",95200,"MIRAFLORES",2018,6760,0.931203931,0.068796069,5291,0.782692308,0.470717,47.0717,13.3858,2.1348,4.37325,7.1343,99,99,99,99,18.242,0,0,91.42969318,0.013525103,0.6517,0.5018,43760,0.222681483076697,0.201046383763397
97,"VAUPES",97001,"MITU",2018,29831,0.866589947,0.133410053,24331,0.815628038,0.561193,56.1193,13.6113,4.1213,2.3834,11.7604,95.52,93.39,95.87,94.92666667,11.3555,0,13.51351351,1094.988373,0.036706392,4e-04,4e-04,3025,0.208010836557638,0.188975070132683
97,"VAUPES",97161,"CARURU",2018,2923,0.958717287,0.041282713,2713,0.928156004,0.554889,55.4889,12.8655,3.6111,0.9709,0.1389,97.13,97.13,97.13,97.13,15.8228,2173.913043,21.73913043,191.232546,0.065423382,0.0019,0.0019,31810,0.200094708373281,0.182400477324048
97,"VAUPES",97511,"PACOA",2018,4036,0.958717287,0.041282713,2713,0.815628038,0.179251,17.9251,1.9455,2.3188,0.2899,10.4348,95.52,93.39,95.87,94.92666667,12.5541,0,30.3030303,191.232546,0.036706392,0,0,4255,0.185163818914147,0.169881008841706
97,"VAUPES",97666,"TARAIRA",2018,2205,0.960723192,0.039276808,1604,0.727437642,0.500618,50.0618,5.8394,0,3.8793,17.2414,79.42,79.42,79.42,79.42,12.5541,0,40,67.120592,0.030440178,0,0,768,0.184073098257565,0.168960272949291
97,"VAUPES",97777,"PAPUNAHUA",2018,738,0.958717287,0.041282713,2713,0.815628038,0.530499,53.0499,6.3291,3.6111,2.3834,10.4348,95.52,93.39,95.87,94.92666667,12.5541,0,0,191.232546,0.036706392,0,0,2831,0.210208494274336,0.190792654082737
97,"VAUPES",97889,"YAVARATE",2018,1041,0.958717287,0.041282713,2713,0.815628038,0.530499,53.0499,6.3291,6.7278,2.439,3.9755,95.52,93.39,95.87,94.92666667,12.5541,0,0,191.232546,0.036706392,0,0,1086,0.208697499950921,0.189543333502646
99,"VICHADA",99001,"PUERTO CARRENO",2018,20946,0.799462659,0.200453381,23821,1,0.893756,89.336,26.3285,8.3661,3.0574,11.9484,62.45,0,62.45,41.63333333,32.4383,0,25.91792657,1237.570762,0.059083871,6e-04,6e-04,104385,0.247680216184004,0.22128600008087
99,"VICHADA",99524,"LA PRIMAVERA",2018,10126,0.884483239,0.115516761,10769,1,0.84629,84.629,27.9476,5.223,3.2406,10.7129,46.57,0,39.52,28.69666667,0,719.4244604,21.58273381,217.405631,0.021470041,9e-04,9e-04,10603,0.249177165174678,0.222485066700538
99,"VICHADA",99624,"SANTA ROSALIA",2018,4067,0.842090395,0.157909605,3540,0.870420457,0.803707,80.3707,23.6559,7.3124,1.6144,10.9212,100,0,100,66.66666667,0,0,0,149.048204,0.036648194,0.0156,0.0155,23959,0.251479737097709,0.224326640865857
99,"VICHADA",99773,"CUMARIBO",2018,72563,0.982749629,0.017250371,49854,0.687044361,0.412601,41.2601,2.4209,7.078,7.6162,22.1872,34.54,8.3,18.14,20.32666667,1.4302,975.6097561,27.64227642,651.521243,0.008978698,0.0035,0.0035,4170,0.228553034320821,0.205837082027618
5,"ANTIOQUIA",5001,"MEDELLIN",2024,2524747,0.326189553,0.673806472,3018803,1,0.937704,93.5811,56.7018,3.1776,9.0758,8.0845,96.75,96.05,97.33,96.71,100,22.44165171,6.84470377,1355159.613,0.536750658,NA,NA,NA,16.3600473425466,2.8541714363337
5,"ANTIOQUIA",5002,"ABEJORRAL",2024,21121,0.811960796,0.188039204,17039,0.806732636,0.710883,71.0883,40.16,2.8953,9.4991,6.4588,15.67,15.67,15.67,15.67,81.30427659,0,15.7480315,1306.047967,0.061836465,NA,NA,NA,0.349839424464126,0.299985640534451
5,"ANTIOQUIA",5004,"ABRIAQUI",2024,2810,0.834814428,0.165185572,1913,0.680782918,0.561122,56.1122,26.506,0,8.4142,0.3247,57.37,36.05,36.05,43.15666667,86.375,0,0,77.071756,0.027427671,NA,NA,NA,0.251865507539797,0.224634844814926
5,"ANTIOQUIA",5021,"ALEJANDRIA",2024,5196,0.847762775,0.152237225,3777,0.726905312,0.780742,78.0742,64.6154,1.4225,8.1081,5.9744,38.83,38.65,38.24,38.57333333,88.6541471,0,0,542.643548,0.104434863,NA,NA,NA,0.336861068087705,0.290324379547463
5,"ANTIOQUIA",5030,"AMAGA",2024,32595,0.464236338,0.535763662,27486,0.843258168,0.773323,77.3323,39.2449,5.0406,10.4008,5.5569,82.3,46.42,81.93,70.21666667,85.05283648,0,5.025125628,8697.344004,0.266830618,NA,NA,NA,1.41471556718358,0.881581502604481
5,"ANTIOQUIA",5031,"AMALFI",2024,28716,0.86125543,0.138701984,23482,0.817732275,0.681676,68.1676,30.4891,6.0265,11.5111,4.6791,60.49,40.24,49.42,50.05,82.61936635,444.4444444,13.33333333,2579.190223,0.089817183,NA,NA,NA,0.313399702238432,0.272618968064212
5,"ANTIOQUIA",5034,"ANDES",2024,45212,0.735352693,0.264647307,43182,0.955100416,0.772965,77.2965,39.6094,4.3303,10.6551,8.0972,62.21,45.35,78.89,62.15,97.41852587,0,6.269592476,4672.394541,0.103344124,NA,NA,NA,0.29961301141808,0.262066536626402
5,"ANTIOQUIA",5036,"ANGELOPOLIS",2024,6149,0.711089728,0.288910272,4157,0.676044885,0.8125,81.25,39.3064,0.978,11.2469,6.357,38.56,38.56,38.61,38.57666667,84.53541261,0,0,526.548267,0.085631528,NA,NA,NA,0.656487370948863,0.504699318792055
5,"ANTIOQUIA",5038,"ANGOSTURA",2024,12413,0.903612203,0.096387797,10686,0.860871667,0.66486,66.486,39.7985,2.9603,5.3878,2.4867,72.65,72.65,72.65,72.65,100,0,13.88888889,805.348143,0.064879412,NA,NA,NA,0.412429513212518,0.345311280642876
5,"ANTIOQUIA",5040,"ANORI",2024,20688,0.915848068,0.084151932,18324,0.885730858,0.696341,69.6341,38.1295,5.9394,6.392,4.1212,36.71,22.32,36.71,31.91333333,74.51523546,0,5.494505495,2126.796358,0.102803382,NA,NA,NA,0.297716108139753,0.260605879521917
5,"ANTIOQUIA",5042,"SANTAFE DE ANTIOQUIA",2024,28130,0.705866825,0.294133175,30306,1,0.892135,89.1935,50.6555,3.6697,10.7582,7.6527,90.78,60.41,89.49,80.22666667,100,0,7.782101167,10637.20442,0.378144487,NA,NA,NA,0.570550592571372,0.432007047863391
5,"ANTIOQUIA",5044,"ANZA",2024,7628,0.837948854,0.162051146,7547,0.989381227,0.752349,75.2349,37.5,2.1867,12.1951,5.4668,34.01,13.65,13.65,20.43666667,97.04528012,0,17.54385965,518.112413,0.067922445,NA,NA,NA,0.32760724521912,0.28337825822987
5,"ANTIOQUIA",5045,"APARTADO",2024,124423,0.490258947,0.509741053,159685,1,0.884633,88.4598,57.3446,4.7991,8.4749,5.3476,89.48,87.56,82.14,86.39333333,100,0,11.66407465,23347.21584,0.187643891,NA,NA,NA,0.860659226636481,0.620930847854981
5,"ANTIOQUIA",5051,"ARBOLETES",2024,31449,0.875270412,0.124729588,32358,1,0.866333,86.6333,45.8406,4.1138,8.918,3.3531,55.41,55.41,55.41,55.41,100,0,15.67398119,1675.164602,0.053266069,NA,NA,NA,0.408848252915467,0.342772528689019
5,"ANTIOQUIA",5055,"ARGELIA",2024,8170,0.918958416,0.081041584,7527,0.92129743,0.702799,70.2799,47.5836,3.1275,5.6135,3.6087,31.93,31.93,31.93,31.93,91.24559342,0,20.40816327,305.727496,0.037420746,NA,NA,NA,0.260005587979382,0.231116155857824
5,"ANTIOQUIA",5059,"ARMENIA",2024,5308,0.806916427,0.193083573,3817,0.71910324,0.476493,47.6493,25.5814,3.6364,9.8701,0,100,89.97,90.02,93.33,70,0,0,297.230162,0.055996639,NA,NA,NA,0.410792606570451,0.344151678772358
5,"ANTIOQUIA",5079,"BARBOSA",2024,62506,0.496589906,0.503390035,49852,0.797555435,0.776258,77.6258,46.9646,4.4172,8.9605,7.3672,99.98,98.88,98.88,99.24666667,85.5454422,0,0,16481.2304,0.263674374,NA,NA,NA,2.28814175664072,1.19032258959813
5,"ANTIOQUIA",5086,"BELMIRA",2024,6193,0.706103286,0.293896714,4260,0.687873405,0.81575,81.575,49.3333,3.8827,8.0242,2.5022,54.28,21.61,23.28,33.05666667,100,0,26.31578947,583.327323,0.094191397,NA,NA,NA,0.274043203566447,0.242195468322585
5,"ANTIOQUIA",5088,"BELLO",2024,593344,0.319795935,0.680204065,502780,0.847366789,0.891114,89.0757,49.1893,3.9248,11.4051,11.3494,97.84,97.84,98.41,98.03,100,74.019245,5.428077967,109761.7123,0.184988324,NA,NA,NA,7.58573287806831,2.15010185798231
5,"ANTIOQUIA",5091,"BETANIA",2024,10758,0.88113791,0.11886209,8085,0.751533742,0.579588,57.9588,29.4944,2.2121,9.1533,8.3905,100,100,100,100,88.31118061,0,0,463.997432,0.043130455,NA,NA,NA,0.246571424219161,0.220396922154714
5,"ANTIOQUIA",5093,"BETULIA",2024,16861,0.92709758,0.07290242,16817,0.997390428,0.766317,76.6317,41.1032,2.7196,9.8126,6.1007,28.06,28.06,28.38,28.16666667,100,0,7.142857143,1123.626501,0.066640561,NA,NA,NA,0.339333322160801,0.292171969382772
5,"ANTIOQUIA",5101,"CIUDAD BOLIVAR BOLIVAR",2024,27391,0.759596457,0.240403543,28448,1,0.734369,73.4164,38.2064,7.4456,11.6266,6.9874,70.99,66.04,67.13,68.05333333,100,0,0,2796.940548,0.102111663,NA,NA,NA,0.33262344633966,0.282635360775624
5,"ANTIOQUIA",5107,"BRICEÑO",2024,8023,0.906375071,0.093624929,6996,0.87199302,0.61066,61.066,22.8013,2.8007,6.7545,1.4003,100,100,100,100,86.60265203,0,0,6374.700423,0.794553212,NA,NA,NA,0.386204113288341,0.326569157809667
5,"ANTIOQUIA",5113,"BURITICA",2024,10848,0.795683292,0.204316708,8942,0.82429941,0.800676,80.0676,31.4815,8.0139,9.64,11.6725,99.01,94.68,98.78,97.49,93.52963967,0,9.900990099,5185.146112,0.477981758,NA,NA,NA,0.560795062823329,0.445195347087092
5,"ANTIOQUIA",5120,"CACERES",2024,29159,0.947507146,0.052492854,26937,0.923797112,0.80334,80.334,35.4975,5.8008,12.7907,3.2508,51.01,50,50.72,50.57666667,82.53323486,0,10.98901099,650.864995,0.022321239,NA,NA,NA,0.350858951052161,0.300740650161375
5,"ANTIOQUIA",5125,"CAICEDO",2024,9036,0.926025064,0.073853267,8219,0.909583887,0.767621,76.7621,45.2632,1.8634,8.2816,6.9013,79.74,22.63,23,41.79,100,0,16.12903226,465.134412,0.051475699,NA,NA,NA,0.327247919476081,0.283107564935552
5,"ANTIOQUIA",5129,"CALDAS",2024,88316,0.262553308,0.737446692,98719,1,0.92984,92.949,56.4563,4.9724,9.2027,8.3915,100,10.88,88.26,66.38,100,182.8153565,7.31261426,20054.8041,0.227080077,NA,NA,NA,1.56833017942262,0.943255952104234
5,"ANTIOQUIA",5134,"CAMPAMENTO",2024,9940,0.937567132,0.062432868,7448,0.749295775,0.63706,63.706,32.312,3.7383,6.8758,5.5407,36.54,27.67,25.03,29.74666667,100,0,0,362.572098,0.036476066,NA,NA,NA,0.39844053109923,0.335357709408741
5,"ANTIOQUIA",5138,"CAÑASGORDAS",2024,15570,0.850804613,0.149195387,15349,0.985806037,0.795925,79.5925,46.8085,2.9771,6.3359,5.6107,73.49,50.86,50.86,58.40333333,100,0,35.71428571,3965.775315,0.254706186,NA,NA,NA,0.369367353128317,0.3143488471463
5,"ANTIOQUIA",5142,"CARACOLI",2024,4538,0.82116451,0.17883549,4328,0.953724108,0.823916,82.3916,60.5042,3.2689,5.6464,3.7147,90.61,51.93,51.93,64.82333333,76.24209575,0,0,408.209218,0.089953552,NA,NA,NA,0.297269532739035,0.26026169618765
5,"ANTIOQUIA",5145,"CARAMANTA",2024,4556,0.828016057,0.171983943,4733,1,0.789404,78.9404,55.814,2.2436,4.9679,2.8846,55,50.49,40.09,48.52666667,97.89739277,0,0,534.645447,0.117349747,NA,NA,NA,0.469470404218013,0.384902066638645
5,"ANTIOQUIA",5147,"CAREPA",2024,50543,0.581830317,0.418169683,62929,1,0.873216,87.3216,50.1503,3.0719,7.7419,6.3437,80.54,80.54,77.39,79.49,100,0,7.054673721,9225.648143,0.18253068,NA,NA,NA,0.718227212439102,0.541293068856327
5,"ANTIOQUIA",5148,"CARMEN DE VIBORAL",2024,68325,0.365697413,0.634285905,59943,0.877321625,0.929387,92.8488,51.2383,3.5501,9.1534,10.6706,99.2,68.45,68.54,78.73,100,0,5.69259962,18078.59336,0.264597049,NA,NA,NA,1.33372713362306,0.847466617699629
5,"ANTIOQUIA",5150,"CAROLINA",2024,3947,0.641294006,0.358705994,3153,0.798834558,0.84331,84.331,34.5794,2.4,12.8,8.6,100,93.26,93.26,95.50666667,95.30988275,0,0,507.494081,0.128577168,NA,NA,NA,0.380462812851738,0.322418814576312
5,"ANTIOQUIA",5154,"CAUCASIA",2024,93572,0.813286599,0.18669524,110126,1,0.873586,87.318,48.9194,3.9602,10.2112,8.5981,78.34,76.99,65.08,73.47,100,0,9.565857248,13389.32327,0.143091131,NA,NA,NA,0.610637672865701,0.476630170684233
5,"ANTIOQUIA",5172,"CHIGORODO",2024,56758,0.609128028,0.390871972,79842,1,0.867848,86.778,52.8644,5.4753,7.1862,3.9527,71.48,71.2,82.7,75.12666667,100,0,8.917197452,6106.57953,0.107589759,NA,NA,NA,0.420366710250263,0.350915084928356
5,"ANTIOQUIA",5190,"CISNEROS",2024,10040,0.703116556,0.296793371,11102,1,0.790218,79.0218,52.8571,2.3529,6.7647,7.5735,81.65,79.57,79.57,80.26333333,100,0,37.97468354,1456.568198,0.145076514,NA,NA,NA,1.37081654164203,0.863234428147813
5,"ANTIOQUIA",5197,"COCORNA",2024,16062,0.824657534,0.175342466,16060,0.999875483,0.998037,99.8037,54.6809,3.2813,7,6.8438,54.84,26.89,48.79,43.50666667,100,0,0,1175.076003,0.07315876,NA,NA,NA,0.530018022488161,0.425279514738994
5,"ANTIOQUIA",5206,"CONCEPCION",2024,5108,0.801436634,0.198563366,3898,0.76311668,0.77431,77.431,59.0909,1.7621,4.699,1.1747,30.95,30.95,30.95,30.95,74.07918969,0,0,493.357112,0.096585182,NA,NA,NA,0.378523401357582,0.321012927295247
5,"ANTIOQUIA",5209,"CONCORDIA",2024,22182,0.825862842,0.174137158,17848,0.804616356,0.58527,58.527,27.2468,3.8951,10.0954,5.2862,49.17,42.81,42.81,44.93,86.12178839,0,9.708737864,1498.545584,0.067556829,NA,NA,NA,0.453948925823116,0.374283251825263
5,"ANTIOQUIA",5212,"COPACABANA",2024,89546,0.327121896,0.672864301,72447,0.809047864,1.011396,101.1137,58.7182,3.8133,9.2323,8.3079,90.22,90.22,99.39,93.27666667,100,0,5.025125628,24859.52789,0.277617402,NA,NA,NA,7.34468150581101,2.121624390515
5,"ANTIOQUIA",5234,"DABEIBA",2024,24651,0.914372278,0.085627722,26405,1,0.807143,80.7143,29.5481,5.8409,13.0873,5.3463,76.54,61.1,62.14,66.59333333,100,0,25,3255.948968,0.132081821,NA,NA,NA,0.297557188406748,0.260483410929946
5,"ANTIOQUIA",5237,"DON MATIAS",2024,19689,0.447194578,0.552805422,23312,1,0.92805,92.7779,49.5223,6.313,10.0739,5.91,67.62,63.23,67.62,66.15666667,100,0,7.407407407,4876.488463,0.247675782,NA,NA,NA,0.860582914951821,0.6208898337625
5,"ANTIOQUIA",5240,"EBEJICO",2024,12627,0.819461959,0.180432955,9516,0.753623188,0.698858,69.8858,40.7407,3.2006,7.6102,5.2632,93.1,39.33,70.01,67.48,97.31204527,0,0,736.926083,0.058361137,NA,NA,NA,0.485678940358997,0.395871866666041
5,"ANTIOQUIA",5250,"EL BAGRE",2024,55742,0.856968156,0.143031844,62147,1,0.875138,87.5138,47.8522,4.613,10.2864,3.1729,78.11,32.43,82.17,64.23666667,100,129.8701299,15.58441558,4314.795503,0.077406543,NA,NA,NA,0.422386804154482,0.352336308565236
5,"ANTIOQUIA",5264,"ENTRERRIOS",2024,12568,0.345159655,0.654840345,9865,0.784929981,0.814534,81.4534,46.8665,1.4782,8.7953,10.3474,98.52,52.6,98.62,83.24666667,100,0,0,4613.960804,0.367119733,NA,NA,NA,0.353306838053043,0.302551106960566
5,"ANTIOQUIA",5266,"ENVIGADO",2024,260430,0.163445605,0.836554395,218458,0.838835772,1.005821,98.4453,67.4006,3.9254,8.7687,7.0685,86.85,88.14,86.64,87.21,69.7691516,87.2600349,3.490401396,160316.9385,0.615585526,NA,NA,NA,16.6527055465108,2.87088906038594
5,"ANTIOQUIA",5282,"FREDONIA",2024,26245,0.629515612,0.370484388,15917,0.606477424,0.586604,58.6604,36.6766,1.8916,8.9113,1.4292,30.17,30.17,30.17,30.17,78.25701625,0,0,1990.468485,0.075841817,NA,NA,NA,0.643999254494404,0.497131843163328
5,"ANTIOQUIA",5284,"FRONTINO",2024,21716,0.880301803,0.119698197,23459,1,0.875257,87.5257,38.6913,3.3686,13.5153,10.1057,94.22,44.47,67.01,68.56666667,93.77880184,0,28.57142857,790.631695,0.036407796,NA,NA,NA,0.301640115863901,0.263625096871769
5,"ANTIOQUIA",5306,"GIRALDO",2024,6331,0.828224197,0.171775803,5513,0.870794503,0.99335,99.335,45,3.9872,8.8517,4.1467,38.14,37.49,43.03,39.55333333,93.41246291,0,16.94915254,3684.352211,0.581954227,NA,NA,NA,0.687233005118945,0.523089912057798
5,"ANTIOQUIA",5308,"GIRARDOTA",2024,60604,0.337756139,0.662226027,56073,0.925235958,0.909727,90.9727,54.3601,4.3768,12.161,8.5259,96.2,64.23,90.05,83.49333333,100,0,6.578947368,55884.83993,0.922131211,NA,NA,NA,5.6551968044227,1.89539802382495
5,"ANTIOQUIA",5310,"GOMEZ PLATA",2024,10301,0.730057351,0.269942649,7672,0.74478206,0.632413,63.2413,35.2113,4.9608,9.5735,6.5274,100,100,100,100,100,0,0,1268.409426,0.123134591,NA,NA,NA,0.397604299224587,0.33475955598108
5,"ANTIOQUIA",5313,"GRANADA",2024,10463,0.814184547,0.185815453,9461,0.904233967,0.795059,79.5059,44.8916,2.991,7.6185,1.1851,48.3,41.28,41.28,43.62,67.56082346,0,12.82051282,591.126189,0.056496816,NA,NA,NA,0.495057213417735,0.402164475955017
5,"ANTIOQUIA",5315,"GUADALUPE",2024,6975,0.807879115,0.192120885,5559,0.796989247,0.695884,69.5884,36.9863,2.0325,6.9106,13.6179,68.88,27.19,27.19,41.08666667,100,0,0,982.926335,0.140921338,NA,NA,NA,0.346118754612431,0.297225455125961
5,"ANTIOQUIA",5318,"GUARNE",2024,64068,0.348122418,0.651877582,53260,0.831304239,0.86138,86.1264,46.0744,3.9888,9.9338,11.834,61.99,26.85,48.38,45.74,100,0,10.12658228,44624.44782,0.696516948,NA,NA,NA,3.37372472165326,1.47561498512393
5,"ANTIOQUIA",5321,"GUATAPE",2024,9518,0.623834339,0.376165661,7292,0.766127338,1.087794,108.7794,70,4.2784,6.956,5.4278,59.22,38.53,35.78,44.51,100,0,0,2963.144909,0.311320121,NA,NA,NA,1.02880469764898,0.707446800739645
5,"ANTIOQUIA",5347,"HELICONIA",2024,5126,0.849842413,0.150157587,4442,0.866562622,0.78563,78.563,38,4.9296,7.0423,5.7746,30.89,30.89,30.89,30.89,100,0,62.5,992.495998,0.193619976,NA,NA,NA,0.548876742021522,0.437529985655056
5,"ANTIOQUIA",5353,"HISPANIA",2024,5862,0.797721519,0.202278481,3950,0.673831457,0.735324,73.5324,34.7826,4.1076,10.6232,5.8074,56.81,51.17,51.17,53.05,76.29107981,0,0,433.4711,0.07394594,NA,NA,NA,0.368688742649817,0.313853159352729
5,"ANTIOQUIA",5360,"ITAGUI",2024,302075,0.25309246,0.746898451,330077,1,0.885823,88.2609,60.1824,4.577,7.5919,6.8604,99.34,98.06,98.37,98.59,100,0,7.90513834,232145.1658,0.768501749,NA,NA,NA,20.4443962987442,3.06546336642987
5,"ANTIOQUIA",5361,"ITUANGO",2024,29342,0.892665645,0.107334355,20888,0.711880581,0.641777,64.1777,35.9064,3.8547,5.8922,2.933,89.44,88.16,88.16,88.58666667,99.27300555,0,6.289308176,2951.410006,0.100586531,NA,NA,NA,0.28035265614398,0.24713555259738
5,"ANTIOQUIA",5364,"JARDIN",2024,15350,0.74465599,0.25534401,14549,0.94781759,0.833605,83.3605,64.6635,3.6689,6.9144,3.5748,62.52,38.16,38.28,46.32,100,0,26.08695652,2352.298553,0.153244205,NA,NA,NA,0.363961165146815,0.310393087715966
5,"ANTIOQUIA",5368,"JERICO",2024,14317,0.696032035,0.303876957,10988,0.767479221,0.709099,70.9099,51.5152,2.3672,6.142,5.3743,35.28,35.29,36.49,35.68666667,98.90510949,0,0,1761.358916,0.123025698,NA,NA,NA,0.576194083576658,0.455013133330988
5,"ANTIOQUIA",5376,"LA CEJA",2024,72033,0.230359569,0.76962841,83183,1,0.888683,88.8497,55.3393,2.71,7.7902,6.331,96.74,96.19,96.55,96.49333333,100,0,9.416195857,16809.83254,0.233362938,NA,NA,NA,3.63341202619504,1.53329353539518
5,"ANTIOQUIA",5380,"LA ESTRELLA",2024,81925,0.257570106,0.742429894,61657,0.752602991,1.232296,122.5524,78.0553,2.8026,8.511,8.2875,91.46,81.96,96.89,90.10333333,100,0,7.490636704,72729.26732,0.887754255,NA,NA,NA,2.07021323937893,1.12174701826802
5,"ANTIOQUIA",5390,"LA PINTADA",2024,8554,0.634231712,0.365768288,8571,1,0.796764,79.6764,42.6471,3.6633,12.1495,11.5355,83,56.07,80.9,73.32333333,100,0,0,2043.69986,0.238917449,NA,NA,NA,0.530496806960937,0.423074184471129
5,"ANTIOQUIA",5400,"LA UNION",2024,23718,0.467605405,0.532394595,24572,1,0.9633,96.2562,65.8537,4.2728,8.7977,10.8942,82.07,55.63,59.06,65.58666667,100,0,10.3626943,4236.959408,0.178638983,NA,NA,NA,0.834817876864162,0.606945226915653
5,"ANTIOQUIA",5411,"LIBORINA",2024,10817,0.88032368,0.11967632,9392,0.868262919,0.703954,70.3954,49.0446,1.0571,7.1177,1.6209,48.78,29.28,36.65,38.23666667,100,0,0,612.808654,0.056652367,NA,NA,NA,0.376147109126491,0.319287644499002
5,"ANTIOQUIA",5425,"MACEO",2024,8808,0.75052089,0.24947911,9119,1,0.960667,96.0667,49.4024,3.0488,10.4268,7.561,39.87,37.99,36.33,38.06333333,100,0,0,3374.873861,0.383160066,NA,NA,NA,0.455068383039369,0.375052898171541
5,"ANTIOQUIA",5440,"MARINILLA",2024,73095,0.390926996,0.609059874,76160,1,0.991903,99.1736,58.4839,3.8552,8.869,8.7473,65.57,63.03,76.62,68.40666667,100,0,8.275862069,18858.38018,0.257998224,NA,NA,NA,5.40560785545941,1.85717383411802
5,"ANTIOQUIA",5467,"MONTEBELLO",2024,6595,0.864247312,0.135752688,5952,0.902501895,0.752236,75.2236,48.3696,3.367,11.6723,4.7138,31.48,19.86,19.83,23.72333333,100,0,0,418.336355,0.063432351,NA,NA,NA,0.559979028933313,0.444672378179622
5,"ANTIOQUIA",5475,"MURINDO",2024,5769,0.932622832,0.067377168,5536,0.959611718,0.738865,73.8865,18.6275,1.1924,18.189,13.911,82.935,41.6375,72.5325,65.7016666675,32.34463277,0,24.09638554,57.85884,0.010029267,NA,NA,NA,0.238548288679043,0.213939958835196
5,"ANTIOQUIA",5480,"MUTATA",2024,13872,0.907625721,0.092374279,24260,1,0.96854,96.854,37.1634,7.369,11.0506,9.4447,28.4,28.4,49.86,35.55333333,100,0,32.40740741,1086.451199,0.078319723,NA,NA,NA,0.290414546661018,0.254963520751232
5,"ANTIOQUIA",5483,"NARIÑO",2024,10906,0.92451837,0.07548163,9499,0.870988447,0.617647,61.7647,36.0795,5.1857,9.3903,6.3069,32.36,32.36,32.36,32.36,100,0,0,356.767133,0.032712923,NA,NA,NA,0.283198846349714,0.249356059088027
5,"ANTIOQUIA",5490,"NECOCLI",2024,42718,0.903571545,0.096412116,61206,1,1.056716,105.6716,60.781,5.2288,9.2423,6.8942,67.03,24.75,59.25,50.34333333,100,0,12.55230126,4099.753177,0.095972498,NA,NA,NA,0.332596286542431,0.287129134516596
5,"ANTIOQUIA",5495,"NECHI",2024,28955,0.957353673,0.042646327,30155,1,0.859312,85.9312,36.9378,6.4411,9.4474,2.0544,62.68,0,56.37,39.68333333,87.8131524,0,14.31980907,789.140719,0.02725404,NA,NA,NA,0.32738731637345,0.283212586443302
5,"ANTIOQUIA",5501,"OLAYA",2024,3431,0.884696905,0.115303095,2359,0.687554649,0.7642,76.42,50.5618,2.4948,9.3361,6.6528,43.06,25.49,40.43,36.32666667,100,0,0,120.036028,0.034985727,NA,NA,NA,0.698695525933524,0.529860618821754
5,"ANTIOQUIA",5541,"PEÑOL",2024,23491,0.706322165,0.293677835,21132,0.899578562,0.991718,99.1718,56.8562,2.5841,4.529,6.7241,20.99,20.99,20.99,20.99,91.74324701,0,0,2553.007798,0.108680252,NA,NA,NA,0.967452068662378,0.676739339468775
5,"ANTIOQUIA",5543,"PEQUE",2024,8733,0.932804301,0.067195699,7813,0.894652468,0.701948,70.1948,25.5034,1.7391,10.5072,4.058,71.3966666666667,58.925,60.14,63.4872222216667,100,0,18.18181818,785.472343,0.089943014,NA,NA,NA,0.272619822763287,0.241077628281196
5,"ANTIOQUIA",5576,"PUEBLORRICO",2024,9040,0.847507331,0.152492669,7502,0.829867257,0.656956,65.6956,42.6523,3.1607,7.4627,7.7261,88.45,53.46,56.2,66.03666667,98.26989619,0,20.40816327,349.690973,0.03868263,NA,NA,NA,0.558748724632319,0.443883399812781
5,"ANTIOQUIA",5579,"PUERTO BERRIO",2024,39164,0.67668951,0.323289404,47425,1,0.724806,72.4677,46.1905,2.853,6.7533,2.8711,92.75,92.75,95.74,93.74666667,81.60325083,0,13.58695652,5702.652416,0.14560955,NA,NA,NA,0.318239321487637,0.276296998874212
5,"ANTIOQUIA",5585,"PUERTO NARE",2024,15465,0.752867185,0.247132815,10812,0.699127061,0.677039,67.7039,35.5856,3.3663,11.2321,6.2376,98.44,98.37,98.44,98.41666667,82.34200743,0,0,5966.712683,0.385820413,NA,NA,NA,0.494901715106718,0.39240887479091
5,"ANTIOQUIA",5591,"PUERTO TRIUNFO",2024,20006,0.745285407,0.254714593,15802,0.789863041,0.979506,97.9506,42.1429,2.5662,11.6722,4.7185,99.36,87.1,100,95.48666667,100,0,0,3859.439216,0.192914087,NA,NA,NA,0.826365668341134,0.602328018608863
5,"ANTIOQUIA",5604,"REMEDIOS",2024,32457,0.819277484,0.180722516,32110,0.989308932,1.123324,112.3324,50.7177,6.5317,8.0581,3.924,47.84,33.98,33.98,38.6,100,255.1020408,15.30612245,4213.36832,0.129813856,NA,NA,NA,0.349200819189841,0.299512431372266
5,"ANTIOQUIA",5607,"RETIRO",2024,26766,0.260412515,0.739537664,20072,0.749906598,1.249507,120.8392,54.1315,3.4077,11.2373,8.9655,65.85,64.98,90.51,73.78,100,0,13.51351351,10969.9459,0.409846294,NA,NA,NA,2.00617992088082,1.10067014345871
5,"ANTIOQUIA",5615,"RIONEGRO",2024,151872,0.216013027,0.783982212,210029,1,1.068577,106.3617,52.973,4.0994,12.2967,12.9794,99.71,70.35,100,90.02,100,0,9.594095941,154066.6809,1.01445086,NA,NA,NA,6.62137716631086,2.03095708385576
5,"ANTIOQUIA",5628,"SABANALARGA",2024,9827,0.927769986,0.072230014,8556,0.870662461,0.743891,74.3891,36.7742,0.6439,5.4733,0,57.18,26.03,28.18,37.13,99.43727243,0,14.70588235,783.970624,0.079777208,NA,NA,NA,0.353277399817699,0.30252935390745
5,"ANTIOQUIA",5631,"SABANETA",2024,103765,0.173381211,0.826618789,93851,0.904457187,1.080328,107.7562,77.3709,3.5256,8.573,10.055,100,99.95,93.89,97.94666667,100,0,7.032348805,82449.53858,0.794579469,NA,NA,NA,12.1558461482892,2.57686623384441
5,"ANTIOQUIA",5642,"SALGAR",2024,18915,0.856712461,0.143287539,16596,0.87739889,0.660766,66.0766,26.2153,4.2118,13.1776,7.7148,56.32,19.19,22.88,32.79666667,97.78481013,0,23.62204724,1432.508086,0.075733972,NA,NA,NA,0.306884661487681,0.267646183990407
5,"ANTIOQUIA",5647,"SAN ANDRES",2024,7406,0.795716113,0.204283887,6256,0.844720497,0.700844,70.0844,35.4086,3.8972,8.8576,3.1509,40.05,38.04,40.51,39.53333333,86.4921466,2325.581395,23.25581395,702.87146,0.094905679,NA,NA,NA,0.361278715197904,0.308424489770112
5,"ANTIOQUIA",5649,"SAN CARLOS",2024,16912,0.83124602,0.16875398,14133,0.835678808,0.857143,85.7143,51.2871,2.9236,8.665,8.1367,36.2,36.2,37.12,36.50666667,93.34816013,0,9.708737864,3765.611336,0.222659138,NA,NA,NA,0.387530693842757,0.327525688082245
5,"ANTIOQUIA",5652,"SAN FRANCISCO",2024,6013,0.918424522,0.081575478,6068,1,0.786482,78.6482,45.5026,7.4612,13.7597,7.8488,28.58,28.58,28.58,28.58,77.92980369,0,37.73584906,194.567788,0.032357856,NA,NA,NA,0.287916032483962,0.253025433386223
5,"ANTIOQUIA",5656,"SAN JERONIMO",2024,17982,0.653338198,0.346661802,13705,0.76215104,0.850677,85.0677,44.0171,7.4132,9.2434,7.6083,50.45,49.93,58.01,52.79666667,100,0,0,2885.755836,0.160480249,NA,NA,NA,1.35425085327133,0.856222567846679
5,"ANTIOQUIA",5658,"SAN JOSE DE LA MONTANA",2024,3963,0.683743842,0.316256158,3045,0.768357305,0,77.83845,48.91425,0,0,0,72.82,67.18,91.77,77.25666667,100,0,0,265.230921,0.066926803,NA,NA,NA,0.25486986207193,0.227031871646775
5,"ANTIOQUIA",5659,"SAN JUAN DE URABA",2024,20025,0.925306879,0.074693121,25906,1,0.936868,93.6868,36.3636,2.0297,13.8359,1.0149,94.11,39.38,66.95,66.81333333,100,0,10.92896175,1098.138417,0.054838373,NA,NA,NA,0.403289478608634,0.338819108140229
5,"ANTIOQUIA",5660,"SAN LUIS",2024,14242,0.775317093,0.224682907,14901,1,0.920458,92.0458,53.4404,3.3688,5.8865,4.3617,27.94,27.94,27.94,27.94,100,0,0,798.706305,0.056081049,NA,NA,NA,0.384141200273734,0.325079875310625
5,"ANTIOQUIA",5664,"SAN PEDRO",2024,22297,0.448298792,0.551701208,27069,1,1.121692,112.1692,79.694,3.392,6.3332,6.5049,53.73,33.25,52.28,46.42,100,0,21.45922747,10453.85889,0.468845983,NA,NA,NA,0.77348492806028,0.572946496780023
5,"ANTIOQUIA",5665,"SAN PEDRO DE URABA",2024,32352,0.926551677,0.073448323,36815,1,0.884977,88.4977,60.177,3.188,7.9031,5.9808,40.7,40.69,40.69,40.69333333,100,0,17.76649746,1356.734065,0.041936637,NA,NA,NA,0.37045953360912,0.315146109589371
5,"ANTIOQUIA",5667,"SAN RAFAEL",2024,17222,0.773410405,0.226521591,14705,0.853849727,0.773042,77.3042,48.3051,2.9489,6.8222,3.9613,39.09,39.09,39.09,39.09,100,0,0,1839.73338,0.106824607,NA,NA,NA,0.454629124465753,0.374750970857228
5,"ANTIOQUIA",5670,"SAN ROQUE",2024,24238,0.817521608,0.182478392,19553,0.806708474,0.80014,80.014,50.4323,3.306,5.7926,2.6561,41.49,41.39,41.41,41.43,100,0,0,1411.879362,0.058250654,NA,NA,NA,0.365830174965644,0.311762430554309
5,"ANTIOQUIA",5674,"SAN VICENTE",2024,24534,0.827517448,0.172482552,16048,0.65411266,0.78659,78.659,45.1128,2.8449,7.3111,6.424,24.78,17.43,17.43,19.88,92.52009787,0,0,813.39305,0.033153707,NA,NA,NA,1.00377477262742,0.695032787998041
5,"ANTIOQUIA",5679,"SANTA BARBARA",2024,29171,0.745639752,0.254310559,20125,0.689897501,0.653801,65.3801,44.1611,3.0946,7.1925,5.9458,50.68,22.4,43.96,39.01333333,78.36434444,0,19.23076923,1115.181348,0.038229109,NA,NA,NA,0.678343637673057,0.517807377110018
5,"ANTIOQUIA",5686,"SANTA ROSA DE OSOS",2024,39788,0.48631929,0.513656258,40897,1,0.89299,89.299,61.8705,2.9177,8.4184,8.1952,42.92,35.09,43.7,40.57,100,0,9.868421053,7659.649514,0.192511549,NA,NA,NA,0.453195723179655,0.373765078324283
5,"ANTIOQUIA",5690,"SANTO DOMINGO",2024,13434,0.808779932,0.191220068,8770,0.6528212,0.960478,96.0478,65.3951,2.5234,7.8972,7.2897,58.33,28.21,28.04,38.19333333,100,0,0,3127.003159,0.23276784,NA,NA,NA,0.474150079206339,0.388081606227458
5,"ANTIOQUIA",5697,"SANTUARIO",2024,39396,0.540748958,0.459251042,36958,0.938115545,0.951799,95.0604,63.8502,3.5544,7.2681,6.8377,87.92,53.72,53.84,65.16,100,0,6.849315068,5220.236957,0.132506776,NA,NA,NA,2.9690483551073,1.37852635692331
5,"ANTIOQUIA",5736,"SEGOVIA",2024,39116,0.689743925,0.310234263,45846,1,0.86675,86.6409,36.2411,7.6575,9.8655,6.5534,69.95,23.22,92.06,61.74333333,74.21972534,0,14.44043321,12350.2844,0.31573485,NA,NA,NA,0.4389916030875,0.363942592646718
5,"ANTIOQUIA",5756,"SONSON",2024,36144,0.788639328,0.211360672,34505,0.954653608,0.771254,77.1254,41.7435,3.2746,6.459,3.9261,47.86,47.86,47.86,47.86,82.28777985,0,10.03344482,17714.73972,0.490115641,NA,NA,NA,0.351529391004347,0.301236833448956
5,"ANTIOQUIA",5761,"SOPETRAN",2024,16366,0.788942818,0.211057182,13186,0.805694733,0.950631,95.0631,45.6674,3.4389,8.5394,7.3802,51.84,24.26,45.43,40.51,100,0,8.771929825,1784.241577,0.109021238,NA,NA,NA,1.41968501754606,0.883637373658485
5,"ANTIOQUIA",5789,"TAMESIS",2024,16676,0.717365428,0.282634572,15122,0.906812185,0.755731,75.5731,45.6897,1.4149,6.2044,3.1949,33.94,33.94,39.04,35.64,98.25296995,0,0,1279.487032,0.076726255,NA,NA,NA,0.414188784456357,0.346556069493536
5,"ANTIOQUIA",5790,"TARAZA",2024,29027,0.934809742,0.065190258,31247,1,0.736416,73.6416,32.0388,6.5705,12.297,6.1143,80.12,80.11,80.12,80.11666667,68.86711363,0,6.329113924,1179.332804,0.040628822,NA,NA,NA,0.300533715118936,0.262774730306351
5,"ANTIOQUIA",5792,"TARSO",2024,6530,0.681316661,0.318683339,5438,0.832771822,0.625887,62.5887,29.798,1.6173,13.6119,5.5256,42.94,41.32,44.21,42.82333333,89.04199475,0,45.45454545,1500.424193,0.229773996,NA,NA,NA,0.455059298722287,0.37504665492858
5,"ANTIOQUIA",5809,"TITIRIBI",2024,11449,0.563814686,0.436185314,7749,0.676827671,0.657926,65.7926,31.5254,2.6886,9.1067,4.9436,55.02,29.26,34.13,39.47,85.96265293,0,28.57142857,1921.016998,0.167789064,NA,NA,NA,0.563401729066086,0.44686404276874
5,"ANTIOQUIA",5819,"TOLEDO",2024,4867,0.859798606,0.140201394,5164,1,0.873303,87.3303,43.787,3.2529,9.8636,0.5247,58.9,33.14,32.44,41.49333333,100,0,0,1280.21005,0.263038843,NA,NA,NA,0.370496914326751,0.315173385263642
5,"ANTIOQUIA",5837,"TURBO",2024,130019,0.736900608,0.263092966,155637,1,0.992852,99.2732,63.5394,4.4666,8.3551,5.4649,97.2,97.2,97.2,97.2,100,0,9.279475983,15737.17488,0.121037501,NA,NA,NA,0.35597255996703,0.304518953300938
5,"ANTIOQUIA",5842,"URAMITA",2024,7406,0.907540395,0.092459605,6684,0.902511477,0.727213,72.7213,35.9307,6.7308,10.7517,8.7413,32.72,32.72,32.72,32.72,100,0,40,935.181722,0.126273524,NA,NA,NA,0.326635907053874,0.282646344721662
5,"ANTIOQUIA",5847,"URRAO",2024,31776,0.845327701,0.154672299,33613,1,0.83059,83.059,38.0056,3.7642,9.9401,5.946,44.53,44.53,45.8,44.95333333,100,306.7484663,18.40490798,2438.374736,0.076736365,NA,NA,NA,0.297578985698336,0.26050020950245
5,"ANTIOQUIA",5854,"VALDIVIA",2024,14927,0.928735486,0.071200715,15674,1,0.712188,71.2188,29.6642,3.5914,10.4948,2.7135,58.52,37.09,98.94,64.85,100,0,0,567.887039,0.038044285,NA,NA,NA,0.317942141012911,0.276071536036989
5,"ANTIOQUIA",5856,"VALPARAISO",2024,6683,0.707633124,0.292366876,4939,0.739039354,0.636276,63.6276,33.3333,1.7291,13.8329,7.3487,49.69,33.53,35.25,39.49,75.75360419,0,0,789.280456,0.118102717,NA,NA,NA,0.479745151021162,0.391869877692747
5,"ANTIOQUIA",5858,"VEGACHI",2024,12126,0.819234931,0.180765069,15711,1,0.99769,99.769,56.351,4.4386,6.8953,6.4528,50.62,50.62,50.62,50.62,100,0,7.092198582,1951.139965,0.160905489,NA,NA,NA,0.381690917062037,0.323308051317863
5,"ANTIOQUIA",5861,"VENECIA",2024,12343,0.669413476,0.330586524,10315,0.835696346,0.752822,75.2822,41.6149,4.2355,8.6022,7.7531,61.22,36.72,54.78,50.90666667,100,0,33.89830508,2000.999035,0.162116101,NA,NA,NA,0.749846174598236,0.559527883842392
5,"ANTIOQUIA",5873,"VIGIA DEL FUERTE",2024,11150,0.958761654,0.041238346,8366,0.750313901,0.748648,74.8648,24.8718,1.6519,10.9589,8.6624,60.98,60.98,60.98,60.98,53.62545644,0,88.60759494,386.61047,0.034673585,NA,NA,NA,0.252040023036162,0.224774239448243
5,"ANTIOQUIA",5885,"YALI",2024,7746,0.861848373,0.138151627,7347,0.948489543,0.687939,68.7939,36.2903,3.5455,12.4545,11.1818,56.73,39.38,39.38,45.16333333,100,0,0,729.290534,0.094150598,NA,NA,NA,0.3637803219303,0.310260492147334
5,"ANTIOQUIA",5887,"YARUMAL",2024,41862,0.657895302,0.342083217,46553,1,0.77246,77.246,49.7375,2.2601,8.4563,0.7688,85.33,75.95,79.71,80.33,100,0,9.174311927,9071.240662,0.216693915,NA,NA,NA,0.416119994132791,0.347920733300363
5,"ANTIOQUIA",5890,"YOLOMBO",2024,24828,0.81898009,0.18101991,21296,0.85774126,0.702975,70.2975,43.7831,2.8563,8.1797,4.6117,37.58,11.33,35.37,28.09333333,81.7251462,0,13.88888889,1778.246635,0.071622629,NA,NA,NA,0.395406792806189,0.333185980510426
5,"ANTIOQUIA",5893,"YONDO",2024,21677,0.883973646,0.116026354,11687,0.53914287,0.849801,84.9591,31.4417,3.0737,11.3222,3.23,61.27,61.27,61.27,61.27,95.55047038,0,14.28571429,7638.610951,0.352383215,NA,NA,NA,0.406153817746124,0.340858188362039
5,"ANTIOQUIA",5895,"ZARAGOZA",2024,26532,0.94035979,0.059605414,28739,1,1.023453,102.3453,45.4641,3.3773,11.3152,1.7479,33.7,34.16,58.07,41.97666667,100,308.6419753,21.60493827,3915.541771,0.147578086,NA,NA,NA,0.415225452704194,0.347288848936439
8,"ATLANTICO",8001,"BARRANQUILLA",2024,1279120,0.535064829,0.464933969,1664303,1,0.968398,96.4462,60.2566,1.6462,6.6947,5.3049,63.88,62.36,64.54,63.59333333,100,29.51593861,12.91322314,1058274.29,0.827345589,NA,NA,NA,14.8114977613373,2.27943628257771
8,"ATLANTICO",8078,"BARANOA",2024,73740,0.767496922,0.232503078,63354,0.859153784,0.881599,88.0495,59.5291,2.3551,7.3187,6.6452,100,53.99,86.77,80.25333333,73.3240612,170.3577513,11.92504259,6817.02166,0.092446727,NA,NA,NA,3.27828944438785,1.45355326718115
8,"ATLANTICO",8137,"CAMPO DE LA CRUZ",2024,26781,0.929004478,0.070995522,29030,1,0,74.3897875,36.28945,0,0,0,99.95,20.05,100,73.33333333,56.30810093,0,4.366812227,579.519605,0.021639207,NA,NA,NA,1.34265173500974,0.851283507850036
8,"ATLANTICO",8141,"CANDELARIA",2024,19104,0.916755483,0.083244517,17827,0.93315536,0.826187,82.5676,44.5724,4.9237,9.0994,10.2836,81.46,65.44,83.91,76.93666667,73.29234973,0,17.44186047,333.838238,0.017474782,NA,NA,NA,0.883282906464236,0.63301648080305
8,"ATLANTICO",8296,"GALAPA",2024,69030,0.743990679,0.256009321,48924,0.708735332,0.737142,73.6404,44.3697,3.264,7.571,7.5223,99.18,97.71,99.07,98.65333333,54.66573816,0,14.44622793,18155.40449,0.263007453,NA,NA,NA,7.10689671021499,2.09271514510968
8,"ATLANTICO",8372,"JUAN DE ACOSTA",2024,23939,0.878269772,0.121730228,19535,0.816032416,0.818844,81.7961,45.7333,3.7768,6.257,7.1308,65.04,65.04,55.2,61.76,72.80627979,0,12.57861635,1915.694796,0.080024011,NA,NA,NA,1.04219077026477,0.714023138623051
8,"ATLANTICO",8421,"LURUACO",2024,32443,0.922894814,0.077105186,27456,0.846284252,0.785525,78.5377,40.463,3.2829,9.3927,6.1463,100,100,100,100,86.35164308,0,3.676470588,1149.523939,0.03543211,NA,NA,NA,0.77381879133971,0.573134731736388
8,"ATLANTICO",8433,"MALAMBO",2024,149019,0.790779985,0.209220015,113015,0.758393225,0.875673,87.2805,58.2532,1.973,5.7405,3.2869,53.79,47.04,51.68,50.83666667,87.91361895,82.78145695,13.24503311,36244.8398,0.243222943,NA,NA,NA,7.94060774776165,2.1906035676088
8,"ATLANTICO",8436,"MANATI",2024,23362,0.953619855,0.046380145,20871,0.893373855,0.765067,76.5067,38.4988,1.8596,5.5323,6.7643,100,55.08,100,85.02666667,61.31979695,0,5.050505051,607.531164,0.026005101,NA,NA,NA,1.03269093949841,0.709360501200097
8,"ATLANTICO",8520,"PALMAR DE VARELA",2024,34647,0.8482635,0.1517365,22315,0.644067307,0.898625,89.7844,54.8511,2.5767,6.6219,6.986,100,33.05,100,77.68333333,49.06900329,0,0,4656.348205,0.134393979,NA,NA,NA,1.89534360650348,1.06310379362041
8,"ATLANTICO",8549,"PIOJO",2024,7724,0.901138406,0.098861594,5007,0.648239254,0.616338,61.5609,29.8246,2.3502,10.1058,5.5229,100,57.52,100,72.9875,49.32699921,0,0,284.417416,0.036822555,NA,NA,NA,0.509391548818002,0.411706621818905
8,"ATLANTICO",8558,"POLO NUEVO",2024,21012,0.766122679,0.233877321,17770,0.845707215,0.65597,65.5498,41.3502,3.8719,8.1281,5.2094,100,80.64,100,93.54666667,100,0,13.88888889,481.152854,0.022898956,NA,NA,NA,2.17636887892766,1.15573868239857
8,"ATLANTICO",8560,"PONEDERA",2024,27097,0.908137263,0.091862737,23546,0.868952283,0.773098,77.2758,35.4633,3.9693,11.6731,8.2373,78.77,0,48.98,42.58333333,77.98586572,0,11.81102362,3086.376927,0.113901056,NA,NA,NA,1.03645399549189,0.711210057864379
8,"ATLANTICO",8573,"PUERTO COLOMBIA",2024,62582,0.653798076,0.346201924,34399,0.549662842,1.52446,147.8389,86.4348,3.0298,8.737,9.7411,99.2,73.8,98.4,90.46666667,100,0,13.72997712,18595.07401,0.297131348,NA,NA,NA,8.95915613933456,2.29849234304073
8,"ATLANTICO",8606,"REPELON",2024,29894,0.907498021,0.092430021,27794,0.92975179,0.827434,82.5389,41.0732,0.6889,8.992,6.5446,99.95,85.53,100,95.16,31.27171647,0,11.58301158,1099.165718,0.036768774,NA,NA,NA,0.739853769848362,0.553801069377819
8,"ATLANTICO",8634,"SABANAGRANDE",2024,38726,0.799434639,0.200565361,29008,0.749057481,0.924346,92.4212,56.6531,3.0312,7.1829,7.0021,100,96.14,97.78,97.97333333,100,0,17.75147929,2920.0934,0.075403951,NA,NA,NA,9.86255481157222,2.38532153652329
8,"ATLANTICO",8638,"SABANALARGA",2024,103909,0.727311503,0.272670725,112535,1,0.925191,92.4446,58.3333,2.334,6.6067,6.3888,95.3533333333333,62.5822222222222,87.0666666666667,80.2393518522222,89.12127814,0,6.222222222,4636.445259,0.044620247,NA,NA,NA,1.67514065122642,0.984001958863423
8,"ATLANTICO",8675,"SANTA LUCIA",2024,19147,0.943087719,0.056912281,14250,0.744241918,0.579606,57.8644,20.2346,1.8319,14.5759,10.1951,100,100,100,100,61.25703565,0,0,560.842611,0.029291409,NA,NA,NA,1.19286503691218,0.785208924866216
8,"ATLANTICO",8685,"SANTO TOMAS",2024,36050,0.702042374,0.297925813,31434,0.871955617,0.662017,66.1857,35.5301,1.0555,8.5521,6.1705,91.4,77.18,91.5,86.69333333,63.44206974,0,0,1523.65525,0.042265055,NA,NA,NA,3.90694143998022,1.59065082306065
8,"ATLANTICO",8758,"SOLEDAD",2024,710269,0.581209649,0.418790351,640318,0.901514778,0.931756,92.928,60.1318,2.6897,5.7799,4.295,100,100,100,100,100,51.99306759,11.43847487,72349.84241,0.101862593,NA,NA,NA,41.5249316754369,3.75009053158897
8,"ATLANTICO",8770,"SUAN",2024,14150,0.914116073,0.085883927,11958,0.845088339,0.804793,80.4793,42.3581,0.6153,9.6801,6.9319,88.72,88.72,88.72,88.72,39.26701571,0,0,295.69565,0.020897219,NA,NA,NA,0.918107849420653,0.651339205026717
8,"ATLANTICO",8832,"TUBARA",2024,20017,0.78328369,0.21671631,11079,0.553479542,0.581257,58.1257,30.1754,2.2833,6.1481,5.9646,100,100,100,100,60.04444444,0,12.98701299,516.448546,0.025800497,NA,NA,NA,1.65500652036288,0.976447110571444
8,"ATLANTICO",8849,"USIACURI",2024,15033,0.868098868,0.131901132,8658,0.575932948,0.582595,58.2595,34.8837,1.8243,5.0607,5.2027,98,65.04,63.94,75.66,18.40390879,0,24.09638554,257.047491,0.017098882,NA,NA,NA,1.05662098741211,0.721064338668065
11,"BOGOTA D.C.",11001,"BOGOTA D.C.",2024,7918660,0.26711503,0.732883221,8003623,1,0.9102,90.6045,65.3231,2.4876,8.1598,6.9155,98.97,98.85,96.91,98.24333333,100,35.3725615,9.338356237,6873688.13,0.86803678,NA,NA,NA,15.1655318898733,2.78288131443276
13,"BOLIVAR",13001,"CARTAGENA",2024,1010408,0.588667054,0.41131699,1316092,1,1.091716,108.9475,63.297,3.3257,7.6052,7.1298,49.52,47.27,59.22,52.00333333,50.96300534,0,11.82580903,594273.6118,0.588152124,NA,NA,NA,2.19393398832701,1.09153589171065
13,"BOLIVAR",13006,"ACHI",2024,27507,0.958980273,0.041019727,24281,0.882720762,0.946719,94.6719,45.8071,3.941,6.0067,3.5085,45.42,45.42,45.42,45.42,97.73190167,0,3.875968992,390.880831,0.014210231,NA,NA,NA,0.320067589193967,0.277682939222226
13,"BOLIVAR",13030,"ALTOS DEL ROSARIO",2024,11401,0.943359548,0.056640452,11317,0.992632225,0.725914,72.5914,26.0521,3.9091,10.9693,10.5305,63.64,20.78,35.74,40.05333333,41.71680706,0,0,190.802756,0.016735616,NA,NA,NA,0.310373329246809,0.270312080770658
13,"BOLIVAR",13042,"ARENAL",2024,8533,0.939413752,0.060586248,9177,1,0.97363,97.363,40.5063,2.4328,11.0492,2.5849,100,100,100,100,92.71708683,0,8.928571429,136.531434,0.016000402,NA,NA,NA,0.30404196361757,0.26540539678688
13,"BOLIVAR",13052,"ARJONA",2024,73374,0.849942962,0.15002955,72759,0.991618284,0.932627,93.1491,56.7454,2.8401,7.1974,5.2029,85.51,0,0.38,28.63,34.84608619,127.388535,14.01273885,2985.469738,0.040688387,NA,NA,NA,0.928268673695895,0.656622540056255
13,"BOLIVAR",13062,"ARROYOHONDO",2024,8531,0.920792079,0.079207921,9898,1,0.882639,88.2639,33.887,4.8685,9.7929,6.883,83.19,30.58,83.19,65.65333333,100,0,27.77777778,119.484441,0.014005913,NA,NA,NA,0.570112324446123,0.451125124516398
13,"BOLIVAR",13074,"BARRANCO DE LOBA",2024,17222,0.938782227,0.061217773,18230,1,1.001451,100.1451,33.2312,5.7607,12.0302,6.3612,55.61,25.63,43.36,41.53333333,93.36986301,0,3.90625,230.168443,0.013364792,NA,NA,NA,0.305546506438831,0.266621731991585
13,"BOLIVAR",13140,"CALAMAR",2024,24810,0.909964295,0.089998896,27167,1,0.968762,96.839,47.7221,2.114,12.6378,3.4007,100,0,100,66.66666667,100,0,4.132231405,1644.921289,0.066300737,NA,NA,NA,0.559688852063755,0.444486347562605
13,"BOLIVAR",13160,"CANTAGALLO",2024,8825,0.847621348,0.152378652,8282,0.938470255,0.955078,95.5078,38.2979,4.0916,10.073,5.9912,50.55,48.44,58.41,52.46666667,41.72432145,0,11.9047619,3361.879474,0.380949515,NA,NA,NA,0.287131809192121,0.252416339214539
13,"BOLIVAR",13188,"CICUCO",2024,15697,0.914544613,0.085455387,15119,0.963177677,0.833939,83.3939,39.115,5.1702,9.5808,5.8638,92.4,0,77.29,56.56333333,48.4057971,0,7.299270073,679.118668,0.043264233,NA,NA,NA,1.13975630846134,0.760691947998786
13,"BOLIVAR",13212,"CORDOBA",2024,18180,0.926186488,0.073813512,17910,0.985148515,0.939665,93.9665,47.8485,1.4661,10.2075,7.9945,61.17,18.71,44.18,41.35333333,91.91696113,0,24.3902439,351.606542,0.019340294,NA,NA,NA,0.418935883558841,0.349907212913826
13,"BOLIVAR",13222,"CLEMENCIA",2024,15919,0.942479857,0.057520143,13404,0.842012689,0.815167,81.5167,36.6554,3.1311,9.1324,4.2727,82.45,0,79.72,54.05666667,26.80115274,591.7159763,11.83431953,982.572711,0.061723268,NA,NA,NA,1.58173168867295,0.910641233944541
13,"BOLIVAR",13244,"EL CARMEN DE BOLIVAR",2024,76463,0.888186813,0.11180174,87360,1,0.988915,98.8732,54.4633,3.5486,9.152,7.7435,79.88,0,72.53,50.80333333,15.40706157,116.8224299,12.85046729,2390.209783,0.031259691,NA,NA,NA,0.562179505534772,0.446081965131416
13,"BOLIVAR",13248,"EL GUAMO",2024,9616,0.901437822,0.098562178,9111,0.947483361,0.788483,78.8483,38.9655,3.1878,9.2169,5.8212,70.54,0,43.26,37.93333333,81.99774266,0,17.54385965,109.332024,0.011369803,NA,NA,NA,0.362837364956576,0.309568824213211
13,"BOLIVAR",13268,"EL PEÑON",2024,8018,0.923027827,0.076972173,7834,0.977051634,0.810171,81.0171,31.6456,3.9593,12.1041,3.5633,59.36,8.93,47.48,38.59,100,0,0,175.592403,0.021899776,NA,NA,NA,0.525044590974535,0.42071591029239
13,"BOLIVAR",13300,"HATILLO DE LOBA",2024,13252,0.930089054,0.069910946,14261,1,0.906562,90.6562,33.271,4.1215,10.9507,7.852,73.74,25.32,40.95,46.67,100,0,11.11111111,172.027785,0.01298127,NA,NA,NA,0.594547769128355,0.466590165707436
13,"BOLIVAR",13430,"MAGANGUE",2024,149065,0.883662665,0.116337335,151671,1,0.827167,82.6915,42.3377,3.9445,8.9401,6.3597,99.9,73.22,73.22,82.11333333,67.24914309,0,12.14329083,8586.097437,0.057599688,NA,NA,NA,0.562542794743947,0.446314490889484
13,"BOLIVAR",13433,"MAHATES",2024,31676,0.913732821,0.086267179,28887,0.911952267,0.89984,89.984,50.1398,2.8169,7.3887,4.3123,82.2428571428571,4.36857142857143,72.3428571428571,52.9847619057143,100,0,13.21585903,646.82284,0.020419966,NA,NA,NA,0.58053579682849,0.457763901470191
13,"BOLIVAR",13440,"MARGARITA",2024,11721,0.963823767,0.036176233,9896,0.844296562,0.838959,83.8959,47.619,3.9732,9.4196,3.2589,50.95,8.23,18.14,25.77333333,100,0,12.34567901,154.841036,0.013210565,NA,NA,NA,0.359739023791881,0.307292787063224
13,"BOLIVAR",13442,"MARIA LA BAJA",2024,48970,0.898171102,0.101828898,57685,1,0,90.3396666666667,50.2626166666667,0,11.649,0,100,0,100,66.66666667,55.57481225,0,16.19433198,1618.186485,0.033044445,NA,NA,NA,0.602317894178898,0.471451264777425
13,"BOLIVAR",13458,"MONTECRISTO",2024,16510,0.949104129,0.050895871,11553,0.699757723,0.735574,73.5574,13.4185,5.8255,15.8372,4.8009,55.13,0,29.33,28.15333333,5.754564363,0,30.3030303,1389.954699,0.084188655,NA,NA,NA,0.283865635422536,0.249875554482516
13,"BOLIVAR",13468,"MOMPOS",2024,48552,0.888102206,0.111897794,57061,1,0.960641,96.0458,44.8488,3.9514,9.7918,4.3177,82.27,58.59,58.59,66.48333333,53.62755369,0,7.782101167,1870.887601,0.038533688,NA,NA,NA,0.360242489467764,0.307662984933451
13,"BOLIVAR",13473,"MORALES",2024,25591,0.939813061,0.060186939,15834,0.618733148,0.759845,75.9845,28.3447,3.4861,9.4685,2.281,100,75.15,58.03,77.72666667,41.67709637,0,0,1187.98377,0.046421936,NA,NA,NA,0.318128602779482,0.276213005508035
13,"BOLIVAR",13490,"NOROSI",2024,12515,0.936255512,0.063744488,7483,0.597922493,0.92531,92.531,16.7131,1.627,14.3651,9.7222,97.92,67.46,97.92,87.76666667,0.030978934,0,0,15.459,0.001235238,NA,NA,NA,0.292717838389325,0.256656115426081
13,"BOLIVAR",13549,"PINILLOS",2024,25747,0.932609803,0.067351017,25523,0.991299957,0.791414,79.1414,37.5235,4.43,11.5032,4.8802,63.45,12.51,12.51,29.49,100,0,11.23595506,113.623039,0.004413059,NA,NA,NA,0.279191750576736,0.246228433624331
13,"BOLIVAR",13580,"REGIDOR",2024,7810,0.876094571,0.123905429,6852,0.877336748,0.703905,70.3905,28.5199,6.2947,10.8727,5.6509,87.02,35.06,42.59,54.89,25.60266002,0,13.69863014,174.215866,0.022306769,NA,NA,NA,0.438920733871351,0.362355527699794
13,"BOLIVAR",13600,"RIO VIEJO",2024,12277,0.89214367,0.10785633,9661,0.786918628,0.712357,71.2357,22.1649,3.8523,14.5532,12.0385,54.06,42.2,42.11,46.12333333,17.42043551,0,22.72727273,897.470182,0.07310175,NA,NA,NA,0.310131652650694,0.27012763037009
13,"BOLIVAR",13620,"SAN CRISTOBAL",2024,9542,0.885420201,0.114579799,8841,0.926535318,0.839581,83.9581,38.5382,3.1756,7.472,5.3549,83.58,0,83.58,55.72,47.56446991,0,27.02702703,796.334611,0.083455734,NA,NA,NA,0.852879245845089,0.609267642867932
13,"BOLIVAR",13647,"SAN ESTANISLAO",2024,21053,0.919935082,0.080064918,18485,0.878022135,0.831216,83.1216,52.43,3.4106,8.9222,4.6112,100,0,100,66.66666667,94.34369603,0,9.009009009,399.101764,0.018957002,NA,NA,NA,0.844124694082797,0.612004744368125
13,"BOLIVAR",13650,"SAN FERNANDO",2024,12766,0.968211307,0.031788693,10790,0.845213849,0.600309,60.0309,21.1321,5.4143,15.4824,8.2863,62.66,28.03,28.03,39.57333333,79.54224357,0,30.3030303,175.141377,0.013719362,NA,NA,NA,0.328448620365883,0.284011810547657
13,"BOLIVAR",13654,"SAN JACINTO",2024,27176,0.885130447,0.114869553,28824,1,0.88721,88.721,49.3841,3.1165,6.2748,5.0826,56.23,0,65.34,40.52333333,20.32454361,0,4.587155963,836.041669,0.030763971,NA,NA,NA,0.582801437664779,0.459196338833482
13,"BOLIVAR",13655,"SAN JACINTO DEL CAUCA",2024,10708,0.94563576,0.05436424,9933,0.927624206,0.75,75,37.8824,4.468,13.1737,8.4293,51.37,0,32.29,27.88666667,5.147058824,0,0,232.917289,0.021751708,NA,NA,NA,0.321565181911534,0.278654682929949
13,"BOLIVAR",13657,"SAN JUAN NEPOMUCENO",2024,42048,0.881119203,0.118880797,43388,1,0.88291,88.291,57.6426,3.7286,5.5429,3,52.47,0,66.59,39.68666667,57.51138088,0,3.412969283,1388.058642,0.033011288,NA,NA,NA,0.51201655312505,0.413444225531442
13,"BOLIVAR",13667,"SAN MARTIN DE LOBA",2024,15853,0.953656686,0.046343314,17133,1,1.056334,105.6334,52.7597,5.1014,8.131,4.1657,57.4,36.88,40.94,45.07333333,44.38223218,0,16.19433198,65.217908,0.004113916,NA,NA,NA,0.42714781777239,0.355677919515698
13,"BOLIVAR",13670,"SAN PABLO",2024,29026,0.89573053,0.10426947,32627,1,0.890665,89.0531,36.1415,2.3876,7.8512,5.3025,84.03,45.41,83.94,71.12666667,100,0,0,758.750378,0.02614037,NA,NA,NA,0.289526125815941,0.254274806557397
13,"BOLIVAR",13673,"SANTA CATALINA",2024,15213,0.933599232,0.066400768,13539,0.889962532,0.91284,91.2255,49.6479,2.7285,9.8291,5.3583,81.85,0,81.74,54.53,79.69747899,0,15.625,420.543919,0.02764372,NA,NA,NA,1.1459357049052,0.763575683324082
13,"BOLIVAR",13683,"SANTA ROSA",2024,22371,0.870124824,0.129875176,20589,0.920343302,0.755784,75.5784,38.2746,1.7579,8.7622,6.5043,80.07,0,80.07,53.38,0,0,21.73913043,1541.848731,0.068921762,NA,NA,NA,1.9869509020516,1.09425310188817
13,"BOLIVAR",13688,"SANTA ROSA DEL SUR",2024,33643,0.887428318,0.112571682,49524,1,1.143055,114.3055,39.0125,3.9497,7.9992,5.8348,51.8,51.65,51.8,51.75,63.47294625,0,8.130081301,1985.498839,0.0590167,NA,NA,NA,0.298386632760036,0.261122442001999
13,"BOLIVAR",13744,"SIMITI",2024,18510,0.919107256,0.080892744,20521,1,0.790919,79.0919,32.0055,3.6024,9.7292,6.7578,35.16,0,35.16,23.44,27.30613745,0,12.71186441,918.601292,0.049627298,NA,NA,NA,0.341325761703682,0.293658499260276
13,"BOLIVAR",13760,"SOPLAVIENTO",2024,12824,0.858248771,0.141751229,9559,0.745399251,0.719378,71.9378,40.9972,1.0785,6.878,7.1899,54.53,0,56.24,36.92333333,0,0,0,197.865356,0.015429301,NA,NA,NA,0.739297630902738,0.553481371332922
13,"BOLIVAR",13780,"TALAIGUA NUEVO",2024,14965,0.902843283,0.097156717,14842,0.991780822,0.874009,87.2178,49.2157,2.1461,7.8796,3.107,64.03,37.81,44.67,48.83666667,100,0,7.246376812,487.139572,0.032551926,NA,NA,NA,0.598114092517582,0.468824241865259
13,"BOLIVAR",13810,"TIQUISIO",2024,18535,0.966775874,0.033224126,23808,1,0.996951,99.6951,33.9793,3.1621,12.3538,6.8909,52.27,0,28.45,26.90666667,14.31019709,0,6.688963211,134.5631,0.007259946,NA,NA,NA,0.275304024127957,0.243184600482073
13,"BOLIVAR",13836,"TURBACO",2024,124939,0.642163794,0.357814942,94057,0.752823378,0.998058,99.6468,61.6632,2.8405,8.4311,6.7125,73.0066666666667,7.87833333333333,61.69,47.525,100,0,7.73480663,17372.17887,0.139045285,NA,NA,NA,4.34427578325524,1.67602604105086
13,"BOLIVAR",13838,"TURBANA",2024,17726,0.777994919,0.222005081,15351,0.866016022,0.915906,91.5906,45.9272,3.0988,8.8329,6.4002,62.35,0,62.35,41.56666667,31.19823302,0,13.42281879,559.666402,0.031573192,NA,NA,NA,1.29857356309598,0.832288740579488
13,"BOLIVAR",13873,"VILLANUEVA",2024,28802,0.901712028,0.098287972,22780,0.790917297,0.768746,76.7723,38.9529,1.1088,11.0206,3.3265,60.59,0,68.12,42.90333333,48.83195177,0,22.55639098,468.144946,0.016253904,NA,NA,NA,1.00010615940799,0.693200258855265
13,"BOLIVAR",13894,"ZAMBRANO",2024,13291,0.863136333,0.136863667,13181,0.991723723,0.904814,90.4814,55.1198,2.3217,7.2968,2.2803,84.16,0,84.16,56.10666667,0,0,0,398.177491,0.02995843,NA,NA,NA,0.338210388675973,0.29133319050785
15,"BOYACA",15001,"TUNJA",2024,187765,0.367038825,0.632937876,214604,1,0.990748,98.9258,56.5612,2.8204,9.0356,7.8432,92.92,88.95,84.18,88.68333333,100,0,7.138607971,65357.22931,0.348079937,NA,NA,NA,4.19205111025908,1.64712882339399
15,"BOYACA",15022,"ALMEIDA",2024,1825,0.897846154,0.102153846,1625,0.890410959,0.676806,67.6806,31.9149,2.0513,5.1282,5.1282,22.98,10.12,10.12,14.40666667,76.08486017,0,0,115.795536,0.063449609,NA,NA,NA,0.261139678185418,0.232015818640251
15,"BOYACA",15047,"AQUITANIA",2024,15405,0.941168972,0.058831028,15689,1,0.781785,78.1785,48.1973,3.8645,8.7216,8.6454,93.94,93.91,39.24,75.69666667,89.1234347,0,6.944444444,495.201822,0.032145526,NA,NA,NA,0.308854319648423,0.269152189403959
15,"BOYACA",15051,"ARCABUCO",2024,6370,0.816432557,0.183567443,5197,0.815855573,0.797185,79.7185,48.0392,1.2846,8.1028,9.8814,35.31,19.58,19.58,24.82333333,100,0,0,440.500735,0.069152392,NA,NA,NA,0.362443444025817,0.309279737721864
15,"BOYACA",15087,"BELEN",2024,7638,0.765625,0.234375,7552,0.988740508,0.970833,96.9444,73.8095,2.7997,6.1737,4.0919,94.13,21.89,21.89,45.97,98.33468725,0,0,617.157178,0.080800887,NA,NA,NA,0.598849259437478,0.469284157636521
15,"BOYACA",15090,"BERBEO",2024,1645,0.891811118,0.108188882,1673,1,0.695167,69.5167,50,1.4925,7.9602,1.99,55,21.38,18.67,31.68333333,97.35449735,0,0,155.777544,0.094697595,NA,NA,NA,1.02610176393846,0.706113633557385
15,"BOYACA",15092,"BETEITIVA",2024,1825,0.816728167,0.183271833,1626,0.890958904,0.639073,63.9073,39.2157,2.4038,7.2115,5.7692,28.93,16.02,23.74,22.89666667,62.24806202,0,0,49.140294,0.026926188,NA,NA,NA,0.568258196738973,0.449965574659822
15,"BOYACA",15097,"BOAVITA",2024,5145,0.887927792,0.111884167,5318,1,0.859593,85.9593,43.4783,1.6411,10.1751,10.9409,80.01,26.24,26.24,44.16333333,90.63373719,0,32.25806452,273.417048,0.053142283,NA,NA,NA,0.400038479597365,0.336499721670185
15,"BOYACA",15104,"BOYACA",2024,5297,0.876802097,0.123197903,5341,1,0.667335,66.7335,62.7907,2.0086,3.4433,2.1521,84.62,16.98,16.98,39.52666667,80.20717721,0,0,192.279832,0.036299761,NA,NA,NA,0.581740706054681,0.458525953291657
15,"BOYACA",15106,"BRICENO",2024,2247,0.914660832,0.085339168,2285,1,0.826923,82.6923,48.6111,0.8197,4.0984,5.1913,57.44,23.04,23.04,34.50666667,90.8992416,0,0,87.328257,0.038864378,NA,NA,NA,0.693808328711787,0.450805524813304
15,"BOYACA",15109,"BUENAVISTA",2024,4509,0.929945629,0.070054371,4782,1,0.785627,78.5627,68.3453,2.9369,5.8737,4.699,7.9,7.9,100,38.6,96.03869185,0,34.48275862,90.979506,0.020177313,NA,NA,NA,0.336313192594139,0.289914473235483
15,"BOYACA",15114,"BUSBANZA",2024,1288,0.626130653,0.373869347,995,0.772515528,0.657609,65.7609,26.9231,2.2727,6.0606,9.0909,97.37,100,37.37,78.24666667,53.72670807,0,0,50.13134,0.038921848,NA,NA,NA,0.898967096077254,0.641310104706499
15,"BOYACA",15131,"CALDAS",2024,2893,0.918628809,0.081371191,2888,0.99827169,0.659722,65.9722,50,2.6829,15.0121,4.3902,100,100,100,100,80.06578947,0,0,119.547262,0.041322939,NA,NA,NA,0.338720933374515,0.29171463077905
15,"BOYACA",15135,"CAMPOHERMOSO",2024,3186,0.904316547,0.095683453,2780,0.872567483,0.666137,66.6137,38.7755,0.6897,3.6782,5.5172,100,100,100,100,72.07001522,0,50,218.012383,0.068428243,NA,NA,NA,0.318242056163615,0.27629907336334
15,"BOYACA",15162,"CERINZA",2024,3583,0.779508688,0.220491312,3338,0.931621546,0.776119,77.6119,55.1724,0.6036,6.2374,6.0362,96.66,27.56,99.75,74.65666667,82.00442968,0,0,73.147084,0.020415039,NA,NA,NA,0.333259976241353,0.28762705311926
15,"BOYACA",15172,"CHINAVITA",2024,3093,0.90017094,0.09982906,2925,0.945683802,0.796371,79.6371,65.4762,1.8957,11.1374,4.5024,96.14,33.54,33.62,54.43333333,74.34920635,0,0,113.873336,0.036816468,NA,NA,NA,0.404371048767999,0.339589550437165
15,"BOYACA",15176,"CHIQUINQUIRA",2024,58135,0.576973934,0.422995668,65795,1,0.905345,90.424,62.3049,1.9382,6.3683,5.9183,74.28,50.49,67.47,64.08,100,179.8561151,3.597122302,6084.001145,0.104652983,NA,NA,NA,2.45929024134364,1.24106343546743
15,"BOYACA",15180,"CHISCAS",2024,4078,0.943731778,0.056268222,3430,0.841098578,0.764789,76.4789,59.0551,1.0638,2.1239,2.305,57.61,18.06,28.71,34.79333333,75.46875,0,0,70.846673,0.017372897,NA,NA,NA,0.291156141645795,0.255538050829789
15,"BOYACA",15183,"CHITA",2024,8239,0.922592967,0.077407033,8901,1,0.777374,77.7374,56.3107,2.8278,5.3985,3.7275,60.92,22.43,29.12,37.49,50.21186441,0,0,238.204311,0.028911799,NA,NA,NA,0.314073186334285,0.273131615873848
15,"BOYACA",15185,"CHITARAQUE",2024,5961,0.939573071,0.060426929,6090,1,0.704177,70.4177,41.6667,5.1665,5.9633,3.3295,22.67,16.79,16.79,18.75,85.81871345,0,25.64102564,263.193816,0.044152628,NA,NA,NA,0.372185518554175,0.316404737767701
15,"BOYACA",15187,"CHIVATA",2024,2858,0.817466267,0.182533733,2668,0.933519944,0.715447,71.5447,34.8315,2.1598,11.879,5.1836,100,19.59,19.59,46.39333333,100,0,0,141.307058,0.049442638,NA,NA,NA,1.29527028494114,0.830850607794206
15,"BOYACA",15189,"CIENEGA",2024,4535,0.921219226,0.078780774,4265,0.940463065,0.813025,81.3025,63.7584,1.6332,3.5176,1.3819,100,19.06,19.06,46.04,93.71108344,0,30.3030303,247.451392,0.054564805,NA,NA,NA,0.472698343189924,0.387096325734017
15,"BOYACA",15204,"COMBITA",2024,13473,0.873153576,0.126846424,8530,0.633118088,0.953276,95.3276,62.1019,3.2357,7.9353,2.6194,36.1,2.89,8.5,15.83,100,0,0,2109.823806,0.156596438,NA,NA,NA,1.48050003054166,0.908460165071669
15,"BOYACA",15212,"COPER",2024,3513,0.914462384,0.085537616,2911,0.828636493,0.627803,62.7803,28.8288,1.8561,7.8886,4.8724,100,15.04,15.07,43.37,87.61435609,0,0,228.344802,0.064999944,NA,NA,NA,0.309692516017076,0.269792389064217
15,"BOYACA",15215,"CORRALES",2024,2561,0.662825651,0.337174349,1996,0.779383053,0.944712,94.4712,48.6486,2.7228,7.1782,5.9406,27.56,23.78,23.73,25.02333333,100,0,0,729.525453,0.284859607,NA,NA,NA,6.25547162695553,1.98175589138462
15,"BOYACA",15218,"COVARACHIA",2024,2873,0.93710493,0.06289507,3164,1,0.768362,76.8362,53.012,1.3921,4.6404,2.3202,57.37,10.2,10.2,25.92333333,65.45048399,0,0,124.829552,0.0434492,NA,NA,NA,0.310979652499264,0.27077468406559
15,"BOYACA",15223,"CUBARA",2024,12974,0.897775514,0.102224486,11778,0.907815631,0.438619,43.8619,18.0523,4.9694,14.772,12.1852,95.17,57.09,61.44,71.23333333,41.94528875,0,31.49606299,298.741517,0.023026169,NA,NA,NA,0.30682259963436,0.2675986944691
15,"BOYACA",15224,"CUCAITA",2024,3801,0.880925508,0.119074492,3544,0.932386214,0.799472,79.9472,58.2677,1.4041,7.6443,6.8643,94.02,30.23,30.23,51.49333333,100,0,0,136.479856,0.035906303,NA,NA,NA,3.42559259913346,1.48740419020144
15,"BOYACA",15226,"CUITIVA",2024,1837,0.90807307,0.09192693,1697,0.923788786,0.77957,77.957,70.9091,1.3115,6.8852,9.5082,68.07,11.34,11.34,30.25,91.4893617,0,0,129.986966,0.070760461,NA,NA,NA,0.452363676515443,0.373192350960979
15,"BOYACA",15232,"CHIQUIZA",2024,4813,0.941163605,0.058836395,4572,0.94992728,0.629363,62.9363,43.3121,1.4085,2.6604,4.6948,100,28.67,28.67,52.44666667,76.65952891,0,0,84.383165,0.017532343,NA,NA,NA,0.92738959229544,0.656166544553002
15,"BOYACA",15236,"CHIVOR",2024,2702,0.900497512,0.099502488,2010,0.743893412,0.606522,60.6522,41.5584,3,12,3.6667,61.17,13.27,20.36,31.6,66.62030598,0,0,116.114542,0.042973554,NA,NA,NA,0.302446499568525,0.264244418614464
15,"BOYACA",15238,"DUITAMA",2024,134425,0.429188107,0.570811893,139920,1,0.95254,95.1827,67.1917,2.2228,7.202,6.3099,97.07,83.13,82.72,87.64,100,89.12655971,8.912655971,19408.57562,0.144382188,NA,NA,NA,3.25834704376436,1.44888106708717
15,"BOYACA",15244,"EL COCUY",2024,4305,0.902370336,0.097629664,4261,0.989779326,0.743532,74.3532,51.3699,1.2121,5.9091,6.5152,91.19,89.96,40.3,73.81666667,68.65342163,0,0,165.418595,0.038424761,NA,NA,NA,0.285231489576223,0.2509388496527
15,"BOYACA",15248,"EL ESPINO",2024,3128,0.915822292,0.084177708,2566,0.820332481,0.814741,81.4741,69.6629,0.6944,4.3981,2.5463,100,20.78,20.78,47.18666667,66.13475177,0,0,102.766493,0.032853738,NA,NA,NA,0.55466628797478,0.441260916796077
15,"BOYACA",15272,"FIRAVITOBA",2024,7088,0.781011045,0.218988955,4708,0.664221219,0.60262,60.262,63.0769,1.7784,5.1984,3.42,58.31,58.31,58.31,58.31,89.01830283,0,0,403.522626,0.056930393,NA,NA,NA,0.763189297687258,0.567124270134567
15,"BOYACA",15276,"FLORESTA",2024,3328,0.874423963,0.125576037,3472,1,0.838346,83.8346,67.7083,3.3473,5.8577,4.6025,100,100,100,100,93.60465116,0,0,121.315157,0.036452872,NA,NA,NA,1.93907363137302,1.07809444032915
15,"BOYACA",15293,"GACHANTIVA",2024,2765,0.905602716,0.094397284,2945,1,0.941729,94.1729,83.1325,4.3315,6.7797,8.2863,59.15,7.77,7.77,24.89666667,87.79031188,0,0,94.963648,0.0343449,NA,NA,NA,0.619782721193807,0.482292017529164
15,"BOYACA",15296,"GAMEZA",2024,4687,0.810914855,0.189085145,4416,0.942180499,0.796829,79.6829,68.1818,1.7964,2.7545,2.2754,21.13,16.59,10.11,15.94333333,70.61281337,0,0,161.135987,0.034379344,NA,NA,NA,0.777300357903079,0.57509556015839
15,"BOYACA",15299,"GARAGOA",2024,19295,0.673053475,0.326946525,17223,0.892614667,0.811021,81.0697,65.7143,1.6622,7.5472,8.4456,98.37,86.86,86.86,90.69666667,84.82707326,0,10.98901099,1174.305769,0.060860625,NA,NA,NA,0.58298485545373,0.459312213862416
15,"BOYACA",15317,"GUACAMAYAS",2024,1811,0.925662573,0.074337427,1547,0.854224186,0.597101,59.7101,37.037,0.9709,2.9126,0.4854,100,33.99,33.99,55.99333333,77.18040621,0,0,80.725066,0.044574857,NA,NA,NA,0.428524413295482,0.356642032704001
15,"BOYACA",15322,"GUATEQUE",2024,11331,0.697388633,0.302611367,9765,0.861795075,0.91719,91.719,62.4204,1.8672,3.9419,5.8783,43.84,37.67,40.08,40.53,94.30656934,0,14.49275362,1479.479078,0.130569153,NA,NA,NA,0.604908203825249,0.473066561067997
15,"BOYACA",15325,"GUAYATA",2024,3455,0.909677419,0.090322581,3255,0.94211288,0.794979,79.4979,62.1951,2.5189,7.3048,6.5491,44.05,6.81,6.79,19.21666667,65.61418685,0,0,100.031621,0.028952712,NA,NA,NA,0.271331171668133,0.240064518195196
15,"BOYACA",15332,"GUICAN",2024,4383,0.923703386,0.076296614,4666,1,0.621538,62.1538,44.6667,0.4637,6.4915,0,11.7,10.81,10.81,11.10666667,66.36568849,0,25,39.833,0.009088068,NA,NA,NA,0.307799464183956,0.268345926437015
15,"BOYACA",15362,"IZA",2024,1934,0.754036598,0.245963402,1858,0.960703206,0.896067,89.6067,36.2069,3.5928,11.6766,6.2874,90.77,63.38,61.88,72.01,90.23972603,0,0,103.028682,0.053272328,NA,NA,NA,0.816673991533002,0.597007352035429
15,"BOYACA",15367,"JENESANO",2024,7401,0.909654424,0.090345576,6453,0.871909201,0.701964,70.1964,58.2609,0.8646,4.0346,3.5543,99.42,49.68,52.17,67.09,88.00363526,0,22.22222222,139.744098,0.018881786,NA,NA,NA,0.650612003538237,0.501146130377217
15,"BOYACA",15368,"JERICO",2024,4024,0.85218666,0.14781334,4093,1,0.888175,88.8175,56.6667,2.1038,7.2931,5.3296,17.33,8.98,8.98,11.76333333,69.0399137,0,0,204.364779,0.050786476,NA,NA,NA,0.311567426912066,0.271222931059711
15,"BOYACA",15377,"LABRANZAGRANDE",2024,3741,0.877318971,0.122681029,3342,0.893344026,0.934109,93.4109,41.3793,2.4948,6.8607,4.158,98.09,52.53,52.53,67.71666667,40.28670292,0,55.55555556,273.193467,0.073026856,NA,NA,NA,0.328888646339558,0.28434298866585
15,"BOYACA",15380,"LA CAPILLA",2024,2586,0.930025445,0.069974555,2358,0.911832947,0.715909,71.5909,53.4247,0.8929,5.9524,6.8452,79.65,22.71,22.71,41.69,92.28650138,0,0,141.061674,0.054548211,NA,NA,NA,0.347208062344008,0.298034349007026
15,"BOYACA",15401,"LA VICTORIA",2024,1142,0.926654741,0.073345259,1118,0.978984238,0.756614,75.6614,51.2821,0.6494,3.8961,1.9481,35.5,10.76,9.85,18.70333333,80.89330025,0,0,80.175176,0.070205933,NA,NA,NA,0.279949349485203,0.246820506433899
15,"BOYACA",15403,"LA UVITA",2024,2854,0.888977636,0.111022364,2504,0.877365102,0.774327,77.4327,44.0476,0.5051,8.0808,6.3131,100,16.27,16.27,44.18,80.24502297,0,0,139.019742,0.048710491,NA,NA,NA,0.392251228857838,0.330922026128902
15,"BOYACA",15407,"VILLA DE LEYVA",2024,19143,0.633708549,0.366291451,16435,0.858538369,1.081201,108.086,64.9402,2.1033,8.7572,2.7151,89.03,45.42,71.51,68.65333333,100,0,0,2383.646971,0.124517942,NA,NA,NA,1.65842104201874,0.977732353321361
15,"BOYACA",15425,"MACANAL",2024,5314,0.907926341,0.092073659,3747,0.705118555,0.645477,64.5477,55,2.5135,7.3609,1.4363,35.96,8.71,7.31,17.32666667,75.36295645,0,0,1473.502317,0.277286849,NA,NA,NA,0.450055472365974,0.37160181250483
15,"BOYACA",15442,"MARIPI",2024,5887,0.922949002,0.077050998,5412,0.919313742,0.663436,66.3436,40.796,2.0434,4.2146,2.8097,25.15,9.97,10,15.04,66.06060606,0,0,653.051461,0.110931113,NA,NA,NA,0.466683908644567,0.383004008081028
15,"BOYACA",15455,"MIRAFLORES",2024,9038,0.771304049,0.228695951,8719,0.964704581,0.851638,85.1638,56.9288,2.5923,3.6107,5.7345,56.97,28.96,29.11,38.34666667,100,0,0,1267.494525,0.140240598,NA,NA,NA,0.300839463966621,0.263009797578936
15,"BOYACA",15464,"MONGUA",2024,4526,0.793268083,0.206731917,4189,0.925541317,0.747126,74.7126,56.7742,2.0161,6.586,0.1344,82,81.84,55.85,73.23,67.40011581,0,0,179.777019,0.03972095,NA,NA,NA,0.345568823007517,0.29681684038394
15,"BOYACA",15466,"MONGUI",2024,4325,0.784738335,0.215261665,3879,0.896878613,0.935632,93.5632,57.8231,0.9346,5.8411,5.6075,54.32,39.74,38.41,44.15666667,49.78503869,0,0,138.784258,0.032088846,NA,NA,NA,0.483971783475641,0.394722130733993
15,"BOYACA",15469,"MONIQUIRA",2024,23763,0.694303423,0.305696577,32107,1,0.881534,88.1534,57.4048,3.67,8.9548,5.7252,87.71,38.02,42.15,55.96,93.04360096,0,0,1736.590719,0.073079608,NA,NA,NA,0.965748652378318,0.675873166338353
15,"BOYACA",15476,"MOTAVITA",2024,5281,0.877134527,0.122865473,4802,0.909297482,0.639747,63.8955,40.3061,1.6373,8.4277,5.1637,78.5,15.36,15.36,36.40666667,99.40617577,0,18.51851852,187.652763,0.035533566,NA,NA,NA,0.57177231200646,0.452203843826187
15,"BOYACA",15480,"MUZO",2024,8228,0.852546268,0.147453732,8267,1,0.774078,77.3484,48.6301,1.5625,6.3244,5.0595,92.75,92.75,51.24,78.91333333,86.96485623,0,0,1731.199847,0.210403482,NA,NA,NA,0.366177948314439,0.312017022294144
15,"BOYACA",15491,"NOBSA",2024,16962,0.627549512,0.372450488,10149,0.59833746,1.082636,108.1298,60.8031,2.8409,7.1023,9.7159,62.03,48.06,51.14,53.74333333,100,0,7.874015748,23210.08873,1.36835802,NA,NA,NA,9.36725971774965,2.33865273638076
15,"BOYACA",15494,"NUEVO COLON",2024,5229,0.938053097,0.061946903,4972,0.950851023,0.819656,81.9656,66.8639,0.8373,4.7847,5.622,90.79,40.35,40.61,57.25,100,0,0,167.905146,0.032110374,NA,NA,NA,0.83532327595345,0.607220638171754
15,"BOYACA",15500,"OICATA",2024,2929,0.799028269,0.200971731,2264,0.772960055,0.806738,80.6738,47.9167,3.6946,10.5651,14.2857,44.32,9.88,9.72,21.30666667,100,0,0,274.884593,0.093849298,NA,NA,NA,7.07294781112323,2.08851869577204
15,"BOYACA",15507,"OTANCHE",2024,8190,0.85504342,0.14495658,7485,0.913919414,0.749713,74.9713,52.0134,2.5148,4.2899,3.4024,28.33,28.33,28.33,28.33,67.90123457,0,0,422.885633,0.051634387,NA,NA,NA,0.315509380125757,0.274223951937066
15,"BOYACA",15511,"PACHAVITA",2024,2301,0.924165824,0.075834176,1978,0.859626249,0.68883,68.883,40,1.8182,5.8182,8.3636,26.33,4.63,5.09,12.01666667,82.27334235,0,0,61.976796,0.026934722,NA,NA,NA,0.389286610013273,0.32879038518862
15,"BOYACA",15514,"PAEZ",2024,3376,0.890941385,0.109058615,2815,0.833827014,0.820428,82.0428,65.9794,2.1318,2.5194,2.1318,20.42,18.84,18.84,19.36666667,72.60018639,0,0,403.793414,0.119607054,NA,NA,NA,0.367534667708391,0.313009606150537
15,"BOYACA",15516,"PAIPA",2024,37880,0.505881134,0.494118866,38598,1,0.970037,96.8321,54.0941,2.9363,8.6653,8.7064,62.5842857142857,46.6671428571429,50.1771428571429,53.1428571428571,100,0,0,7170.95531,0.189307162,NA,NA,NA,1.15817703730977,0.769263901149336
15,"BOYACA",15518,"PAJARITO",2024,2205,0.80473075,0.19526925,1987,0.901133787,0.70282,70.282,58.1081,1.5385,3.3846,4.9231,26.51,17.2,17.2,20.30333333,67.47851003,0,0,474.570277,0.215224615,NA,NA,NA,0.404041724058104,0.339355023152151
15,"BOYACA",15522,"PANQUEBA",2024,1725,0.918462434,0.081537566,1717,0.995362319,0.885802,88.5802,96.2264,2,4.3333,1.3333,10.86,10.33,10.33,10.50666667,69.77077364,0,0,104.390881,0.060516453,NA,NA,NA,0.651554674967195,0.501717071547874
15,"BOYACA",15531,"PAUNA",2024,7346,0.919747779,0.080252221,6978,0.94990471,0.82318,82.318,50.6122,2.8621,7.279,1.0408,16.41,15.58,16.37,16.12,65.80903373,0,0,191.720491,0.026098624,NA,NA,NA,0.349344517826652,0.299618932185853
15,"BOYACA",15533,"PAYA",2024,2735,0.931326435,0.068673565,2126,0.777330896,0.649762,64.9762,33.6538,0.4706,8.7059,5.8824,48.13,48.22,48.13,48.16,72.51381215,0,0,209.456998,0.076583912,NA,NA,NA,0.390041094892087,0.32933331137614
15,"BOYACA",15537,"PAZ DE RIO",2024,4373,0.523258738,0.476741262,3977,0.909444317,0.826948,82.6948,60,1.8553,6.8646,11.3173,88.04,43.37,42.43,57.94666667,49.73871734,0,0,733.327656,0.16769441,NA,NA,NA,0.51014406980526,0.412205056742604
15,"BOYACA",15542,"PESCA",2024,7014,0.914641555,0.085358445,6584,0.93869404,0.759181,75.9181,47.8261,0.7867,8.042,3.4091,93.6,81.61,57.33,77.51333333,71.11501317,0,0,410.487257,0.058523989,NA,NA,NA,0.406663352701605,0.341220483477702
15,"BOYACA",15550,"PISBA",2024,1951,0.917204932,0.082795068,1703,0.8728857,0.661765,66.1765,40.9091,3.2028,2.847,6.0498,100,100,100,100,49.84227129,0,0,86.083228,0.044122618,NA,NA,NA,0.335901199790403,0.289310114196646
15,"BOYACA",15572,"PUERTO BOYACA",2024,47787,0.666404708,0.333577016,54716,1,0.919298,91.8693,56.775,3.3854,7.9102,7.8151,57.49,57.65,83,66.04666667,92.41299687,0,7.194244604,51989.25334,1.087937166,NA,NA,NA,0.755863873956013,0.562960971681865
15,"BOYACA",15580,"QUIPAMA",2024,5005,0.889327243,0.110672757,4816,0.962237762,0.718202,71.8202,37.6543,1.5919,8.1042,9.2619,43.36,43.36,21.18,35.96666667,62.34012316,0,0,870.885941,0.174003185,NA,NA,NA,0.302957693969865,0.264636829442056
15,"BOYACA",15599,"RAMIRIQUI",2024,10131,0.854894046,0.145105954,9910,0.978185766,0.878627,87.7176,59.1781,4.3448,6.5172,4.0645,90.18,21.9,21.92,44.66666667,100,0,0,381.698431,0.037676284,NA,NA,NA,0.491749980277454,0.399949914198974
15,"BOYACA",15600,"RAQUIRA",2024,8043,0.851467773,0.148532227,6268,0.779311202,0.783007,78.3007,37.1094,3.1797,5.0079,8.744,32.67,11.86,13.58,19.37,56.04846991,0,50,644.18876,0.080093095,NA,NA,NA,0.490726902108965,0.399263854759815
15,"BOYACA",15621,"RONDON",2024,2467,0.922261484,0.077738516,2264,0.917713822,0.609244,60.9244,39.2405,2.5237,6.9401,5.0473,57.24,8.03,8.77,24.68,56.4453125,0,0,185.817593,0.075321278,NA,NA,NA,0.281610626262846,0.248117588701178
15,"BOYACA",15632,"SABOYA",2024,14424,0.927873714,0.072126286,11466,0.794925125,0.705861,70.4796,49.8938,1.3911,7.2766,4.7084,100,100,100,100,85.95856626,0,11.49425287,270.061827,0.018723088,NA,NA,NA,0.410694685729912,0.344082267975546
15,"BOYACA",15638,"SACHICA",2024,6250,0.898440624,0.101559376,5002,0.80032,0.831356,83.1356,40.404,3.8084,5.8968,12.285,89.38,26.1,27.79,47.75666667,100,0,0,277.318682,0.044370989,NA,NA,NA,0.447854081733964,0.370082516602483
15,"BOYACA",15646,"SAMACA",2024,19327,0.565905316,0.434094684,24080,1,1.123931,112.2953,58.0793,1.8878,7.9847,8.7245,97.31,36.06,39.4,57.59,100,0,3.154574132,4218.524925,0.218271068,NA,NA,NA,1.53267141012467,0.929274639006074
15,"BOYACA",15660,"SAN EDUARDO",2024,1672,0.913348946,0.086651054,1708,1,0.856061,85.6061,58.6957,0.8439,2.5316,0.4219,95.89,95.87,95.88,95.88,100,0,90.90909091,65.940278,0.039437965,NA,NA,NA,0.414224349796622,0.346581218111208
15,"BOYACA",15664,"SAN JOSE DE PARE",2024,4871,0.94760479,0.05239521,4676,0.959967153,0.751781,75.1781,34.3511,3.2061,5.8015,4.1221,100,23.15,28.42,50.52333333,100,0,62.5,67.965537,0.013953097,NA,NA,NA,0.980046156105945,0.683120155599362
15,"BOYACA",15667,"SAN LUIS DE GACENO",2024,5304,0.891098266,0.108901734,4325,0.815422323,0.728585,72.8585,51.1364,5.9974,5.7292,2.7379,25.26,25.26,25.26,25.26,75.98039216,0,0,1000.833547,0.188694108,NA,NA,NA,0.445139242690836,0.368205678645665
15,"BOYACA",15673,"SAN MATEO",2024,3397,0.904194718,0.095805282,3862,1,0.897521,89.7521,57.732,1.0453,8.1882,4.878,63.45,24.63,24.63,37.57,82.85883749,0,41.66666667,7.096436,0.00208903,NA,NA,NA,0.474084586975085,0.388037178128152
15,"BOYACA",15676,"SAN MIGUEL DE SEMA",2024,3081,0.792630058,0.207369942,2768,0.898409607,1.022472,102.2472,92.7835,1.3575,4.9774,1.2066,99.77,99.77,99.77,99.77,100,0,0,121.74494,0.039514748,NA,NA,NA,0.448577065385768,0.370581740392103
15,"BOYACA",15681,"SAN PABLO DE BORBUR",2024,6772,0.903614458,0.096385542,6723,0.992764324,0.782577,78.2577,44.4444,1.7621,7.1366,9.4273,32.3,15.15,19.8,22.41666667,76.67938931,0,0,547.311495,0.080819772,NA,NA,NA,0.427510775196784,0.355932210818513
15,"BOYACA",15686,"SANTANA",2024,7746,0.892066421,0.107933579,8672,1,0.787733,78.7733,42.5197,4.1927,7.5825,0,100,27,27,51.33333333,100,0,17.54385965,341.689024,0.044111674,NA,NA,NA,0.680866691139817,0.519309547974141
15,"BOYACA",15690,"SANTA MARIA",2024,3640,0.807095344,0.192904656,3157,0.867307692,0.858462,85.8462,55.5556,1.5209,10.6464,3.8023,94.43,94.43,94.43,94.43,92.10526316,0,0,3495.25994,0.960236247,NA,NA,NA,0.358430303336665,0.305347045175043
15,"BOYACA",15693,"SANTA ROSA DE VITERBO",2024,13452,0.799393633,0.200606367,7916,0.588462682,0.746741,74.6276,43.1217,2.3913,7.8986,8.3333,100,70.26,67.33,79.19666667,84.34300341,0,14.70588235,388.447038,0.028876527,NA,NA,NA,1.96613645720152,1.08726024980563
15,"BOYACA",15696,"SANTA SOFIA",2024,3338,0.919735928,0.080264072,2878,0.86219293,0.940068,94.0068,52.2727,3.351,7.4074,9.3474,89.73,21.35,21.85,44.31,88.72352604,0,33.33333333,176.527126,0.0528841,NA,NA,NA,0.429495331052552,0.357321466634673
15,"BOYACA",15720,"SATIVANORTE",2024,2080,0.872264404,0.127735596,2239,1,0.701657,70.1657,32.7869,3.9711,7.2202,4.3321,100,100,100,100,57.94637018,0,0,39.342542,0.018914684,NA,NA,NA,0.433264823294935,0.359954935187852
15,"BOYACA",15723,"SATIVASUR",2024,1055,0.768089054,0.231910946,1078,1,0.952632,95.2632,75.7576,0,9.0909,7.0707,93.84,27.12,27.12,49.36,100,0,0,76.173671,0.072202532,NA,NA,NA,0.332100579890606,0.286757079695811
15,"BOYACA",15740,"SIACHOQUE",2024,6894,0.925007338,0.074992662,6814,0.988395706,0.922144,92.2144,66.6667,1.7639,3.7263,5.3596,100,13.01,0,37.67,100,0,23.80952381,238.084812,0.034535076,NA,NA,NA,0.510582762738828,0.412495511961477
15,"BOYACA",15753,"SOATA",2024,9285,0.701632576,0.298367424,10658,1,0.910761,91.0761,68.2836,0.8904,4.7228,6.9863,90.76,90.76,66.34,82.62,77.7234978,0,0,468.653833,0.050474295,NA,NA,NA,0.375732172385678,0.318986078404336
15,"BOYACA",15755,"SOCOTA",2024,7460,0.769605513,0.230394487,8416,1,0.991492,99.0838,62.4454,1.4734,6.9186,5.253,100,44.71,44.71,63.14,59.63900727,0,19.60784314,416.213899,0.055792748,NA,NA,NA,0.325146442885621,0.28152297626352
15,"BOYACA",15757,"SOCHA",2024,8424,0.554461734,0.445432412,9447,1,1.126387,112.6387,78.2443,2.7598,6.6941,2.1726,74.44,25.41,25.41,41.75333333,77.92428754,0,9.708737864,1557.733966,0.184916188,NA,NA,NA,0.500821582737251,0.406012679988149
15,"BOYACA",15759,"SOGAMOSO",2024,136725,0.432679953,0.56730038,152540,1,1.090462,108.9102,72.8177,1.9908,7.0842,6.7766,70.7,66.22,67.75,68.22333333,100,0,6.768189509,27286.95739,0.199575479,NA,NA,NA,3.24085174818067,1.44476413307425
15,"BOYACA",15761,"SOMONDOCO",2024,2963,0.896458987,0.103541013,2231,0.752953088,0.860892,86.0892,70.7692,2.5424,11.5819,9.887,56.77,48.9,42.45,49.37333333,90.3064861,0,0,106.708455,0.036013653,NA,NA,NA,0.282402941204002,0.248735615825861
15,"BOYACA",15762,"SORA",2024,3150,0.894513138,0.105486862,2588,0.821587302,0.807512,80.7512,51.9608,0.738,9.0406,4.059,39.15,10.27,10.61,20.01,74.97725205,0,0,106.100267,0.033682624,NA,NA,NA,0.562547591797689,0.446317560915082
15,"BOYACA",15763,"SOTAQUIRA",2024,8132,0.776342412,0.223657588,6425,0.790088539,0.732627,73.2627,32.8467,1.7067,10.8527,3.879,56.89,56.89,56.89,56.89,95.70552147,0,0,585.311179,0.071976289,NA,NA,NA,0.602225269464689,0.47139345640381
15,"BOYACA",15764,"SORACA",2024,6179,0.851001086,0.148998914,6443,1,1.212143,121.2143,99.5495,2.5263,12.5614,10.6667,3.7,3.7,3.7,3.7,100,0,0,781.001263,0.126396061,NA,NA,NA,1.07923259613977,0.73199888147301
15,"BOYACA",15774,"SUSACON",2024,2795,0.939319393,0.060680607,2439,0.872629696,0.593407,59.3407,57.6923,4.6429,8.9286,1.0714,82.54,75.19,38.22,65.31666667,67.23684211,0,0,132.474543,0.047396974,NA,NA,NA,0.28517471547986,0.250894674458708
15,"BOYACA",15776,"SUTAMARCHAN",2024,6304,0.884868421,0.115131579,6080,0.964467005,0.741306,74.1306,47.0297,2.0925,4.8458,6.6079,62.1,21.47,21.47,35.01333333,100,0,0,554.487395,0.087958026,NA,NA,NA,0.766074160108717,0.56875909456662
15,"BOYACA",15778,"SUTATENZA",2024,4257,0.863002232,0.136997768,3584,0.841907447,0.520958,52.0958,40.8696,0.8403,8.4034,5.6022,91.79,10.13,11.79,37.90333333,81.55634159,0,0,473.610547,0.111254533,NA,NA,NA,1.41536907918397,0.881852103247003
15,"BOYACA",15790,"TASCO",2024,6012,0.650704734,0.349295266,5534,0.920492349,0.775614,77.5614,52.0833,1.2397,8.3591,5.5785,100,12.91,12.91,41.94,73.42436975,0,48.7804878,466.943086,0.077668511,NA,NA,NA,0.488693567194974,0.397898934802652
15,"BOYACA",15798,"TENZA",2024,3673,0.837155963,0.162844037,3488,0.949632453,0.748691,74.8691,55.7692,2.0455,3.8636,8.6364,44.22,28.26,28.31,33.59666667,64.71712538,0,0,160.72713,0.043759088,NA,NA,NA,0.635345097742967,0.491853851033242
15,"BOYACA",15804,"TIBANA",2024,9107,0.940823875,0.059176125,7841,0.860986055,0.74553,74.553,49.8141,1.5129,4.5386,4.5386,21.82,9.39,9.39,13.53333333,89.66135905,0,0,253.788025,0.027867358,NA,NA,NA,0.422448349950643,0.352379577009864
15,"BOYACA",15806,"TIBASOSA",2024,13579,0.772915651,0.227084349,8204,0.604168201,0.751815,75.1815,42.6829,3.8829,11.4098,5.5556,100,49.61,73.26,74.29,91.43002028,0,0,13379.24791,0.985289632,NA,NA,NA,3.29232688364887,1.27599105960529
15,"BOYACA",15808,"TINJACA",2024,3552,0.865804067,0.134195933,2705,0.761542793,0.863946,86.3946,50,4.4534,9.5142,10.5263,46.49,19.55,27.34,31.12666667,100,0,0,123.895108,0.03488038,NA,NA,NA,0.491407005815943,0.399719973592683
15,"BOYACA",15810,"TIPACOQUE",2024,3217,0.907675195,0.092324805,3596,1,0.827362,82.7362,60,1.105,5.8932,10.6814,48.6,28.04,17.5,31.38,95.07042254,0,0,125.683116,0.039068423,NA,NA,NA,0.308172156496964,0.268630862491047
15,"BOYACA",15814,"TOCA",2024,8960,0.797948718,0.202051282,9750,1,1.031541,103.1024,67.2078,2.1967,6.9561,6.9038,99.92,48.3,49.05,65.75666667,100,0,0,307.202589,0.034286003,NA,NA,NA,0.690862699020328,0.525238871481162
15,"BOYACA",15816,"TOGUI",2024,4440,0.949549927,0.050450073,4777,1,0.813034,81.3034,60.4317,6.25,8,7.5,46.46,15.27,15.27,25.66666667,100,0,0,186.787822,0.042069329,NA,NA,NA,0.517234623322855,0.416889351111936
15,"BOYACA",15820,"TOPAGA",2024,3720,0.728209934,0.271790066,3201,0.860483871,0.821862,82.1862,36,2.0062,16.6667,4.784,100,71.79,56.29,76.02666667,98.6135182,0,0,546.541227,0.146919685,NA,NA,NA,2.00972168820196,1.1018476120945
15,"BOYACA",15822,"TOTA",2024,5161,0.942801932,0.057198068,5175,1,0.791189,79.1189,53.7572,1.864,9.7588,7.4561,100,100,21.63,73.87666667,72.58495609,0,0,145.870323,0.028263965,NA,NA,NA,0.269318169699784,0.238479882049777
15,"BOYACA",15832,"TUNUNGUA",2024,1570,0.929471033,0.070528967,1588,1,0.891156,89.1156,70.4545,0.7299,7.6642,8.7591,49.32,8.01,8.01,21.78,100,0,0,76.062764,0.04844762,NA,NA,NA,0.312756645729521,0.27212923597171
15,"BOYACA",15835,"TURMEQUE",2024,5756,0.928559103,0.071440897,5795,1,1.060633,106.0633,108.5106,0.9339,6.07,2.8016,79.03,24.99,25.23,43.08333333,100,0,0,151.347781,0.026293916,NA,NA,NA,0.493461741165325,0.401096741449575
15,"BOYACA",15837,"TUTA",2024,8251,0.803693182,0.196306818,7040,0.853229912,1.098575,109.8575,73.1343,2.5112,8.4821,2.6786,26.72,8.29,9.68,14.89666667,100,0,0,6089.319188,0.73800984,NA,NA,NA,1.04709250620083,0.71642049676741
15,"BOYACA",15839,"TUTASA",2024,2021,0.938730853,0.061269147,1828,0.904502721,0.768831,76.8831,44.2623,1.9108,5.7325,4.7771,94.25,35.37,20.57,50.06333333,86.64158043,0,0,47.849668,0.023676234,NA,NA,NA,0.341332439238683,0.293663477557548
15,"BOYACA",15842,"UMBITA",2024,7698,0.933978197,0.065868263,6513,0.846063913,0.709225,70.9225,60.4938,1.167,5.2065,3.4111,80.65,11.92,11.92,34.83,90.98336738,0,20.83333333,218.487276,0.028382343,NA,NA,NA,0.330036836876601,0.28520663874981
15,"BOYACA",15861,"VENTAQUEMADA",2024,16977,0.849153376,0.150846624,14233,0.838369559,0.796192,79.6192,57.2212,2.8286,6.2396,4.2845,100,15.61,21.99,45.86666667,99.27762593,0,14.28571429,969.936798,0.057132403,NA,NA,NA,0.740245133200128,0.55402598445312
15,"BOYACA",15879,"VIRACACHA",2024,2910,0.946946565,0.053053435,2620,0.900343643,0.552727,55.2727,27,1.8576,6.5015,5.5728,59.67,5.55,5.55,23.59,76.15825091,0,0,46.384789,0.01593979,NA,NA,NA,1.36624775463986,0.861305474630161
15,"BOYACA",15897,"ZETAQUIRA",2024,4740,0.919813322,0.080186678,4714,0.994514768,0.853468,85.3468,63.8158,1,6.6167,3.25,41.23,29.62,29.62,33.49,97.39507959,0,0,238.091209,0.050230213,NA,NA,NA,0.326596475942792,0.282616621647771
17,"CALDAS",17001,"MANIZALES",2024,467681,0.282826797,0.717166515,448536,0.959063977,0.733302,73.2574,47.1424,3.0581,9.5082,8.9494,96.13,95.99,95.99,96.03666667,87.09182753,0,10.82543978,98536.39646,0.210691468,NA,NA,NA,4.73968198253261,1.74740380505667
17,"CALDAS",17013,"AGUADAS",2024,22674,0.750220148,0.249779852,22712,1,0.799738,79.9738,53.411,3.2389,5.6369,2.5537,40.69,40.69,40.69,40.69,100,0,0,1426.141021,0.062897637,NA,NA,NA,0.436207207159705,0.362005754896016
17,"CALDAS",17042,"ANSERMA",2024,37428,0.780007422,0.219964034,35033,0.936010473,0.741903,74.1903,43.6677,3.8104,9.681,4.7408,59.01,53.51,62.67,58.39666667,86.22059758,0,21.27659574,1905.719203,0.050916939,NA,NA,NA,0.813731311804552,0.595386221540601
17,"CALDAS",17050,"ARANZAZU",2024,10820,0.785167359,0.214832641,13713,1,0.879384,87.9384,62.5828,3.2999,5.5392,3.0642,58.06,41.21,41.48,46.91666667,88.72778297,0,0,690.709157,0.063836336,NA,NA,NA,0.508266252576676,0.410960814064979
17,"CALDAS",17088,"BELALCAZAR",2024,10467,0.812421032,0.187578968,10289,0.982994172,0.800099,80.0099,39.9351,5.0807,10.0418,4.8416,97.06,33.64,35.39,55.36333333,100,0,12.19512195,608.158615,0.058102476,NA,NA,NA,0.874228125593962,0.628196908314633
17,"CALDAS",17174,"CHINCHINA",2024,51007,0.567792148,0.432207852,60774,1,0.850372,85.0132,51.584,5.5306,9.9505,6.5797,98.18,95.79,97.42,97.13,94.30241052,340.1360544,3.401360544,8631.036535,0.169212785,NA,NA,NA,0.97754710344782,0.681857240071471
17,"CALDAS",17272,"FILADELFIA",2024,11182,0.835283727,0.164716273,9058,0.810051869,0.576781,57.6781,33.3333,4.6369,11.1986,6.5617,37,37,42.7,38.9,80.48935494,0,0,407.414054,0.036434811,NA,NA,NA,0.470390047181497,0.385527703813391
17,"CALDAS",17380,"LA DORADA",2024,72044,0.640634228,0.359365772,77890,1,0.779545,77.9322,45.3917,4.4088,10.1156,9.1039,84.47,84.66,64.66,77.93,80.83462133,0,14.92537313,9418.847653,0.130737433,NA,NA,NA,0.385668761737258,0.326182883559818
17,"CALDAS",17388,"LA MERCED",2024,5844,0.81554145,0.18445855,5199,0.88963039,0.801262,80.1262,48.4472,3.9092,6.4313,9.4578,27.79,19.67,45.92,31.12666667,79.63420662,0,0,198.293861,0.033931188,NA,NA,NA,0.594431884609572,0.466517487590033
17,"CALDAS",17433,"MANZANARES",2024,18375,0.845374399,0.154625601,17468,0.950639456,0.729612,72.9612,52.1236,2.2718,7.14,3.6511,41.07,31.38,51.79,41.41333333,82.78074866,0,13.51351351,1197.896163,0.065191628,NA,NA,NA,0.452037618209665,0.372967823924898
17,"CALDAS",17442,"MARMATO",2024,9394,0.653184249,0.346815751,10285,1,1.027699,102.7699,43.0189,3.0526,8.4737,3.9474,93.73,31.77,49.71,58.40333333,100,0,10.30927835,1920.2417,0.204411507,NA,NA,NA,0.657447856237763,0.505278983299626
17,"CALDAS",17444,"MARQUETALIA",2024,13619,0.879566497,0.120361731,13933,1,0.862151,86.2151,67.4419,3.3683,7.4803,4.3745,91.11,35.47,86.59,71.05666667,100,0,23.25581395,499.004764,0.036640338,NA,NA,NA,0.423691066701143,0.35325284191193
17,"CALDAS",17446,"MARULANDA",2024,2685,0.788772598,0.211227402,2102,0.782867784,0.623608,62.3608,40,2.9703,3.6304,1.9802,43.38,43.55,41.23,42.72,97.82345828,0,0,111.609614,0.041567826,NA,NA,NA,0.19764732988962,0.180359073958278
17,"CALDAS",17486,"NEIRA",2024,21568,0.717958039,0.282041961,19256,0.892804154,0.831255,83.1255,52.2998,3.7967,8.0733,1.6088,99.99,58.17,44.5,67.55333333,81.31763812,0,0,1963.523625,0.091038744,NA,NA,NA,0.518507560694451,0.417727984545898
17,"CALDAS",17495,"NORCASIA",2024,6171,0.801533604,0.198466396,6651,1,0.889776,88.9776,65.6863,2.3749,7.3791,7.2943,82.66,56.51,64.44,67.87,100,0,14.92537313,893.765619,0.144833191,NA,NA,NA,0.337100012863306,0.2899920061241
17,"CALDAS",17513,"PACORA",2024,15748,0.760110161,0.239889839,13798,0.876174752,0.767833,76.7833,49.3333,3.8889,7,2.6667,64.58,50.22,51.26,55.35333333,99.63144963,0,0,668.977016,0.042480125,NA,NA,NA,0.56699307087335,0.449158541458141
17,"CALDAS",17524,"PALESTINA",2024,16059,0.760625379,0.239374621,13176,0.8204745,0.876999,87.6999,51.0843,3.8747,9.934,7.3784,82.44,43.79,82.57,69.6,96.52363925,0,0,617.273574,0.038437859,NA,NA,NA,0.884806604340951,0.63382521846992
17,"CALDAS",17541,"PENSILVANIA",2024,20493,0.815684585,0.184315415,18566,0.905967891,0.7726,77.26,54.7069,3.5531,5.2272,4.2023,38.14,26.63,29.79,31.52,78.0639683,0,8.928571429,1154.914578,0.05635654,NA,NA,NA,0.2909753447707,0.255398013905766
17,"CALDAS",17614,"RIOSUCIO",2024,52440,0.803570442,0.196411135,54279,1,0.867512,86.7512,69.5467,2.0381,4.9829,4.8915,99.99,63.29,97.2,86.82666667,100,0,13.77410468,2281.110196,0.043499432,NA,NA,NA,0.349020145015494,0.299378510409517
17,"CALDAS",17616,"RISARALDA",2024,11157,0.817046289,0.182953711,10888,0.975889576,0.796797,79.6797,45.1827,6.4111,9.6497,6.5433,100,56.32,100,85.44,100,0,14.08450704,697.933003,0.062555616,NA,NA,NA,0.722652883032541,0.543865476444581
17,"CALDAS",17653,"SALAMINA",2024,19511,0.716161793,0.283838207,17133,0.878120035,0.618438,61.7782,46.2598,2.2478,6.7433,2.2478,65.99,47.86,48.22,54.02333333,71.73533084,0,0,1024.306556,0.052498927,NA,NA,NA,0.422791046194607,0.352620467984512
17,"CALDAS",17662,"SAMANA",2024,21128,0.892829532,0.107170468,20696,0.9795532,0.79727,79.727,59.5238,2.454,6.0736,3.5583,41.82,19.56,23.93,28.43666667,92.33555491,0,23.80952381,668.679672,0.031648981,NA,NA,NA,0.330924279596835,0.285873647935057
17,"CALDAS",17665,"SAN JOSE DE CALDAS",2024,5002,0.845913354,0.154086646,4478,0.895241903,0.926342,92.6342,60.5042,1.9455,8.5603,2.9831,31.36,25.66,25.99,27.67,100,0,27.02702703,407.581527,0.081483712,NA,NA,NA,0.739234835484756,0.551665578946338
17,"CALDAS",17777,"SUPIA",2024,31325,0.719800109,0.280199891,31217,0.996552275,0.847068,84.7068,57.0186,3.1496,6.6929,4.4465,91.36,55.46,57.11,67.97666667,100,0,9.174311927,1760.708562,0.056207775,NA,NA,NA,1.35426188460663,0.856227253545079
17,"CALDAS",17867,"VICTORIA",2024,10927,0.791542229,0.208457771,8371,0.766084012,0.719769,71.9769,49.6644,4.8225,9.712,3.282,59.92,56.85,59.59,58.78666667,98.09564113,0,0,577.785225,0.052876839,NA,NA,NA,0.357372043998708,0.305550509818848
17,"CALDAS",17873,"VILLAMARIA",2024,72649,0.53363864,0.466328413,30352,0.417789646,0.827054,81.803,50.3007,3.269,8.873,6.4757,91.01,72.91,73.79,79.23666667,89.9110617,0,5.763688761,5441.71734,0.074904229,NA,NA,NA,0.660053415877059,0.506849780089935
17,"CALDAS",17877,"VITERBO",2024,12728,0.629914596,0.370085404,12997,1,0.868069,86.7591,43.6997,3.2662,11.1051,6.9679,91.96,86.51,92.18,90.21666667,100,0,14.08450704,942.485946,0.074048236,NA,NA,NA,0.620823497827764,0.4829343520798
18,"CAQUETA",18001,"FLORENCIA",2024,184170,0.715128134,0.284861619,195186,1,0.907823,90.6944,40.864,5.9342,11.2276,9.4933,73.85,72.68,67.87,71.46666667,88.38412077,0,8.420009906,27652.89317,0.150148738,NA,NA,NA,0.52562929048005,0.422406974438102
18,"CAQUETA",18029,"ALBANIA",2024,4833,0.916842307,0.083157693,5219,1,0.741788,74.1788,28.1915,6.6589,6.1916,5.0234,96.95,70.22,81.95,83.04,58.0539119,0,22.72727273,180.154842,0.037275986,NA,NA,NA,0.329319502800075,0.284667159265079
18,"CAQUETA",18094,"BELEN DE LOS ANDAQUIES",2024,11371,0.91333964,0.08666036,10570,0.929557647,0.685094,68.5094,25.4,6.1244,11.4299,5.6459,99.8,99.35,100,99.71666667,89.28317956,0,0,240.643704,0.021162932,NA,NA,NA,0.273518524422083,0.241783561403103
18,"CAQUETA",18150,"CARTAGENA DEL CHAIRA",2024,32224,0.953523406,0.046476594,35846,1,0.853673,85.2488,24.8097,8.7565,9.8214,4.2383,68.6033333333333,63.09,67.2333333333333,66.30888889,48.9563921,0,22.12389381,1300.57096,0.04036032,NA,NA,NA,0.294071323921693,0.257793313510019
18,"CAQUETA",18205,"CURILLO",2024,7783,0.949766911,0.050233089,10511,1,0.802372,80.2372,33.1269,7.8281,9.8235,6.0035,26.81,26.81,26.81,26.81,73.60248447,0,0,300.665383,0.03863104,NA,NA,NA,0.291320426057417,0.255665280957565
18,"CAQUETA",18247,"EL DONCELLO",2024,19817,0.890607424,0.109345707,21336,1,0.745317,74.5094,41.5894,5.4238,8.1209,3.7937,63.52,63.52,63.52,63.52,60.57476426,0,11.9047619,1105.957459,0.055808521,NA,NA,NA,0.324476926104151,0.281017608743325
18,"CAQUETA",18256,"EL PAUJIL",2024,18838,0.936916034,0.063083966,15947,0.846533602,0.548133,54.8133,19.7497,7.802,12.3168,6.2574,68.71,68.71,68.71,68.71,36.59231134,0,7.194244604,476.840899,0.025312714,NA,NA,NA,0.35720669902915,0.30542868983467
18,"CAQUETA",18410,"LA MONTANITA",2024,15382,0.946962709,0.053037291,15178,0.986737745,0.664206,66.4206,22.4165,6.8339,9.7747,4.9437,25.65,25.65,25.65,25.65,55.80614203,0,8,220.922132,0.01436238,NA,NA,NA,0.337821918390302,0.291042857474595
18,"CAQUETA",18460,"MILAN",2024,10177,0.954109108,0.045890892,8542,0.839343618,0.633715,63.3715,19.1344,4.7545,15.6589,11.5245,10.55,23.74,23.74,19.34333333,51.82459368,0,11.76470588,229.83618,0.022583883,NA,NA,NA,0.295884606779533,0.259193555987212
18,"CAQUETA",18479,"MORELIA",2024,3807,0.916430595,0.083569405,4236,1,0.686369,68.6369,14.4928,10.2773,12.0718,14.0294,63.75,42.33,42.33,49.47,84.53125,0,46.51162791,198.455357,0.052129067,NA,NA,NA,0.319051618069439,0.276913007214668
18,"CAQUETA",18592,"PUERTO RICO",2024,27339,0.926892856,0.073107144,27617,1,0.71857,71.857,28.2118,5.5663,8.2784,3.8984,94.88,90.93,96.3,94.03666667,73.22087507,0,4.115226337,634.569475,0.023211144,NA,NA,NA,0.302914095662984,0.264603367851921
18,"CAQUETA",18610,"SAN JOSE DE FRAGUA",2024,13229,0.939656926,0.060343074,14749,1,0.80618,80.618,33.6134,6.9059,10.9682,8.3277,76.95,62.14,100,79.69666667,74.62068966,0,0,369.118956,0.027902257,NA,NA,NA,0.252378814663268,0.225044794535973
18,"CAQUETA",18753,"SAN VICENTE DEL CAGUAN",2024,52473,0.910071125,0.089928875,61582,1,0.93994,93.91,35.6762,7.8039,10.2175,6.2299,80.62,62.01,80.32,74.31666667,100,0,4.813477738,4322.719509,0.082379881,NA,NA,NA,0.291363342837475,0.255698515208369
18,"CAQUETA",18756,"SOLANO",2024,10830,0.956313928,0.043686072,10461,0.965927978,0.726083,72.6083,12.3752,6.6556,11.2443,3.6792,78.24,67.72,68.9,71.62,78.53846154,0,7.246376812,345.135689,0.031868485,NA,NA,NA,0.275184811161313,0.243091118036605
18,"CAQUETA",18785,"SOLITA",2024,6398,0.961917126,0.038082874,9243,1,0.779736,77.9736,29.1045,5.4095,11.1111,8.565,47.68,47.68,47.68,47.68,38.91891892,0,0,280.632705,0.043862567,NA,NA,NA,0.288095850104748,0.253125369858781
18,"CAQUETA",18860,"VALPARAISO",2024,7156,0.94264085,0.05735915,6869,0.959893795,0.627894,62.7894,19.764,5,10.9524,5.2381,13.07,13.07,13.07,13.07,88.16326531,0,0,242.017133,0.03382017,NA,NA,NA,0.305265124393386,0.266406180595068
19,"CAUCA",19001,"POPAYAN",2024,348444,0.577652895,0.42233836,343078,0.984600108,1.067949,106.6688,67.284,3.3828,7.0602,4.6416,76.9,73.29,76.98,75.72333333,100,35.14938489,5.272407733,59108.86576,0.16963663,NA,NA,NA,3.44570814148812,1.49193916819791
19,"CAUCA",19022,"ALMAGUER",2024,18432,0.954717188,0.045282812,18263,0.990831163,0.573263,57.3263,30.2694,2.2381,5.381,5.4286,90.25,85.94,50.39,75.52666667,58.48257502,0,9.433962264,252.985385,0.013725336,NA,NA,NA,0.315485840520184,0.274206057867637
19,"CAUCA",19050,"ARGELIA",2024,27464,0.9742941,0.0257059,29643,1,0.926397,92.6028,25.9494,4.7682,8.6866,4.9755,81.53,57.67,44.37,61.19,83.30138445,386.1003861,11.58301158,260.798156,0.009496,NA,NA,NA,0.317935144429867,0.276066227304991
19,"CAUCA",19075,"BALBOA",2024,22220,0.971837587,0.028162413,23471,1,0.767324,76.7324,26.6043,5.2862,10.0175,6.0456,73.43,51.59,35.78,53.6,61.1413372,0,16.30434783,220.292604,0.009914159,NA,NA,NA,0.297119471592773,0.260146014887599
19,"CAUCA",19100,"BOLIVAR",2024,38005,0.948796648,0.051203352,41052,1,0.744587,74.4587,42.6966,2.3491,4.111,3.5642,5.18,5.28,5.25,5.236666667,76.37053697,0,10.81081081,747.318629,0.019663692,NA,NA,NA,0.335438254275621,0.289259518336277
19,"CAUCA",19110,"BUENOS AIRES",2024,33003,0.945367471,0.054632529,27145,0.822500985,0.653515,65.3515,26.88,1.8846,8.4808,3.75,61.4,18.41,14.89,31.56666667,65.13642269,0,4.739336493,507.261105,0.015370151,NA,NA,NA,0.452884431182294,0.373550843353452
19,"CAUCA",19130,"CAJIBIO",2024,45786,0.959183673,0.040816327,37436,0.817629843,0.716248,71.6136,30.9385,3.0011,7.6087,5.6959,41.9,5.3,3.69,16.96333333,76.78692069,0,3.115264798,1073.893276,0.023454621,NA,NA,NA,0.405548350222977,0.340427511500596
19,"CAUCA",19137,"CALDONO",2024,43991,0.945052303,0.054947697,41585,0.945306995,0.915296,91.5197,37.1626,2.1765,11.6801,9.0156,88.12,9.35,9.35,35.60666667,77.90679305,0,11.09057301,730.142071,0.016597533,NA,NA,NA,0.461747512639958,0.37963264644056
19,"CAUCA",19142,"CALOTO",2024,31061,0.839027854,0.160972146,25346,0.816007212,0.876557,87.6557,50.887,2.744,8.5273,6.6863,77.87,36.22,23.57,45.88666667,93.89874008,0,8.26446281,12388.76051,0.398852597,NA,NA,NA,1.62960677026847,0.966834318002703
19,"CAUCA",19212,"CORINTO",2024,27157,0.859690804,0.140309196,29884,1,0.883236,88.3236,44.6653,3.1996,4.645,3.8571,58.98,57.21,61.48,59.22333333,100,0,4.424778761,281.868323,0.010379214,NA,NA,NA,0.93648996349303,0.660877037151612
19,"CAUCA",19256,"EL TAMBO",2024,57546,0.953341944,0.046658056,49552,0.861085045,0.778896,77.8896,36.7849,4.7589,7.8954,3.9492,89.11,15.58,8.39,37.69333333,74.02431504,0,2.638522427,610.786609,0.010613885,NA,NA,NA,0.312632413889066,0.272034597167535
19,"CAUCA",19290,"FLORENCIA",2024,5213,0.961044984,0.038955016,6469,1,0.873807,87.3807,45.0292,5.6689,9.5238,5.7823,95.87,55.36,55.36,68.86333333,70.34753363,0,19.60784314,123.530911,0.023696703,NA,NA,NA,0.512686967768564,0.413887518336744
19,"CAUCA",19300,"GUACHENE",2024,20320,0.645487627,0.354512373,13740,0.676181102,0.730366,73.0366,35.2601,1.7017,8.8755,3.0364,92.9,25.89,61.12,59.97,83.69481022,0,10.58201058,13233.79002,0.651269194,NA,NA,NA,2.10485782072664,1.08057382292331
19,"CAUCA",19318,"GUAPI",2024,29275,0.897249253,0.102750747,26102,0.891614005,0.743691,74.3691,19.291,1.9251,14.7888,2.1639,32.98,22.5,61.95,39.14333333,79.51230629,540.5405405,21.62162162,489.974857,0.016736972,NA,NA,NA,0.240315696257637,0.215365940969614
19,"CAUCA",19355,"INZA",2024,29139,0.939940352,0.060059648,29171,1,0.868619,86.8619,40.6497,2.27,11.8726,7.9375,18.82,5.69,14.12,12.87666667,93.32417873,0,9.090909091,831.512898,0.028536082,NA,NA,NA,0.326837189165063,0.28279805691491
19,"CAUCA",19364,"JAMBALO",2024,19163,0.937284668,0.062715332,18576,0.969368053,0.732496,73.2496,42.0028,2.4034,6.1803,4.8069,47.61,47.61,47.61,47.61,79.79596363,0,5.952380952,163.413777,0.008527568,NA,NA,NA,0.375759907415348,0.319006238396709
19,"CAUCA",19392,"LA SIERRA",2024,11305,0.940963144,0.059036856,11857,1,0.808686,80.8686,43.4921,1.7677,7.702,3.7879,49.13,14.46,14.32,25.97,100,0,17.85714286,309.005342,0.027333511,NA,NA,NA,0.344498940387013,0.296021408617147
19,"CAUCA",19397,"LA VEGA",2024,24423,0.941107587,0.058892413,20495,0.839167997,0.496659,49.6659,24.781,4.1442,10.6092,5.5118,58.31,20.25,4.82,27.79333333,67.20969504,0,0,400.665487,0.016405253,NA,NA,NA,0.30165088024663,0.263633366698496
19,"CAUCA",19418,"LOPEZ DE MICAY",2024,19491,0.963733952,0.036266048,13787,0.707352111,0.831779,83.1779,22.2628,3.4521,14.8549,8.4649,86.45,49.79,65.18,67.14,100,0,16.66666667,46.38,0.00237956,NA,NA,NA,0.23813668824945,0.213607578708361
19,"CAUCA",19450,"MERCADERES",2024,25765,0.955191003,0.044808997,17251,0.669551717,0.522596,52.2356,31.2248,3.8511,8.6826,4.9636,94.28,56.09,44.37,64.91333333,48.21174952,0,0,171.464409,0.006654935,NA,NA,NA,0.340790968607053,0.293259714898901
19,"CAUCA",19455,"MIRANDA",2024,32570,0.692030267,0.307969733,28282,0.868345103,0.884219,88.4051,51.958,2.63,6.9337,7.7505,56.62,50.95,56.48,54.68333333,77.67175573,0,0,8917.906373,0.27380738,NA,NA,NA,0.912226148227295,0.648268085996432
19,"CAUCA",19473,"MORALES",2024,44523,0.949209363,0.050790637,33707,0.75706938,0.73476,73.3752,30.3221,3.3271,8.8819,6.2545,70.5928571428571,23.3971428571429,23.0871428571429,39.0257142857143,56.02787011,0,2.262443439,629.007649,0.014127701,NA,NA,NA,0.322642687557615,0.279631771223455
19,"CAUCA",19513,"PADILLA",2024,10541,0.788384845,0.211615155,8024,0.761218101,0.705882,70.5882,36.6569,1.9822,11.62,6.1517,42.47,28.68,42.48,37.87666667,65.81010453,0,0,98.913447,0.009383687,NA,NA,NA,1.14024641768887,0.760920970857428
19,"CAUCA",19517,"PAEZ",2024,52403,0.93816034,0.06183966,39279,0.749556323,0.703215,70.3215,23.7546,4.0477,12.968,10.8984,79.71,42.35,31.28,51.11333333,70.96102598,0,12.02749141,803.551018,0.015334065,NA,NA,NA,0.316736520863584,0.27515634265806
19,"CAUCA",19532,"PATIA (EL BORDO)",2024,38915,0.906458368,0.093541632,36294,0.932648079,0.756231,75.6231,34.7556,3.0881,8.9918,5.9946,38.92,38.92,38.92,38.92,66.24710502,0,12.12121212,1008.192012,0.025907542,NA,NA,NA,0.356911194741708,0.305210936369143
19,"CAUCA",19533,"PIAMONTE",2024,9705,0.942583228,0.057416772,9492,0.97805255,0.73237,73.237,18.883,3.4714,10.0784,18.0291,96.26,52.5,52.5,67.08666667,48.57730545,0,11.76470588,493.073555,0.050806137,NA,NA,NA,0.31492871818573,0.271611138838133
19,"CAUCA",19548,"PIENDAMO",2024,42676,0.850533808,0.149466192,42712,1,0.887557,88.7557,42.7099,2.775,7.2501,4.9492,59.48,29.12,30.12,39.57333333,95.91836735,0,16.99716714,2320.899878,0.054384194,NA,NA,NA,0.68306121908056,0.520614289520711
19,"CAUCA",19573,"PUERTO TEJADA",2024,43471,0.50404289,0.49595711,56890,1,1.03192,103.1794,59.3912,2.2942,9.3913,4.892,98.09,97.06,95.84,96.99666667,100,241.5458937,19.3236715,10202.97058,0.23470752,NA,NA,NA,3.54472027422259,1.51396617990981
19,"CAUCA",19585,"PURACE",2024,18062,0.927459386,0.072540614,17728,0.981508139,0.702005,70.2005,32.7332,3.4368,10.8936,7.8344,34.24,34.01,33.87,34.04,89.01888342,0,16.52892562,702.721924,0.038906097,NA,NA,NA,0.271446333898788,0.240155098067387
19,"CAUCA",19622,"ROSAS",2024,12028,0.930841121,0.069158879,10700,0.889590954,0.697054,69.7054,41.8182,2.5964,6.0831,4.451,45.64,6.96,6.96,19.85333333,62.93962187,0,0,340.77784,0.028332045,NA,NA,NA,0.32515742691545,0.281531265146885
19,"CAUCA",19693,"SAN SEBASTIAN",2024,10813,0.932196425,0.067803575,9734,0.900212707,0.519618,51.9618,31.5934,2.2535,6.5604,3.662,47.04,10.5,3,20.18,63.64174393,0,0,127.699225,0.011809787,NA,NA,NA,0.239889807248665,0.215022510546162
19,"CAUCA",19698,"SANTANDER DE QUILICHAO",2024,126198,0.691026499,0.308957378,124043,0.98292366,0.968448,96.8209,54.9383,3.4835,7.9489,6.9344,86.98,80.14,80.13,82.41666667,100,0,6.849315068,13288.79492,0.105301153,NA,NA,NA,1.3036870874519,0.834510920872371
19,"CAUCA",19701,"SANTA ROSA",2024,5328,0.91199249,0.08800751,4261,0.799737237,0.771403,77.1403,35.2332,5.8635,7.6759,7.1429,96.04,73.21,76.24,81.83,91.86220669,0,0,213.292607,0.040032396,NA,NA,NA,0.235650517255319,0.211597566023647
19,"CAUCA",19743,"SILVIA",2024,39887,0.925049887,0.074950113,37585,0.942286961,0.699857,69.9857,31.5942,2.4185,8.8146,5.8075,31.64,21.4,20.26,24.43333333,73.01355172,315.4574132,12.61829653,296.468255,0.007432704,NA,NA,NA,0.462584007758601,0.380204739676654
19,"CAUCA",19760,"SOTARA",2024,14596,0.902750315,0.097249685,11126,0.762263634,0.489113,48.9113,26.4444,2.0817,6.9391,4.3177,43.23,13.74,13.74,23.57,65.82576522,0,0,59.177274,0.004054349,NA,NA,NA,0.499711335564571,0.40527264663169
19,"CAUCA",19780,"SUAREZ",2024,37158,0.952449192,0.047550808,23028,0.619731955,0.640068,64.0068,24.9153,3.8247,8.559,4.3829,67.69,36.23,29.99,44.63666667,58.9010989,0,20.06688963,954.412929,0.025685261,NA,NA,NA,0.302370938989245,0.264186402587557
19,"CAUCA",19785,"SUCRE",2024,9756,0.961766645,0.038233355,7585,0.777470275,0.437788,43.7788,22.8659,3.4696,4.3371,4.8327,14.78,14.78,14.78,14.78,71.73219979,0,23.25581395,119.598725,0.012258992,NA,NA,NA,0.330797022034231,0.28566625757774
19,"CAUCA",19807,"TIMBIO",2024,38572,0.881964117,0.118035883,33888,0.878564762,0.823453,82.3453,43.2904,3.6945,7.4833,6.4319,77.66,29.17,29.17,45.33333333,85.93648736,0,7.380073801,568.657972,0.014742766,NA,NA,NA,0.521190577338702,0.419493302823689
19,"CAUCA",19809,"TIMBIQUI",2024,29010,0.948967416,0.051032584,21790,0.751120303,0.698795,69.8664,15.3915,2.0267,18.9433,10.3738,69.52,43.7,69.56,60.92666667,94.68139122,0,22.05882353,231.998548,0.007997192,NA,NA,NA,0.242274162331293,0.216943701769009
19,"CAUCA",19821,"TORIBIO",2024,39282,0.949924169,0.050075831,36265,0.923196375,0.722676,72.2676,35.4527,4.6425,6.7923,4.9229,63.81,58.24,57.07,59.70666667,82.20200182,234.741784,16.43192488,613.857637,0.015626945,NA,NA,NA,1.66066688602477,0.978576800403218
19,"CAUCA",19824,"TOTORO",2024,27100,0.932443293,0.067556707,22396,0.826420664,0.638804,63.8636,27.622,3.4921,10.5513,9.2542,87.53,36.98,22.12,48.87666667,81.77019894,0,24.79338843,749.223694,0.027646631,NA,NA,NA,0.982424804506709,0.547104914871491
19,"CAUCA",19845,"VILLA RICA",2024,23298,0.667703215,0.332296785,16079,0.690145077,0.755961,75.5961,37.4627,3.6714,9.96,8.5423,99.43,67,78.89,81.77333333,85.9080633,0,5.952380952,20296.43768,0.871166524,NA,NA,NA,2.00275448319804,1.06117932258399
20,"CESAR",20001,"VALLEDUPAR",2024,601259,0.670805842,0.329190745,585946,0.974531774,0.852902,84.9502,44.5081,4.0338,8.6266,7.2897,89.25,88.27,95.35,90.95666667,5.088782118,0,10.73201986,91908.24252,0.152859654,NA,NA,NA,0.929819424401459,0.657426436053261
20,"CESAR",20011,"AGUACHICA",2024,132237,0.766471148,0.233528852,126160,0.954044632,0.803594,80.2339,40.508,4.0757,9.6633,8.5373,93.89,93.89,94.26,94.01333333,62.96687808,149.9250375,5.247376312,9041.786445,0.068375617,NA,NA,NA,1.00999182492763,0.698130654862529
20,"CESAR",20013,"CODAZZI",2024,67850,0.814041166,0.185958834,78512,1,1.002177,100.0933,37.9839,5.705,10.8122,6.8156,81.82,74.36,83.04,79.74,58.4438867,101.2145749,18.21862348,7345.041291,0.108254109,NA,NA,NA,0.77728757180081,0.573404259304663
20,"CESAR",20032,"ASTREA",2024,22144,0.936095351,0.063904649,22737,1,0.842586,84.2586,37.033,6.6309,12.2031,4.9253,83.57,68.35,65.07,72.33,74.57786116,0,20.74688797,638.052631,0.028813793,NA,NA,NA,0.490715141582887,0.399255965606912
20,"CESAR",20045,"BECERRIL",2024,26931,0.912951355,0.087048645,22654,0.841186736,0.934505,93.3734,34.2235,5.4209,11.1857,5.8631,89.39,89.39,77.45,85.41,27.92275574,0,7.380073801,3836.114219,0.142442324,NA,NA,NA,0.674227151595778,0.515351656765986
20,"CESAR",20060,"BOSCONIA",2024,47690,0.793707166,0.206292834,52091,1,0.837053,83.4612,34.6555,7.2994,11.0102,7.7534,96.04,96.04,95.14,95.74,26.52329749,327.8688525,16.39344262,4829.314262,0.101264715,NA,NA,NA,0.794193923397463,0.58455585333398
20,"CESAR",20175,"CHIMICHAGUA",2024,37732,0.937903742,0.062096258,34366,0.910791901,0.83717,83.6768,37.757,4.319,9.1429,6.3383,65.74,33.98,30.31,43.34333333,27.26589885,294.9852507,2.949852507,1139.309249,0.030194775,NA,NA,NA,0.348845418511846,0.299248980972429
20,"CESAR",20178,"CHIRIGUANA",2024,32424,0.85152532,0.14847468,32780,1,0.907744,90.6943,41.3502,5.6334,8.9717,4.3219,100,100,100,100,36.89382611,0,2.72479564,4933.376757,0.15215201,NA,NA,NA,0.498879490663619,0.404717822735735
20,"CESAR",20228,"CURUMANI",2024,44811,0.896296459,0.103703541,45389,1,0.843296,84.1248,38.5965,5.6714,7.1127,4.734,58.3,52.97,57.05,56.10666667,39.93955095,204.4989775,14.31492843,2491.095951,0.055591171,NA,NA,NA,0.52682679994476,0.42319159475084
20,"CESAR",20238,"EL COPEY",2024,34776,0.819870712,0.180100169,34342,0.987520129,0.889885,88.7704,36.0059,6.9823,10.6699,8.5512,80.25,78.6,80.25,79.7,70.90196078,0,14.42307692,3987.614391,0.1146657,NA,NA,NA,0.531068234297288,0.425965684132624
20,"CESAR",20250,"EL PASO",2024,45704,0.730027738,0.269972262,43623,0.95446788,0.954733,95.2717,44.7849,6.6544,9.039,4.8507,100,100,100,100,26.507632,0,6.700167504,12597.54166,0.275633241,NA,NA,NA,0.880347992005843,0.63145686184334
20,"CESAR",20295,"GAMARRA",2024,16058,0.914668494,0.085331506,13137,0.818096899,0.615864,61.5864,27.1973,4.5312,10.9865,9.0624,100,78.34,84.65,87.66333333,43.38672769,0,0,994.426659,0.06192718,NA,NA,NA,0.537903754788712,0.430420290964572
20,"CESAR",20310,"GONZALEZ",2024,4928,0.960045924,0.039954076,4355,0.883725649,0.73706,73.706,26.4706,5.7487,13.3511,10.5615,96.87,94.84,89.83,93.84666667,39.50811094,0,0,88.234451,0.017904718,NA,NA,NA,0.423234827874894,0.352932328595427
20,"CESAR",20383,"LA GLORIA",2024,19514,0.87833935,0.12166065,13850,0.709746848,0.734836,73.4836,38.5694,5.7495,8.8802,6.1108,78.08,78.08,97.72,84.62666667,48.74971841,0,7.575757576,6142.687147,0.314783599,NA,NA,NA,0.461562264757249,0.379505907985136
20,"CESAR",20400,"LA JAGUA DE IBIRICO",2024,58996,0.716898041,0.283101959,47686,0.808292088,0.784224,78.3922,33.052,4.8846,8.9284,6.9424,55.43,53.45,30.08,46.32,45.22364217,0,19.10828025,18260.88988,0.309527593,NA,NA,NA,0.684484878088413,0.51717544711502
20,"CESAR",20443,"MANAURE BALCON DEL CESAR",2024,11548,0.937516204,0.062483796,11571,1,0.9342,93.42,47.3568,3.8447,9.6117,5.2672,84.74,84.75,84.75,84.74666667,94.63414634,0,0,1173.025675,0.101578254,NA,NA,NA,0.696378605499795,0.528495746831505
20,"CESAR",20517,"PAILITAS",2024,21068,0.927794386,0.072205614,24084,1,0.751843,75.1638,40.3129,3.469,6.68,6.336,60.58,60.58,60.29,60.48333333,57.11583924,990.0990099,4.95049505,1902.222209,0.090289643,NA,NA,NA,0.538743088994891,0.43096590719524
20,"CESAR",20550,"PELAYA",2024,24204,0.884865861,0.115134139,24415,1,0.840608,84.0608,42.3326,5.4083,7.1184,8.8286,85.92,85.92,85.92,85.92,66.19448698,425.5319149,8.510638298,673.305044,0.027817924,NA,NA,NA,0.425631866043095,0.354615130208422
20,"CESAR",20570,"PUEBLO BELLO",2024,33724,0.97478446,0.02521554,38508,1,0.753088,75.3088,18.2156,4.3396,12.4729,8.3266,65.27,60.38,52.35,59.33333333,25.05129257,342.4657534,34.24657534,775.143019,0.022984907,NA,NA,NA,0.603794709293255,0.465467098730253
20,"CESAR",20614,"RIO DE ORO",2024,19390,0.949180179,0.050819821,11039,0.569314079,0.812128,81.2128,35.0629,7.7331,10.3524,3.773,54.94,82.89,92.77,76.86666667,61.96688409,952.3809524,19.04761905,469.464041,0.024211658,NA,NA,NA,0.489878477141503,0.39869455766582
20,"CESAR",20621,"LA PAZ  ROBLES",2024,32751,0.942308415,0.057691585,26607,0.812402675,0.874884,87.4618,40.768,6.3043,8.6684,5.0981,77.06,77.06,77.06,77.06,100,373.1343284,3.731343284,5263.023796,0.16069811,NA,NA,NA,0.789384278204101,0.579891859477103
20,"CESAR",20710,"SAN ALBERTO",2024,31199,0.600727295,0.399272705,32449,1,0.785041,78.4433,32.6435,5.9521,11.663,9.3706,99.3,99.32,99.28,99.3,100,0,10.86956522,1962.762587,0.062911074,NA,NA,NA,0.40823787648056,0.342339189830055
20,"CESAR",20750,"SAN DIEGO",2024,23324,0.940818447,0.059181553,20209,0.866446579,0.882981,88.1133,31.4028,6.5324,10.609,6.3605,85.4,85.4,85.4,85.4,68.192,0,8.658008658,528.002025,0.022637713,NA,NA,NA,0.663087797312596,0.508675993352744
20,"CESAR",20770,"SAN MARTIN",2024,33351,0.749944126,0.250055874,26846,0.804953375,0.788585,78.8002,30.1205,3.3816,10.3978,6.8535,99.22,97.54,93.42,96.72666667,97.1448965,0,14.08450704,9111.490821,0.273199929,NA,NA,NA,0.652133968424081,0.50206776649849
20,"CESAR",20787,"TAMALAMEQUE",2024,16871,0.928796425,0.071203575,13651,0.809139944,0.881765,88.1765,38.3164,4.2537,8.2836,5.1493,62.73,62.57,33.37,52.89,33.12601406,0,6.578947368,682.164983,0.040434176,NA,NA,NA,0.470717343201884,0.385750270335653
23,"CORDOBA",23001,"MONTERIA",2024,563597,0.666440914,0.333550128,558132,0.990303355,0.915304,91.3506,50.8336,2.9816,10.627,9.9314,91.39,81.01,100,90.8,91.74936872,18.82884579,14.49821126,101146.7991,0.179466532,NA,NA,NA,1.1037533675511,0.743723067258899
23,"CORDOBA",23068,"AYAPEL",2024,49883,0.911793538,0.088206462,46924,0.940681194,0.860856,86.0084,41.3482,3.2972,10.2136,6.7798,100,100,100,100,38.17279355,171.5265866,22.29845626,1260.439028,0.025267907,NA,NA,NA,0.358425789905197,0.306326521896194
23,"CORDOBA",23079,"BUENAVISTA",2024,22295,0.882263372,0.117736628,20359,0.913164387,0.808881,80.8685,45.0588,3.8061,9.6511,6.6153,94.64,72.65,71.12,79.47,76.82662165,0,14.21800948,906.138439,0.040643124,NA,NA,NA,0.389087434517912,0.328647009608147
23,"CORDOBA",23090,"CANALETE",2024,16420,0.927930252,0.072069748,19384,1,0.96464,96.464,41.2052,3.41,13.463,8.1081,75.61,72.97,72.97,73.85,100,0,32.43243243,613.023022,0.037333923,NA,NA,NA,0.368011375373249,0.313358134497109
23,"CORDOBA",23162,"CERETE",2024,119389,0.763509604,0.23646194,105425,0.883037801,0.880604,87.9133,55.0533,3.1678,10.8923,7.0996,98.67,92.13,97.75,96.18333333,90.88838269,0,9.732360097,6299.862494,0.052767529,NA,NA,NA,2.55557472865516,1.26851671788323
23,"CORDOBA",23168,"CHIMA",2024,19407,0.947827924,0.052172076,14203,0.731849333,0.66657,66.599,37.8788,2.8712,9.475,3.5685,85.86,70.47,79.4,78.57666667,54.17028671,0,10.20408163,148.493867,0.007651562,NA,NA,NA,0.508364348203699,0.411025850617371
23,"CORDOBA",23182,"CHINU",2024,52071,0.907333136,0.092666864,47374,0.90979624,0.962996,96.1781,55.7957,3.1523,10.2469,5.9451,69.26,64.32,61.24,64.94,69.97498749,0,8.955223881,3756.439928,0.07214073,NA,NA,NA,0.740666618054697,0.554268153681614
23,"CORDOBA",23189,"CIENAGA DE ORO",2024,62594,0.882363378,0.117636622,61996,0.990446369,0.890433,88.9775,51.2301,4.2764,11.8375,8.1286,57.3,45.96,46.6,49.95333333,72.81592521,0,13.1826742,4875.088932,0.077884285,NA,NA,NA,0.756950963759588,0.563579899742978
23,"CORDOBA",23300,"COTORRA",2024,21334,0.909090909,0.090909091,18194,0.852817099,0.727346,72.6807,37.1517,2.533,11.4504,11.3463,88.01,62.41,49.07,66.49666667,81.76229508,0,0,387.621214,0.018169177,NA,NA,NA,0.62313857193617,0.483072256706306
23,"CORDOBA",23350,"LA APARTADA",2024,16297,0.919207796,0.080792204,12724,0.780757195,0.816221,81.4783,43.6207,4.6057,11.7628,6.5606,83.06,74.96,73.65,77.22333333,18.23579304,740.7407407,0,418.693498,0.025691446,NA,NA,NA,0.465661078125271,0.380014985634665
23,"CORDOBA",23417,"LORICA",2024,120346,0.863617556,0.136374487,125676,1,0.963274,96.2482,61.2852,4.0268,7.6368,6.2662,91.16,64.49,70.43,75.36,56.82211587,77.2797527,10.81916538,3996.637783,0.033209561,NA,NA,NA,0.672574960964865,0.514364331725808
23,"CORDOBA",23419,"LOS CORDOBAS",2024,19217,0.956428187,0.043571813,16731,0.870635375,0.753949,75.3281,33.2,4.874,10.0803,5.4279,100,100,100,100,34.49976141,0,20,308.320766,0.016044167,NA,NA,NA,0.467859354637554,0.383805118134889
23,"CORDOBA",23464,"MOMIL",2024,22186,0.922244209,0.077755791,17182,0.774452357,0.688695,68.8453,38.0886,1.3319,6.9401,6.8349,85.57,42.37,81.83,69.92333333,83.87232255,0,17.75147929,481.031669,0.021681766,NA,NA,NA,0.579250588203663,0.456950423254202
23,"CORDOBA",23466,"MONTELIBANO",2024,87467,0.745004296,0.254962656,90778,1,0.898589,89.5598,50.6375,3.4324,10.6035,5.8578,74.67,72.16,79.34,75.39,52.92455496,101.5228426,9.137055838,9712.507662,0.111041966,NA,NA,NA,0.504493415212275,0.408456240350086
23,"CORDOBA",23500,"MONITOS",2024,32846,0.941515413,0.058484587,27768,0.845399744,0.756084,75.5408,41.7073,2.9491,11.0571,8.9142,86.07,43.26,66.72,65.35,100,0,12.53918495,256.112563,0.007797375,NA,NA,NA,0.539098646411268,0.427422238633076
23,"CORDOBA",23555,"PLANETA RICA",2024,66459,0.821619372,0.178367204,74498,1,0.913839,91.1798,60.2003,1.6679,7.8463,3.2642,85.97,76.95,80,80.97333333,100,0,14.60823373,5061.494747,0.076159659,NA,NA,NA,0.548565013070451,0.43732870409642
23,"CORDOBA",23570,"PUEBLO NUEVO",2024,37976,0.871625553,0.128374447,34376,0.905203286,0.691994,69.1376,38.1685,3.5242,8.933,5.0794,58.64,37.23,41.37,45.74666667,72.59070295,0,0,3267.512289,0.086041508,NA,NA,NA,0.421376664821139,0.35162588423716
23,"CORDOBA",23574,"PUERTO ESCONDIDO",2024,24650,0.949270907,0.050729093,22768,0.923651116,0.772056,77.1002,34.3816,3.5316,11.3839,6.6978,100,0,100,66.66666667,100,515.4639175,20.6185567,813.731526,0.033011421,NA,NA,NA,0.40562233185767,0.340480145540345
23,"CORDOBA",23580,"PUERTO LIBERTADOR",2024,45697,0.900853815,0.099146185,44389,0.971376677,0.836502,83.6054,38.4793,5.3404,10.3808,8.2979,51.4,51.4,51.4,51.4,28.06099017,0,7.936507937,6071.061287,0.132854701,NA,NA,NA,0.339830042100904,0.292542771665619
23,"CORDOBA",23586,"PURISIMA",2024,19091,0.921942706,0.078057294,16616,0.87035776,0.838183,83.7095,50.4918,4.0473,8.873,10.2428,65.17,27.02,58.88,50.35666667,65.11768256,0,25.47770701,303.695019,0.015907759,NA,NA,NA,1.06693351697671,0.726066116165284
23,"CORDOBA",23660,"SAHAGUN",2024,118572,0.866807022,0.133192978,104022,0.877289748,0.850864,85.0818,53.7695,2.8099,8.8325,8.4075,100,100,100,100,76.26098275,0,3.571428571,9239.244383,0.077920963,NA,NA,NA,0.857542252280897,0.619254244204852
23,"CORDOBA",23670,"SAN ANDRES DE SOTAVENTO",2024,52225,0.933591525,0.066408475,43895,0.840497846,0.780852,78.0415,51.2195,3.4375,8.7448,6.8749,40.6,33.47,33.55,35.87333333,40.70998209,0,11.60092807,655.690498,0.012555108,NA,NA,NA,1.19440381359438,0.78591039851542
23,"CORDOBA",23672,"SAN ANTERO",2024,38802,0.888827805,0.111172195,32742,0.843822483,0.830552,82.9647,39.9194,2.9293,13.1742,7.672,77.33,77.33,77.33,77.33,62.19906048,0,6.825938567,1829.369186,0.04714626,NA,NA,NA,1.06681852946758,0.726010482683706
23,"CORDOBA",23675,"SAN BERNARDO DEL VIENTO",2024,40897,0.924723549,0.075249147,36625,0.89554246,0.771422,77.0949,40.0712,2.331,12.1683,8.2099,51.81,18.47,22.08,30.78666667,100,0,20.89552239,997.276459,0.024385076,NA,NA,NA,0.759497378947903,0.555932351014197
23,"CORDOBA",23678,"SAN CARLOS",2024,28745,0.948019681,0.051980319,20527,0.714106801,0.751795,75.094,40.3077,4.0397,10.287,6.468,78.394,66.656,73.144,72.731333332,100,0,5.464480874,402.962303,0.014018518,NA,NA,NA,0.715838680229442,0.539901987456328
23,"CORDOBA",23682,"SAN JOSE DE URE",2024,15244,0.936868955,0.063131045,9409,0.61722645,0.678116,67.7856,33.0592,8.5422,11.6484,5.6477,52.47,34.41,38.51,41.79666667,83.58034321,0,22.98850575,264.780822,0.017369511,NA,NA,NA,0.355213755925651,0.302329989016162
23,"CORDOBA",23686,"SAN PELAYO",2024,57804,0.921081678,0.078894328,41676,0.720988167,0.695966,69.5547,40.7341,3.1778,11.2498,9.3914,45.13,38.18,42.99,42.1,65.90298625,0,9.090909091,1679.229099,0.029050396,NA,NA,NA,0.688476406639944,0.523826587775738
23,"CORDOBA",23807,"TIERRALTA",2024,100490,0.918678347,0.081321653,106503,1,0.952993,95.2425,50.7423,5.7771,7.9354,5.552,91.94,76.52,85.03,84.49666667,23.51433717,89.76660682,11.66965889,3338.158856,0.033218816,NA,NA,NA,0.296103467726084,0.259362430951741
23,"CORDOBA",23815,"TUCHIN",2024,60386,0.958057821,0.041942179,41438,0.68621866,0.610564,61.0286,32.3182,3.0674,9.8829,3.0035,58.59,50.32,51.34,53.41666667,76.38181294,0,3.944773176,422.61476,0.006998555,NA,NA,NA,1.47299714381655,0.772420279131432
23,"CORDOBA",23855,"VALENCIA",2024,36721,0.922961835,0.077010963,36761,1,0.831975,83.1626,50.9395,4.5122,10.4327,6.474,50.94,49.68,45.52,48.71333333,23.71303395,0,5.763688761,1014.757029,0.027634243,NA,NA,NA,0.376262510844475,0.319371499545296
25,"CUNDINAMARCA",25001,"AGUA DE DIOS",2024,11820,0.648451907,0.351548093,10303,0.871658206,0.737301,73.7301,42.8152,3.6712,10.6943,5.9856,100,99.95,21.08,73.67666667,76.56500803,0,0,743.639773,0.062913686,NA,NA,NA,1.17564371048561,0.777324579597426
25,"CUNDINAMARCA",25019,"ALBAN",2024,6911,0.819873998,0.180126002,3492,0.505281435,0.722978,72.2978,32.8767,7.2895,10.4723,5.7495,81.77,18.92,39.67,46.78666667,82.41167435,0,0,912.623331,0.13205373,NA,NA,NA,0.902338587830181,0.643083965015211
25,"CUNDINAMARCA",25035,"ANAPOIMA",2024,16635,0.619738752,0.380261248,11024,0.662699128,0.915524,91.4413,48.5327,2.8229,7.9127,0.5988,68.46,47.31,65.84,60.53666667,90.97565129,0,0,3504.783466,0.210687314,NA,NA,NA,1.24888866017567,0.810436165382499
25,"CUNDINAMARCA",25040,"ANOLAIMA",2024,14581,0.782234713,0.217765287,11742,0.805294561,0.922457,91.5931,46.8677,4.0529,10.568,5.1101,18.98,18.94,18.98,18.96666667,77.44528044,0,0,752.775817,0.051627174,NA,NA,NA,0.765638867317543,0.568512589377779
25,"CUNDINAMARCA",25053,"ARBELAEZ",2024,10753,0.762546419,0.237453581,9425,0.876499582,0.811564,81.1564,48.6486,3.1439,6.4692,2.4184,80.04,31.3,33.4,48.24666667,86.41176471,0,18.51851852,537.192469,0.049957451,NA,NA,NA,0.634629744208035,0.491416322562279
25,"CUNDINAMARCA",25086,"BELTRAN",2024,1805,0.906137184,0.093862816,1385,0.767313019,0.852368,85.2368,41.6667,4.3887,4.3887,0,88.57,88.41,88.41,88.46333333,76.13333333,0,100,416.9655,0.231005817,NA,NA,NA,0.505424386575998,0.409074842886579
25,"CUNDINAMARCA",25095,"BITUIMA",2024,2476,0.899229401,0.100770599,1687,0.681340872,1.027638,102.7638,76.1905,2.0979,6.993,6.7599,33.55,12.9,12.17,19.54,88.27309237,0,0,135.43035,0.054697233,NA,NA,NA,0.560698055416016,0.445133192596488
25,"CUNDINAMARCA",25099,"BOJACA",2024,10793,0.446057348,0.553942652,5580,0.51700176,0.775237,77.5237,44.9878,2.3551,7.8502,5.0725,81.58,62.32,63.07,68.99,92.11618257,0,19.8019802,1974.160808,0.182911221,NA,NA,NA,1.28783438123293,0.827605685072802
25,"CUNDINAMARCA",25120,"CABRERA",2024,4887,0.929279749,0.070720251,3832,0.784121138,0.661277,66.1277,54.3353,1.375,2.25,4.875,13.6,8.45,8.45,10.16666667,88.34080717,0,0,147.969723,0.030278233,NA,NA,NA,0.280010605841233,0.246868363710662
25,"CUNDINAMARCA",25123,"CACHIPAY",2024,10338,0.802885822,0.197114178,7970,0.770942155,0.674788,67.4788,37.2168,5.2679,9.9909,1.5441,97.53,32.4,23.61,51.18,86.55126498,0,0,564.716766,0.05462534,NA,NA,NA,0.910567863344918,0.647400508522275
25,"CUNDINAMARCA",25126,"CAJICA",2024,118870,0.229582112,0.770417888,76073,0.639968032,0.859381,84.7721,55.0125,3.2866,7.6561,6.1019,100,93.84,99.13,97.65666667,100,0,5.820721769,52196.82582,0.439108487,NA,NA,NA,12.4691705033924,2.60040340748617
25,"CUNDINAMARCA",25148,"CAPARRAPI",2024,11509,0.937836333,0.062163667,10778,0.93648449,0.714166,71.4166,50.3759,3.4247,6.3927,5.879,17.03,8.5,9.93,11.82,71.32705973,0,19.60784314,616.222076,0.053542625,NA,NA,NA,0.403611099156124,0.3390482723304
25,"CUNDINAMARCA",25151,"CAQUEZA",2024,18061,0.729323699,0.270676301,19237,1,0.802019,80.1178,46.3717,2.403,7.0031,6.8658,24.86,19.92,19.92,21.56666667,96.04651163,0,17.54385965,2481.311215,0.13738504,NA,NA,NA,1.16036385832128,0.770276660435993
25,"CUNDINAMARCA",25154,"CARMEN DE CARUPA",2024,7764,0.838227069,0.161772931,7152,0.921174652,0.659281,65.9281,43.6364,2.039,7.1809,0,97.17,30.18,30.12,52.49,89.55629339,0,0,351.782061,0.045309384,NA,NA,NA,0.305630213546088,0.26668584646277
25,"CUNDINAMARCA",25168,"CHAGUANI",2024,4366,0.914432611,0.085567389,2723,0.623683005,0.615489,61.5489,42.2764,5.383,7.4534,0,46.88,27.68,27.68,34.08,68.28380837,0,0,201.306076,0.046107667,NA,NA,NA,0.397485506906765,0.334674555264729
25,"CUNDINAMARCA",25175,"CHIA",2024,169539,0.181062157,0.818937843,178806,1,1.08302,107.0311,67.9614,3.3583,8.1195,8.1343,100,99.47,99.52,99.66333333,100,0,7.281553398,87202.66582,0.514351658,NA,NA,NA,16.2778549501477,2.84942562084113
25,"CUNDINAMARCA",25178,"CHIPAQUE",2024,10150,0.792037959,0.207962041,8641,0.851330049,0.759048,75.9048,40.6832,1.9411,10.2628,0.5009,77.52,29.16,29.01,45.23,99.81604121,0,10.98901099,1532.237596,0.150959369,NA,NA,NA,2.12881163065382,1.14065326174126
25,"CUNDINAMARCA",25181,"CHOACHI",2024,11283,0.788950668,0.211049332,8453,0.749180183,0.812471,81.2471,65.4987,1.7455,4.6171,2.9842,16,18.17,17.87,17.34666667,100,0,0,1054.61805,0.093469649,NA,NA,NA,0.836904046472601,0.608081571048723
25,"CUNDINAMARCA",25183,"CHOCONTA",2024,21836,0.600887425,0.399112575,21861,1,0.750651,75.0651,35.5037,1.7951,9.3017,6.2966,89.55,50.06,47.89,62.5,79.53497695,0,19.8019802,2378.269389,0.108915066,NA,NA,NA,0.718472707605043,0.541435935659988
25,"CUNDINAMARCA",25200,"COGUA",2024,24963,0.47264143,0.52735857,11861,0.475143212,0.890275,88.9641,51.6539,2.7436,11.5714,0.1429,95.95,45.98,52.43,64.78666667,100,0,5.376344086,16510.2852,0.661390266,NA,NA,NA,3.30890671513453,1.46068420955613
25,"CUNDINAMARCA",25214,"COTA",2024,46260,0.327788894,0.672211106,23988,0.518547341,1.78502,177.4321,143.7145,2.9504,8.4693,5.7619,100,99.34,100,99.78,100,0,0,120552.8859,2.605985428,NA,NA,NA,13.1340084862746,2.64858384268412
25,"CUNDINAMARCA",25224,"CUCUNUBA",2024,8234,0.447044957,0.552955043,5939,0.721277629,0.801225,80.1225,57.0313,3.8208,6.9829,1.054,60.34,89.7,74.06,74.7,97.92944785,0,0,2778.782335,0.337476601,NA,NA,NA,1.95928727079664,1.08494845244912
25,"CUNDINAMARCA",25245,"EL COLEGIO",2024,26618,0.722717847,0.277282153,20737,0.779059283,0.847598,84.7598,50.4711,4.6331,9.6679,7.1505,93.67,43.46,43.23,60.12,87.0023539,0,16.2601626,2488.824268,0.09350155,NA,NA,NA,1.63528730616851,0.968992210648542
25,"CUNDINAMARCA",25258,"EL PEÑOL",2024,4710,0.915500396,0.084499604,3787,0.80403397,0.627244,62.7244,46.1538,2.1173,6.1889,6.6775,7.96,7.96,7.96,7.96,63.74458874,0,0,185.659025,0.039418052,NA,NA,NA,0.49165300631403,0.398254577343946
25,"CUNDINAMARCA",25260,"EL ROSAL",2024,26497,0.345010071,0.654989929,25321,0.955617617,0.982972,98.0844,45.9584,4.3346,9.6393,3.6375,96.11,89.71,88.36,91.39333333,100,0,12.07729469,5390.036926,0.203420649,NA,NA,NA,3.22928939155746,1.27617488033422
25,"CUNDINAMARCA",25269,"FACATATIVA",2024,161874,0.284359821,0.715628215,167172,1,0.778699,77.7014,47.3624,2.8272,8.9104,8.8751,90.23,85.55,90.06,88.61333333,100,0,8.298755187,44490.93422,0.274849168,NA,NA,NA,3.04740716785457,1.39807647063141
25,"CUNDINAMARCA",25279,"FOMEQUE",2024,12340,0.758796967,0.241203033,11737,0.951134522,0.791583,79.1583,47.3008,3.9339,7.0908,0.8742,79.48,60.8,60.38,66.88666667,76.55068079,0,22.22222222,610.874671,0.04950362,NA,NA,NA,0.489763227304357,0.398617199480753
25,"CUNDINAMARCA",25281,"FOSCA",2024,5631,0.90397351,0.09602649,5738,1,0.817228,81.7228,55.3488,2.1201,5.3004,4.0636,48.33,21.76,26.18,32.09,90.04329004,0,0,149.874254,0.026615922,NA,NA,NA,0.422532329648097,0.35243861410497
25,"CUNDINAMARCA",25286,"FUNZA",2024,118457,0.237024154,0.762975846,102922,0.868855365,0.917188,91.4573,67.324,1.7768,7.1854,10.0654,98.45,98.44,98.45,98.44666667,100,0,9.720534629,132425.7428,1.117922476,NA,NA,NA,19.0337521902677,2.99741846065453
25,"CUNDINAMARCA",25288,"FUQUENE",2024,4961,0.711756935,0.288243065,3785,0.762951018,1.559031,155.9031,107.4534,1.2195,10.7317,8.1707,96.42,15.57,18.33,43.44,100,0,0,1564.836172,0.315427569,NA,NA,NA,0.858719169984387,0.61988763223067
25,"CUNDINAMARCA",25290,"FUSAGASUGA",2024,156943,0.456151254,0.543830467,164121,1,0.908076,90.7885,56.7345,3.7705,7.7217,6.6242,73.99,66.5,65.11,68.53333333,100,174.6724891,12.22707424,26576.08303,0.169335893,NA,NA,NA,3.03197157548893,1.39425548101429
25,"CUNDINAMARCA",25293,"GACHALA",2024,4548,0.856436867,0.143563133,4047,0.889841689,0.786667,78.6667,52.1127,1.3177,6.0029,3.5139,29.32,29.32,29.32,29.32,30.80924855,0,0,1268.097099,0.27882522,NA,NA,NA,0.301067925598568,0.263185408466126
25,"CUNDINAMARCA",25295,"GACHANCIPA",2024,20800,0.301705171,0.698294829,10908,0.524423077,1.020112,101.553,48.4897,4.4752,13.1881,13.9802,100,66.42,72.34,79.58666667,100,0,4.149377593,7854.192292,0.377605399,NA,NA,NA,7.820348648156,2.17706139850683
25,"CUNDINAMARCA",25297,"GACHETA",2024,8619,0.745930797,0.254069203,9277,1,0.852597,85.2597,63.0769,2.5748,6.4022,7.2373,11.58,11.58,11.58,11.58,72.16621588,0,0,1086.079743,0.126009948,NA,NA,NA,0.343398569260159,0.295202648836035
25,"CUNDINAMARCA",25299,"GAMA",2024,3193,0.893150685,0.106849315,2920,0.91450047,0.67907,67.907,52.7778,0.8791,4.6154,6.5934,7.76,7.76,7.76,7.76,68.71961102,0,0,267.39808,0.083745092,NA,NA,NA,0.272865341946995,0.241270533891391
25,"CUNDINAMARCA",25307,"GIRARDOT",2024,103831,0.437444423,0.562549133,155190,1,0.936412,93.4853,62.7847,4.0462,9.0692,5.4714,99.95,92.9,96.31,96.38666667,100,103.1991744,9.287925697,24166.39411,0.232747389,NA,NA,NA,6.30655621730987,1.98877205705337
25,"CUNDINAMARCA",25312,"GRANADA",2024,7614,0.846943138,0.153056862,4678,0.614394536,0.849728,84.9728,37.9699,3.1564,10.6169,4.22585,39.1,18.19,38.31,31.86666667,100,0,40.81632653,1894.450403,0.248811453,NA,NA,NA,2.16495887688967,1.0496511143977
25,"CUNDINAMARCA",25317,"GUACHETA",2024,14716,0.421676363,0.578323637,13923,0.946113074,0.807273,80.697,39.9582,1.6159,7.9692,0.1102,89.57,36.95,36.98,54.5,88.09782609,0,24.3902439,3766.248624,0.255928827,NA,NA,NA,1.78132027628877,1.0229257344923
25,"CUNDINAMARCA",25320,"GUADUAS",2024,30787,0.735084043,0.264915957,23381,0.759443921,0.811257,80.9944,53.8025,2.8508,8.1587,9.2789,46.54,46.31,46.39,46.41333333,67.85542939,0,24.8447205,3300.358889,0.107199756,NA,NA,NA,0.639380162891919,0.494318220939063
25,"CUNDINAMARCA",25322,"GUASCA",2024,17529,0.362087959,0.637912041,11801,0.673227223,0.895821,89.4284,52.1661,3.1153,8.5497,7.2343,80.38,40.46,79.11,66.65,80.59246352,0,28.9017341,2775.115437,0.158315673,NA,NA,NA,0.965355695174111,0.675673244295704
25,"CUNDINAMARCA",25324,"GUATAQUI",2024,3118,0.840859031,0.159140969,1816,0.582424631,0.724609,72.4609,49.4382,2.005,9.5238,3.0075,36.75,26.09,30.11,30.98333333,58.69565217,0,0,302.229201,0.096930469,NA,NA,NA,0.700534771090563,0.530942772824758
25,"CUNDINAMARCA",25326,"GUATAVITA",2024,6391,0.586286322,0.413713678,5644,0.883116883,0.733591,73.3591,52.8302,2.7411,6.802,6.9036,51.37,17.38,23.36,30.70333333,96.59035558,0,61.2244898,854.730575,0.133739724,NA,NA,NA,1.00576122665043,0.696023652869135
25,"CUNDINAMARCA",25328,"GUAYABAL DE SIQUIMA",2024,5062,0.866396761,0.133603239,2717,0.53674437,0.797605,79.7605,51.8519,3.4916,4.6089,5.3073,53.06,12.76,48.92,38.24666667,74.8524739,0,0,356.510961,0.070428874,NA,NA,NA,0.504838422161172,0.408685531747017
25,"CUNDINAMARCA",25335,"GUAYABETAL",2024,6989,0.852941176,0.147058824,4488,0.642151953,0.767684,76.6297,41.4286,2.275,7.0158,8.1108,91.69,15.71,58.97,55.45666667,78.75675676,0,0,2827.208155,0.404522558,NA,NA,NA,0.434779146156789,0.361010932249756
25,"CUNDINAMARCA",25339,"GUTIERREZ",2024,3512,0.92122746,0.07877254,3161,0.900056948,0.816754,81.6754,41.4634,0.7764,6.8323,8.6957,86.97,29.82,30.26,49.01666667,89.9822695,0,0,211.889562,0.060333019,NA,NA,NA,0.276170923752008,0.243864128735431
25,"CUNDINAMARCA",25368,"JERUSALEN",2024,2169,0.895255989,0.104744011,2129,0.981558322,0.930348,93.0348,52.459,3.3163,7.6531,0.2551,25.87,24.84,24.84,25.18333333,74.8272458,0,0,153.690462,0.070857751,NA,NA,NA,0.405755574753486,0.340574933861475
25,"CUNDINAMARCA",25372,"JUNIN",2024,5105,0.907884465,0.092115535,5124,1,0.634981,63.4981,43.4783,2.1097,5.3446,3.0942,81.83,53.47,53.47,62.92333333,88.6820331,0,0,414.481946,0.08119137,NA,NA,NA,0.32664640551675,0.282654258288059
25,"CUNDINAMARCA",25377,"LA CALERA",2024,42445,0.361146812,0.638853188,20230,0.476616798,1.507681,147.1128,94.7853,3.8501,8.3849,6.3596,26.76,26.76,26.76,26.76,92.84623517,0,0,9593.542402,0.22602291,NA,NA,NA,2.98149349190956,1.38165699813147
25,"CUNDINAMARCA",25386,"LA MESA",2024,36901,0.548195587,0.451804413,42784,1,0.900503,89.9497,56.6154,3.5782,6.6825,1.6114,45.84,25.47,28.94,33.41666667,87.43545611,0,7.407407407,4101.954956,0.111161078,NA,NA,NA,2.14074650210868,1.14446051118966
25,"CUNDINAMARCA",25394,"LA PALMA",2024,9706,0.887788018,0.112211982,8680,0.89429219,0.68799,68.799,57.1429,2.0851,3.8365,0.2502,41.6,25.92,25.92,31.14666667,67.05694518,0,25,495.955976,0.051097875,NA,NA,NA,0.470733351993659,0.385761155299186
25,"CUNDINAMARCA",25398,"LA PEÑA",2024,6051,0.936803727,0.063196273,4937,0.815898199,0.715706,71.5706,42.8571,4.4586,7.5159,2.293,13.73,6.95,7.5,9.393333333,67.77450568,0,0,176.414655,0.029154628,NA,NA,NA,0.513876615911615,0.413806102760757
25,"CUNDINAMARCA",25402,"LA VEGA",2024,18891,0.632202574,0.367797426,16626,0.880101636,0.862953,86.2953,46.3504,1.9507,8.3504,0.2053,54.84,28.6,35.86,39.76666667,70.33871478,0,9.174311927,2491.638301,0.131895522,NA,NA,NA,0.806371716627496,0.59132025697641
25,"CUNDINAMARCA",25407,"LENGUAZAQUE",2024,10629,0.610252889,0.389747111,8739,0.822184589,0.847808,84.7808,56,2.638,7.373,1.1724,59.85,26.84,28.64,38.44333333,100,0,10.98901099,1133.047405,0.106599624,NA,NA,NA,1.16051769449112,0.770347866354516
25,"CUNDINAMARCA",25426,"MACHETA",2024,6273,0.884568861,0.115431139,5787,0.922525108,0.80417,80.417,45.4082,1.8244,5.7013,0,100,31.79,31.05,54.28,100,0,0,425.173522,0.067778339,NA,NA,NA,0.380246528151573,0.322262126802344
25,"CUNDINAMARCA",25430,"MADRID",2024,139289,0.252701307,0.747298693,119109,0.855121366,0.998676,99.7313,57.6111,5.4023,10.4982,9.2011,98.12,85.83,95.97,93.30666667,100,59.10165485,7.092198582,45031.83288,0.32329784,NA,NA,NA,7.46472477738104,2.1359075020478
25,"CUNDINAMARCA",25436,"MANTA",2024,3502,0.89631693,0.10368307,3231,0.922615648,0.744059,74.4059,38.1443,1.1442,10.984,11.2128,91.36,12.73,12.9,38.99666667,73.48547718,0,55.55555556,90.359945,0.025802383,NA,NA,NA,0.261304342788156,0.23214637820994
25,"CUNDINAMARCA",25438,"MEDINA",2024,8472,0.827598034,0.172287641,8747,1,0.725511,72.5511,52.0134,4.8577,8.3969,5.9681,31.18,31.18,31.18,31.18,56.57301422,0,0,237.409139,0.028022797,NA,NA,NA,0.389914909581151,0.329242529140149
25,"CUNDINAMARCA",25473,"MOSQUERA",2024,173675,0.272593653,0.727406347,103414,0.595445516,0.990587,98.5098,61.1317,2.5035,9.814,10.9967,98.77,98.31,99.98,99.02,100,208.1887578,4.163775156,96056.76101,0.553083409,NA,NA,NA,3.2500055136471,1.44692028026421
25,"CUNDINAMARCA",25483,"NARIÑO",2024,2462,0.856554968,0.143445032,1701,0.690901706,0.640777,64.0777,40.5405,2.1429,5.7143,3.62756,47.93,46.82,46.67,47.14,93.39622642,0,66.66666667,171.883487,0.069814576,NA,NA,NA,1.83089839072037,0.822402351405261
25,"CUNDINAMARCA",25486,"NEMOCON",2024,14659,0.407507639,0.592492361,11455,0.781431203,0.982342,98.0173,50.4,4.1683,10.1721,7.6099,100,71.78,76.4,82.72666667,100,0,10.1010101,2496.505527,0.170305309,NA,NA,NA,2.30916324439829,1.19669536117632
25,"CUNDINAMARCA",25488,"NILO",2024,11030,0.781968179,0.218031821,3394,0.307706256,0.836075,83.49,49.1803,3.6939,8.3553,0,57.53,28.41,57.91,47.95,72.37680188,0,21.73913043,4190.601344,0.379927592,NA,NA,NA,1.22625918497342,0.80032268137332
25,"CUNDINAMARCA",25489,"NIMAIMA",2024,3674,0.890863993,0.109136007,2419,0.658410452,0.683333,68.3333,41.5842,2.6066,5.9242,5.2133,75.52,21.04,20.89,39.15,67.15328467,0,0,165.714429,0.045104635,NA,NA,NA,0.5918412979203,0.464891395217096
25,"CUNDINAMARCA",25491,"NOCAIMA",2024,5654,0.840682788,0.159317212,4218,0.746020516,0.75239,75.239,44.0476,2.2727,7.7751,4.4258,55.22,25.95,27.74,36.30333333,84.47281713,0,0,260.828145,0.046131614,NA,NA,NA,0.781426209687695,0.577414284879046
25,"CUNDINAMARCA",25506,"VENECIA",2024,4505,0.931513297,0.068486703,4249,0.943174251,0.819905,81.9905,41.0072,2.1097,11.6737,5.2039,41.84,13.03,25.4,26.75666667,87.91064389,0,0,157.010943,0.034852596,NA,NA,NA,0.63997946039451,0.471529159495871
25,"CUNDINAMARCA",25513,"PACHO",2024,25018,0.697306385,0.302657067,27361,1,0.804201,80.2814,49.8229,2.6149,6.8409,3.3724,57.93,39.21,39.2,45.44666667,100,0,15.2284264,2461.407597,0.098385466,NA,NA,NA,0.576994817763607,0.455521021839552
25,"CUNDINAMARCA",25518,"PAIME",2024,3853,0.934043106,0.065956894,3851,0.999480924,0.567409,56.7409,36.7742,3.9033,4.2751,0.9294,13.67,6.92,12.21,10.93333333,57.68179333,0,66.66666667,269.967873,0.070066928,NA,NA,NA,0.328457117129964,0.28401820653225
25,"CUNDINAMARCA",25524,"PANDI",2024,4941,0.912798875,0.087201125,3555,0.719489982,0.777892,77.7892,48.0769,2.396,5.0441,0.1261,87.33,32.68,40.59,53.53333333,71.62097162,0,0,223.71617,0.045277509,NA,NA,NA,0.783517725397299,0.578587664313707
25,"CUNDINAMARCA",25530,"PARATEBUENO",2024,8841,0.636715724,0.363284276,6455,0.730121027,0.867701,86.7701,41.1411,5.0026,10.8729,0,18.31,18.31,32.66,23.09333333,84.66898955,0,19.60784314,1615.558759,0.182734844,NA,NA,NA,0.373835408028369,0.317606396252352
25,"CUNDINAMARCA",25535,"PASCA",2024,9386,0.927571814,0.072428186,8146,0.867888344,1.001494,100.1494,64.9425,2.0962,9.2425,3.192,60.94,13.42,15.01,29.79,96.47058824,0,0,414.413943,0.044152348,NA,NA,NA,0.589749430415477,0.463576412879722
25,"CUNDINAMARCA",25572,"PUERTO SALGAR",2024,15771,0.80669916,0.19330084,9643,0.611438717,0.917391,91.7081,63.7571,2.6326,7.4399,2.747,0,0,0,0,65.53637485,892.8571429,17.85714286,3099.73628,0.196546591,NA,NA,NA,0.887635568228965,0.635325023789073
25,"CUNDINAMARCA",25580,"PULI",2024,3652,0.953718149,0.046281851,1923,0.526560789,0.520424,52.0424,39.8058,4.0984,6.5574,9.2896,7.94,3.21,5.86,5.67,55.94936709,0,0,167.314652,0.045814527,NA,NA,NA,0.349540166898376,0.299763917314839
25,"CUNDINAMARCA",25592,"QUEBRADANEGRA",2024,4922,0.870728083,0.129271917,3365,0.683665177,0.898284,89.7059,71.7557,4.026,9.6104,2.987,43.59,14.53,21.69,26.60333333,91.53153153,0,0,141.614956,0.028771832,NA,NA,NA,0.534172433355082,0.427991104290823
25,"CUNDINAMARCA",25594,"QUETAME",2024,5182,0.855592967,0.144407033,5346,1,1.02799,102.799,87.1508,1.2077,9.1787,2.2544,52.64,47.58,48.98,49.73333333,99.94239631,0,0,770.792301,0.148744172,NA,NA,NA,0.59028506393211,0.46391328565431
25,"CUNDINAMARCA",25596,"QUIPILE",2024,5777,0.962457975,0.037542025,5354,0.926778605,0.825339,82.5339,45.614,5.1882,7.528,0.7121,14.42,4.73,6.97,8.706666667,95.39800995,0,0,240.288898,0.041594062,NA,NA,NA,0.434056387176037,0.360507063005496
25,"CUNDINAMARCA",25599,"APULO",2024,8624,0.720815056,0.279184944,7067,0.819457328,0.726641,72.6641,29.9611,3.0743,10.2477,0,16.59,16.42,17.83,16.94666667,97.7956613,0,0,1011.3717,0.117274084,NA,NA,NA,0.839546541956056,0.595366149621449
25,"CUNDINAMARCA",25612,"RICAURTE",2024,15191,0.722089884,0.277910116,6297,0.414521756,0.637312,63.6539,28.0098,6.3165,10.6383,0,55.05,48.22,53.03,52.1,100,0,0,9498.849686,0.625294562,NA,NA,NA,5.17569928743011,1.82062212103027
25,"CUNDINAMARCA",25645,"S.ANTONIO TEQUENDAMA",2024,12208,0.790885091,0.209114909,7197,0.589531455,0.740706,74.0706,41.5254,3.0554,8.5188,3.31,34.88,5.05,16.65,18.86,89.73575684,0,0,643.592457,0.05271891,NA,NA,NA,2.35752913866377,1.10968440245442
25,"CUNDINAMARCA",25649,"SAN BERNARDO",2024,8709,0.915940399,0.084059601,7114,0.816856126,0.775125,77.4014,57.8014,2.9153,7.3898,2.9831,46.43,27.73,26.7,33.62,80.11456628,0,0,493.617235,0.05667898,NA,NA,NA,0.33843077754234,0.291497866198897
25,"CUNDINAMARCA",25653,"SAN CAYETANO",2024,4839,0.917340521,0.082659479,3339,0.690018599,0.632161,63.2161,41.3793,5.9724,5.6662,0.3063,13.77,12.16,11.14,12.35666667,80.92756644,0,0,147.8152,0.030546642,NA,NA,NA,0.311462541757482,0.271142958542513
25,"CUNDINAMARCA",25658,"SAN FRANCISCO",2024,12563,0.745388016,0.254611984,6559,0.522088673,0.698755,69.8755,41.9162,2.8256,6.1337,3.97934,43.84,25.98,26.73,32.18333333,86.42512077,0,0,1125.870603,0.089617974,NA,NA,NA,1.00009278889219,0.693193573929851
25,"CUNDINAMARCA",25662,"SAN JUAN DE RIO SECO",2024,8423,0.886375063,0.113624937,7956,0.944556571,0.860553,86.0553,61.4458,1.8974,6.3247,3.3732,55.76,44.36,45.06,48.39333333,91.09489051,0,23.80952381,570.477266,0.067728513,NA,NA,NA,0.404863275465624,0.339939985214653
25,"CUNDINAMARCA",25718,"SASAIMA",2024,11389,0.684759448,0.315240552,8917,0.782948459,0.930787,93.0787,56.4304,6.4191,10.1742,2.0174,46.82,14.18,17.47,26.15666667,86.0491323,0,14.92537313,665.998629,0.058477358,NA,NA,NA,0.960239422732023,0.673066620237292
25,"CUNDINAMARCA",25736,"SESQUILE",2024,12723,0.414946117,0.585053883,9929,0.780397705,0.994888,99.2135,53.1469,3.3753,11.4761,5.2655,89.27,47.91,33.67,56.95,86.82255846,0,0,5822.454584,0.457632208,NA,NA,NA,1.86600822053552,1.05292019769758
25,"CUNDINAMARCA",25740,"SIBATE",2024,40013,0.615413855,0.384586145,21046,0.525979057,0.906922,90.6084,53.7891,3.5347,10.4733,8.2048,99.51,59.33,66.56,75.13333333,93.76918355,0,6.920415225,18328.83439,0.458071986,NA,NA,NA,1.48541246533049,0.910438627799442
25,"CUNDINAMARCA",25743,"SILVANIA",2024,22445,0.828801287,0.171198713,18645,0.83069726,0.80222,80.222,49.2286,5.4841,7.9954,0.0857,24.23,13.69,17.94,18.62,95.36623786,0,6.756756757,2276.598343,0.101430089,NA,NA,NA,1.57962573758523,0.947644325459417
25,"CUNDINAMARCA",25745,"SIMIJACA",2024,14289,0.805226228,0.194652795,8266,0.578486948,0.706696,70.6382,50.4762,2.9228,7.9249,9.499,51.13,41.16,41.16,44.48333333,100,0,0,1205.9196,0.084394961,NA,NA,NA,0.691016246345605,0.525329677407609
25,"CUNDINAMARCA",25754,"SOACHA",2024,842579,0.347570452,0.652429548,578441,0.686512481,0.833442,83.2812,54.2216,4.0383,6.7412,5.1238,50.79,34.09,89.53,58.13666667,100,83.65400703,11.20963694,79766.34977,0.094669283,NA,NA,NA,5.35190838187729,1.84875530033283
25,"CUNDINAMARCA",25758,"SOPO",2024,32937,0.194069355,0.805930645,22291,0.676776877,0.942939,93.3779,58.8173,2.7848,6.0478,4.9508,99.17,67.56,81.16,82.63,93.61204013,0,15.95744681,32664.99102,0.991741537,NA,NA,NA,5.26152010607984,1.83442298408121
25,"CUNDINAMARCA",25769,"SUBACHOQUE",2024,17703,0.473164488,0.526835512,10937,0.617804892,1.205834,119.3901,86.2136,2.1015,6.5095,5.5356,100,97.43,97.54,98.32333333,97.68506741,0,15.7480315,2884.396613,0.162932645,NA,NA,NA,1.40493283210203,0.877521974727813
25,"CUNDINAMARCA",25772,"SUESCA",2024,19171,0.341939669,0.658060331,15415,0.804079078,0.69373,69.373,33.9286,4.3173,9.1144,6.4207,100,67.43,56.2,74.54333333,75.00472322,0,11.9760479,1514.661606,0.07900796,NA,NA,NA,1.1803022845191,0.779463529811664
25,"CUNDINAMARCA",25777,"SUPATA",2024,5529,0.853706848,0.146293152,3534,0.639175258,0.810837,81.0837,57.3964,3.0516,5.3991,1.6432,36.44,15.58,15.44,22.48666667,85.84697037,0,0,206.618633,0.037369982,NA,NA,NA,0.494338475478638,0.40168361759584
25,"CUNDINAMARCA",25779,"SUSA",2024,6595,0.859708999,0.140291001,5567,0.844124337,0.580118,58.0118,45.2282,1.7104,5.4732,0,66.39,34.29,34.87,45.18333333,75.51566081,0,16.66666667,241.591747,0.036632562,NA,NA,NA,0.589907528966891,0.463675856658447
25,"CUNDINAMARCA",25781,"SUTATAUSA",2024,6727,0.500789889,0.499210111,3798,0.564590456,0.782123,78.2123,37.5587,2.7853,9.7934,12.938,99.39,26.65,37.5,54.51333333,88.42743817,0,14.92537313,888.976773,0.132150553,NA,NA,NA,1.17988788441411,0.779273446310635
25,"CUNDINAMARCA",25785,"TABIO",2024,22884,0.351609983,0.648390017,15466,0.675843384,1.073752,107.0087,72.0222,2.3744,5.6091,4.5767,100,74.12,95.15,89.75666667,96.35206458,0,4.149377593,1730.975693,0.075641308,NA,NA,NA,3.13231718609066,1.41883831164393
25,"CUNDINAMARCA",25793,"TAUSA",2024,8560,0.569162852,0.430837148,6116,0.714485981,0.916284,91.6284,56.2069,2.3064,7.5233,1.8671,90.7,23.93,21.94,45.52333333,94.83675019,0,25.3164557,2010.523868,0.234874284,NA,NA,NA,0.460993474652962,0.379116666401957
25,"CUNDINAMARCA",25797,"TENA",2024,11062,0.825792306,0.174207694,5017,0.453534623,0.787945,78.7397,37.5,4.5455,13.7121,7.4242,54.95,13.74,35.62,34.77,94.65171843,0,0,525.962657,0.047546796,NA,NA,NA,1.34765674715045,0.853417701820206
25,"CUNDINAMARCA",25799,"TENJO",2024,24623,0.309162751,0.690837249,18728,0.760589693,1.316873,131.3995,97.0052,2.7894,11.0879,3.5216,100,52.28,95.17,82.48333333,100,0,12.55230126,58937.10025,2.393579184,NA,NA,NA,5.87502026859185,1.9278945917071
25,"CUNDINAMARCA",25805,"TIBACUY",2024,4276,0.899758454,0.100241546,3312,0.774555659,0.751147,75.1147,36.4286,4.3415,10.7091,0.1447,63.82,15.47,18.35,32.54666667,83.70736086,0,0,137.847058,0.032237385,NA,NA,NA,0.757334486072793,0.563798164491362
25,"CUNDINAMARCA",25807,"TIBIRITA",2024,3346,0.967624259,0.032375741,2193,0.655409444,0.688421,68.8421,58.5366,1.4085,3.662,7.0423,31.94,14.13,14.13,20.06666667,67.2010994,0,0,331.963381,0.099212009,NA,NA,NA,0.472554945166315,0.386998950052075
25,"CUNDINAMARCA",25815,"TOCAIMA",2024,16059,0.790809328,0.209190672,13122,0.8171119,0.676012,67.532,28.6837,6.4364,11.146,4.3956,50.85,50.85,50.85,50.85,78.06080526,0,10.98901099,1430.405471,0.089071889,NA,NA,NA,0.930981439408265,0.658028391493536
25,"CUNDINAMARCA",25817,"TOCANCIPA",2024,48367,0.202470656,0.797529344,55208,1,1.115081,111.3327,66.0352,3.4491,11.066,6.7007,98.64,98.56,98.62,98.60666667,100,0,8.771929825,104315.7317,2.156754227,NA,NA,NA,10.79779247988,2.46791243599408
25,"CUNDINAMARCA",25823,"TOPAIPI",2024,3994,0.919550982,0.080449018,3207,0.802954432,0.67655,67.655,43.9024,5.036,10.6115,0.1799,16.58,8.76,8.76,11.36666667,67.55703951,0,0,211.735444,0.053013381,NA,NA,NA,0.361469727284736,0.308564798058726
25,"CUNDINAMARCA",25839,"UBALA",2024,7889,0.888214538,0.111785462,7085,0.898085942,0.895482,89.5482,64.0625,1.0676,5.1209,5.6228,12.37,12.37,12.37,12.37,47.32197825,0,0,1906.103395,0.241615337,NA,NA,NA,0.318225518940764,0.276286528378523
25,"CUNDINAMARCA",25841,"UBAQUE",2024,6923,0.872238586,0.127761414,5432,0.78463094,0.753612,75.3612,47.4419,2.0349,7.7519,5.0388,48.91,11.81,12.96,24.56,80.06830177,0,8.695652174,414.219619,0.059832388,NA,NA,NA,0.892216511170493,0.637748899162034
25,"CUNDINAMARCA",25843,"UBATE",2024,47305,0.367980237,0.632002843,59101,1,0.937888,93.6987,65.6212,2.5793,8.385,2.8098,99.3,71.22,71.62,80.71333333,100,0,0,6776.227526,0.143245482,NA,NA,NA,1.86442754945449,1.05236852198405
25,"CUNDINAMARCA",25845,"UNE",2024,6730,0.899031812,0.100968188,6507,0.966864785,0.728216,72.8216,49.6,1.2161,5.2385,6.4546,29.57,26.71,26.14,27.47333333,85.35589265,0,0,418.453515,0.062177342,NA,NA,NA,0.411265477858509,0.344486803903264
25,"CUNDINAMARCA",25851,"UTICA",2024,4342,0.869315212,0.130684788,3826,0.881160755,0.6639,66.39,45.082,0.8,5.988,4,45.09,28.02,42.65,38.58666667,95.76271186,0,0,270.722679,0.062349765,NA,NA,NA,0.501278807418469,0.406317283182801
25,"CUNDINAMARCA",25862,"VERGARA",2024,6708,0.918174409,0.081825591,6135,0.914579606,0.738294,73.8294,50.5263,1.4523,6.0166,1.0373,41.19,18.83,15.61,25.21,89.3406218,0,0,301.439326,0.044937288,NA,NA,NA,0.457225836607848,0.376534516305171
25,"CUNDINAMARCA",25867,"VIANI",2024,4624,0.861226755,0.138773245,3603,0.779195502,0.675325,67.5325,39.5522,2.5641,6.1538,7.5214,30.71,21.19,28.77,26.89,82.14971209,0,0,173.58725,0.037540495,NA,NA,NA,0.403302362415507,0.338828289245001
25,"CUNDINAMARCA",25871,"VILLAGOMEZ",2024,1645,0.9062318,0.0937682,1717,1,0.649573,64.9573,43.1034,2.5105,7.9498,0.8368,99.22,38.18,38.18,58.52666667,70.22222222,0,0,61.395612,0.03732256,NA,NA,NA,0.435205085774002,0.361307755915616
25,"CUNDINAMARCA",25873,"VILLAPINZON",2024,18129,0.768102351,0.231897649,14929,0.82348723,0.904352,90.3188,64.4604,1.6656,8.6942,2.1319,98.44,33.09,34.34,55.29,93.87089257,0,0,3554.062468,0.19604294,NA,NA,NA,0.919947696147932,0.652297944079013
25,"CUNDINAMARCA",25875,"VILLETA",2024,29130,0.492100781,0.507899219,34054,1,0.918607,91.6714,52.13,4.682,10.0651,1.7526,84.93,57.56,58.65,67.04666667,100,0,4.608294931,4118.580087,0.141386203,NA,NA,NA,1.17010883161595,0.774777319113167
25,"CUNDINAMARCA",25878,"VIOTA",2024,13500,0.855530091,0.144469909,11781,0.872666667,0.864445,86.4445,54.8975,4.1941,9.9507,1.4803,56.66,23.71,23.71,34.69333333,100,0,0,522.111069,0.038674894,NA,NA,NA,0.772560493486804,0.572425107748286
25,"CUNDINAMARCA",25885,"YACOPI",2024,11191,0.930258718,0.069741282,10668,0.953266017,0.728211,72.8211,41.9192,3.1182,7.0022,2.407,17.18,16.12,23.74,19.01333333,57.22934473,0,26.31578947,334.756015,0.029912967,NA,NA,NA,0.308526943630896,0.268902034010989
25,"CUNDINAMARCA",25898,"ZIPACON",2024,4679,0.71627409,0.28372591,2802,0.598845907,0.767021,76.5957,43.4783,3.8513,5.9761,3.5857,96.45,43.12,42.35,60.64,100,0,0,134.153125,0.028671324,NA,NA,NA,1.29974156061294,0.832796751670794
25,"CUNDINAMARCA",25899,"ZIPAQUIRA",2024,163372,0.250451261,0.749542898,171187,1,0.947238,94.5098,54.6104,4.5073,10.6439,10.7002,94.36,89.97,91.01,91.78,100,65.91957811,7.910349374,30285.55881,0.185377903,NA,NA,NA,3.43303602200895,1.48908468160605
27,"CHOCO",27001,"QUIBDO",2024,140076,0.78145242,0.218541241,157778,1,0.989988,98.9958,45.1213,1.3828,10.3476,6.3019,44.47,19.86,89.77,51.36666667,100,103.8961039,21.2987013,13818.65893,0.098651153,NA,NA,NA,0.251188465219932,0.224093871792575
27,"CHOCO",27006,"ACANDI",2024,15963,0.938888489,0.061111511,13909,0.871327445,0.928215,92.8215,25.4486,5.5648,10.9349,12.2705,100,58.61,100,86.20333333,100,0,16.39344262,133.463549,0.008360806,NA,NA,NA,0.269831872375832,0.238884507750933
27,"CHOCO",27025,"ALTO BAUDO",2024,28940,0.964435929,0.035564071,21398,0.739391845,0.899719,89.9719,18,1.5707,5.559,4.8272,85.98,75.6,75.6,79.06,48.77314466,1149.425287,103.4482759,168.697093,0.005829202,NA,NA,NA,0.236923662676852,0.212042424252667
27,"CHOCO",27050,"ATRATO",2024,6409,0.943370402,0.056629598,5845,0.911998752,0.817647,81.7647,32.5,2.2448,5.7929,1.7379,98.18,98.24,76.32,90.91333333,61.2590799,0,19.23076923,148.484532,0.023168128,NA,NA,NA,0.22321272049824,0.201219171802579
27,"CHOCO",27073,"BAGADO",2024,12471,0.953981813,0.046018187,10887,0.872985326,1.323196,132.3196,37.3418,0.8201,5.0143,3.3569,89.02,89.01,94.7,90.91,59.73496432,840.3361345,75.6302521,409.016329,0.032797396,NA,NA,NA,0.240037045552829,0.215141254616513
27,"CHOCO",27075,"BAHIA SOLANO",2024,10756,0.956025332,0.043974668,11211,1,1.049851,104.9851,42.887,6.9164,12.456,12.1998,49.79,49.79,49.79,49.79,100,806.4516129,24.19354839,717.079003,0.066667814,NA,NA,NA,0.212123165738171,0.192056790993298
27,"CHOCO",27077,"BAJO BAUDO",2024,34197,0.970120753,0.029879247,17805,0.520659707,0.486114,48.6114,9.4212,0.5053,12.987,12.9399,99.86,99.25,91.38,96.83,74.24220237,0,123.0769231,95.895632,0.002804212,NA,NA,NA,0.208349065800518,0.188682858216299
27,"CHOCO",27086,"BELEN DE BAJIRA",2024,NA,1,0,3,0.862234107,0.786625,88.30685,30.14675,2.02605,11.139,9.1351,85.4,58.95,87.975,70.935,82.29170849,0,0,200.260041,0.022623774,NA,NA,NA,0.236923662676852,0.212042424252667
27,"CHOCO",27099,"BOJAYA",2024,13019,0.950612781,0.049387219,13708,1,1.057734,105.7734,24.1002,0.4814,6.0533,9.9981,60.83,36.71,39.19,45.57666667,100,0,232.8767123,136.113539,0.010454992,NA,NA,NA,0.238068829167779,0.213241831621696
27,"CHOCO",27135,"CANTON DE SAN PABLO",2024,6486,0.958024691,0.041975309,5670,0.874190564,0.821559,82.1559,33.7209,2.5136,13.1025,5.5707,93.54,97.61,82.5,91.21666667,75.64919157,0,16.94915254,658.224297,0.101483857,NA,NA,NA,0.279808053886439,0.246710108785496
27,"CHOCO",27150,"CARMEN DEL DARIEN",2024,21234,0.961357596,0.038642404,9782,0.460676274,0.65022,65.022,17.4767,2.7843,10.1911,4.1529,100,0,100,66.66666667,55.87438227,0,11.42857143,369.03966,0.017379658,NA,NA,NA,0.244430487340105,0.218347150390563
27,"CHOCO",27160,"CERTEGUI",2024,5986,0.951135582,0.048864418,4359,0.728199131,0.82685,82.685,42.3423,3.1276,11.1486,9.2139,92.43,97.01,100,96.48,5.426356589,0,51.28205128,105.347548,0.017598989,NA,NA,NA,0.254593414604113,0.226020156713861
27,"CHOCO",27205,"CONDOTO",2024,12664,0.928183822,0.071816178,11794,0.931301327,0.866418,86.6418,48.3066,3.7185,8.231,9.4622,92.6,97.68,92.53,94.27,100,0,21.27659574,567.857792,0.044840318,NA,NA,NA,0.270854463201146,0.239689479908427
27,"CHOCO",27245,"EL CARMEN",2024,8622,0.807844818,0.192155182,9331,1,1.298184,129.8184,38.5507,1.7403,9.0361,11.3788,36.83,33.73,36.8,35.78666667,100,0,35.97122302,1368.948589,0.158773903,NA,NA,NA,0.182223678709322,0.167397138567488
27,"CHOCO",27250,"EL LITORAL DEL SAN JUAN",2024,26236,0.95181428,0.04818572,10252,0.390760787,0.468548,46.8548,8.985,1.4851,15.6022,10.3725,100,100,100,100,28.50203698,3076.923077,15.38461538,142.269505,0.005422683,NA,NA,NA,0.338750556799653,0.289384811749036
27,"CHOCO",27361,"ITSMINA",2024,35215,0.834018887,0.165952146,34522,0.980320886,1.106761,110.6761,53.4247,3.3638,11.1625,9.0417,0,0,100,33.33333333,100,238.6634845,23.86634845,1261.426491,0.035820715,NA,NA,NA,0.285404309156906,0.249776940228959
27,"CHOCO",27372,"JURADO",2024,8260,0.96705978,0.03294022,4918,0.595399516,0.562679,56.2679,16.0606,0.8915,15.3046,13.5215,59.29,59.29,59.29,59.29,100,0,48.19277108,448.111416,0.054250777,NA,NA,NA,0.203549102338922,0.185274777025593
27,"CHOCO",27413,"LLORO",2024,10316,0.964809873,0.035190127,11992,1,1.119126,111.9126,36.4407,0.3732,8.18,4.3046,77.33,70.39,90.47,79.39666667,92.62652705,515.4639175,41.2371134,71.526568,0.006933556,NA,NA,NA,0.195236975776548,0.178344471812582
27,"CHOCO",27425,"MEDIO ATRATO",2024,11179,0.971016604,0.028983396,6866,0.614187316,0.609276,60.9276,8.0071,0.4658,7.2194,9.6879,84.82,0,21.63,35.48333333,100,0,62.5,58.843775,0.005263778,NA,NA,NA,0.266935824651477,0.236456106914423
27,"CHOCO",27430,"MEDIO BAUDO",2024,17004,0.958640086,0.041359914,12089,0.710950365,0.682665,68.2665,15.2703,0.6757,6.0541,5.4595,64.92,46.26,72.64,61.27333333,83.03373056,492.6108374,4.926108374,465.486815,0.027375136,NA,NA,NA,0.252621272880179,0.224303082870855
27,"CHOCO",27450,"MEDIO SAN JUAN",2024,11112,0.959360426,0.040639574,9006,0.810475162,0.801587,80.1587,32.5056,1.6838,11.1294,5.5852,86.56,49.21,70.72,68.83,81.83020365,1250,37.5,150.847541,0.013575193,NA,NA,NA,0.263335154812708,0.233308596889559
27,"CHOCO",27491,"NOVITA",2024,9825,0.965883489,0.034116511,6214,0.632468193,0.716807,71.6807,25.6684,4.0642,11.4439,7.2193,90.61,35.48,47.02,57.70333333,81.05107328,0,16.66666667,178.778751,0.018196311,NA,NA,NA,0.231640254901366,0.208346821579019
27,"CHOCO",27495,"NUQUI",2024,18555,0.957544251,0.042455749,8079,0.435408246,0.405048,40.5048,7.7403,3.5421,10.0604,14.3413,100,100,100,100,100,0,74.07407407,736.839305,0.039711092,NA,NA,NA,0.179774468924184,0.165323292179931
27,"CHOCO",27580,"RIO IRO",2024,5747,0.964511524,0.035488476,4903,0.853140769,0.960027,96.0027,41.1017,2.4331,12.5912,5.8394,90.65,81.53,94.96,89.04666667,43.87351779,0,20.83333333,103.524966,0.01801374,NA,NA,NA,0.288566551119317,0.25286519839477
27,"CHOCO",27600,"RIO QUITO",2024,8434,0.959793222,0.040206778,8705,1,0.9017,90.17,31.6527,2.7199,12.2338,9.7915,27.75,43.84,86.18,52.59,88.09306569,1470.588235,29.41176471,203.86021,0.024171237,NA,NA,NA,0.249145263377115,0.222017146669436
27,"CHOCO",27615,"RIOSUCIO",2024,30082,0.947074494,0.052925506,31157,1,0.950566,95.0566,22.0486,1.4904,12.3294,9.3348,41.97,2.58,98.14,47.56333333,82.43702727,0,17.56954612,488.743013,0.016247025,NA,NA,NA,0.228245429012727,0.205586670514999
27,"CHOCO",27660,"SAN JOSE DEL PALMAR",2024,5164,0.975454545,0.024545455,4400,0.852052672,0.684012,68.4012,21.7195,5.8639,13.089,9.3194,64.41,64.41,64.41,64.41,48.17073171,1492.537313,14.92537313,114.018123,0.02207942,NA,NA,NA,0.253408072123591,0.225866298969279
27,"CHOCO",27745,"SIPI",2024,3325,0.968954248,0.031045752,3672,1,0.673428,67.3428,13.1737,1.4785,14.1129,13.0376,58,88.62,72.5,73.04,80.46166529,0,0,167.099279,0.050255422,NA,NA,NA,0.265441591991414,0.235421145841831
27,"CHOCO",27787,"TADO",2024,19134,0.949581507,0.050418493,20072,1,1.075121,107.5121,53.3333,1.8073,11.4366,5.5097,70.02,52.88,83.28,68.72666667,74.36773753,961.5384615,67.30769231,664.22731,0.034714504,NA,NA,NA,0.334672277306508,0.288685776552133
27,"CHOCO",27800,"UNGUIA",2024,12703,0.976091187,0.023908813,10791,0.849484374,0.909818,90.9818,28.6408,7.4517,13.2953,9.0563,84.82,52.2,98.47,78.49666667,100,0,6.41025641,236.467328,0.018615077,NA,NA,NA,0.241622309879666,0.216418838938464
27,"CHOCO",27810,"UNION PANAMERICANA",2024,7202,0.945240101,0.054759899,5935,0.824076645,0.926923,92.6923,39.9254,5.9306,10.7818,8.4543,87.89,87.89,100,91.92666667,82.14638971,0,20.83333333,196.659872,0.027306286,NA,NA,NA,0.288619513738491,0.252798245570112
41,"HUILA",41001,"NEIVA",2024,396442,0.526741912,0.473251152,432542,1,0.903028,90.0706,50.8067,5.7458,9.144,7.9775,92.22,91.96,91.85,92.01,100,49.6031746,6.696428571,86036.89621,0.217022657,NA,NA,NA,1.74757905731706,1.01072018115539
41,"HUILA",41006,"ACEVEDO",2024,25976,0.955013354,0.044986646,35944,1,1.038298,103.8298,52.9144,4.6364,5.3953,2.9667,31.69,16.85,16.85,21.79666667,100,0,4.264392324,534.391349,0.020572503,NA,NA,NA,0.39103851078181,0.330050598238733
41,"HUILA",41013,"AGRADO",2024,9282,0.890910982,0.109089018,9616,1,0.82075,82.075,38.6555,2.1972,7.9314,7.2347,99.9,98.64,98.69,99.07666667,100,0,0,426.404514,0.045938862,NA,NA,NA,0.519386803503198,0.418306834715054
41,"HUILA",41016,"AIPE",2024,17200,0.810084741,0.189915259,16639,0.967383721,0.814104,81.4104,46.2783,5.3172,7.6412,6.0725,86.28,86.28,80.33,84.29666667,100,0,11.11111111,3110.342537,0.180833868,NA,NA,NA,0.436340536982642,0.362098585257708
41,"HUILA",41020,"ALGECIRAS",2024,22769,0.928377221,0.071622779,26849,1,0.767287,76.7287,39.5178,3.1706,6.3599,7.3594,76.87,70.89,70.69,72.81666667,89.46894689,0,0,535.138509,0.023502943,NA,NA,NA,0.322429762768126,0.279470773901871
41,"HUILA",41026,"ALTAMIRA",2024,4710,0.8581363,0.1418637,2876,0.610615711,0.669683,66.9683,37.7483,4.127,7.619,5.873,95.48,85.74,91.19,90.80333333,100,0,0,404.355938,0.085850518,NA,NA,NA,0.569819010201653,0.450960332588617
41,"HUILA",41078,"BARAYA",2024,8221,0.911755817,0.088244183,6618,0.805011556,0.562466,56.2466,21.902,4.1889,6.4171,10.6061,46.19,46.19,46.19,46.19,63.04573805,0,0,181.200588,0.022041186,NA,NA,NA,0.339957622176602,0.29263798822139
41,"HUILA",41132,"CAMPOALEGRE",2024,31873,0.786650251,0.213320435,34113,1,0.790881,79.0732,36.0215,3.8821,8.2114,7.0122,67.51,67.51,67.51,67.51,88.89852559,0,3.225806452,2675.908467,0.083955337,NA,NA,NA,0.607524528052529,0.467678441165809
41,"HUILA",41206,"COLOMBIA",2024,7666,0.931324177,0.068675823,7499,0.978215497,0.814883,81.4883,33.6,4.2129,6.2823,4.139,43.08,17.24,10.54,23.62,78.32191781,0,15.625,122.117903,0.015929807,NA,NA,NA,0.272954098266423,0.241340261004054
41,"HUILA",41244,"ELIAS",2024,4683,0.907179972,0.092820028,4234,0.90412129,0.743697,74.3697,36.5854,1.8893,5.668,6.7476,97.33,61.45,89.71,82.83,76.44508671,0,26.31578947,190.988473,0.04078336,NA,NA,NA,0.569583594607555,0.450810357816869
41,"HUILA",41298,"GARZON",2024,76079,0.786403693,0.213584966,88171,1,0.863303,86.3303,50.911,3.9579,6.2336,6.0759,65.53,65.07,59,63.2,98.47466204,0,6.142506143,5462.49106,0.071800248,NA,NA,NA,0.897228111362582,0.640393932201511
41,"HUILA",41306,"GIGANTE",2024,23760,0.844225463,0.155774537,25370,1,0.863974,86.3974,53.1672,4.4427,5.5534,5.2027,33.9,33,29.87,32.25666667,90.00152184,0,8.298755187,1232.087013,0.051855514,NA,NA,NA,0.660760271032055,0.507275492118562
41,"HUILA",41319,"GUADALUPE",2024,18490,0.927664166,0.072335834,20391,1,0.807564,80.7564,41.4501,3.0825,7.0814,4.832,93.33,83.26,88.68,88.42333333,91.98425479,0,0,480.429637,0.025983215,NA,NA,NA,0.490588340896021,0.399170901682566
41,"HUILA",41349,"HOBO",2024,7995,0.790367554,0.209632446,7890,0.986866792,0.8053,80.53,30.6859,3.9121,6.9321,8.1675,100,100,100,100,93.78238342,0,10.52631579,888.434548,0.111123771,NA,NA,NA,0.487112176508061,0.39683610276859
41,"HUILA",41357,"IQUIRA",2024,9715,0.923172353,0.076827647,11285,1,0.90202,90.202,36.1644,5.205,9.0742,8.4293,80.03,46.33,46.57,57.64333333,90.65238559,0,18.98734177,287.864539,0.029630936,NA,NA,NA,0.296847837629437,0.259936579739081
41,"HUILA",41359,"ISNOS",2024,26521,0.936975345,0.063024655,30258,1,0.873825,87.3825,42.9006,4.3988,4.8466,3.6755,86.02,45.41,81.31,70.91333333,100,0,13.1147541,1020.204806,0.038467811,NA,NA,NA,0.420778238149306,0.351204776520581
41,"HUILA",41378,"LA ARGENTINA",2024,13876,0.941008268,0.058991732,16087,1,0.830621,83.0621,40.1869,4.7805,10.9419,12.1459,39.98,38.58,38.58,39.04666667,80.56426332,671.1409396,0,475.123214,0.034240647,NA,NA,NA,0.250613083578972,0.223633897937829
41,"HUILA",41396,"LA PLATA",2024,67536,0.851895472,0.148104528,72172,1,0.848076,84.7948,46.2596,3.2132,5.8335,5.9267,51.11,49.69,49.69,50.16333333,100,0,19.58384333,3300.284023,0.048867034,NA,NA,NA,0.403000210469825,0.338612951134443
41,"HUILA",41483,"NATAGA",2024,7007,0.910412009,0.089587991,6262,0.893677751,0.861111,86.1111,41.9608,3.1798,5.9053,6.9435,72.16,72.32,72.32,72.26666667,88.06238752,0,0,166.818337,0.023807384,NA,NA,NA,0.326666770233185,0.282669608693449
41,"HUILA",41503,"OPORAPA",2024,12309,0.936336384,0.063663616,12676,1,0.733942,73.3942,48.5323,3.272,3.3947,4.8671,23.59,21.26,21.26,22.03666667,85.25098703,0,17.54385965,118.61205,0.009636205,NA,NA,NA,0.450631967571239,0.37199930118625
41,"HUILA",41518,"PAICOL",2024,7546,0.87195572,0.12804428,5420,0.718261331,0.723153,72.3153,51.1194,4.0717,4.6417,3.013,43.03,43.03,43.03,43.03,100,0,0,548.972245,0.072750099,NA,NA,NA,0.45398989854581,0.374311431732181
41,"HUILA",41524,"PALERMO",2024,26677,0.827143951,0.172856049,20896,0.783296473,1.040014,103.3492,53.8545,4.5747,9.4072,10.6314,49.92,48.8,48.8,49.17333333,100,0,11.85770751,8661.859185,0.324693901,NA,NA,NA,0.631736152907994,0.48964457245949
41,"HUILA",41530,"PALESTINA",2024,11821,0.945345392,0.054654608,12826,1,0.822131,82.2131,41.1058,3.9292,5.8697,4.1451,63.17,31.25,31.25,41.89,100,0,0,151.056484,0.012778655,NA,NA,NA,0.254852104939977,0.227017720970178
41,"HUILA",41548,"PITAL",2024,14641,0.918294715,0.081705285,13206,0.901987569,0.901377,90.1096,48.7941,3.0697,5.9726,7.8412,37.13,37.13,37.13,37.13,96.6241361,0,0,314.257996,0.021464244,NA,NA,NA,0.380790577989677,0.322656217735736
41,"HUILA",41551,"PITALITO",2024,140776,0.765077122,0.234911004,168434,1,0.982274,98.2035,43.7704,4.637,9.2341,8.1234,95.77,65.48,65.48,75.57666667,100,53.36179296,6.937033084,14334.28379,0.101823349,NA,NA,NA,0.920509914058472,0.652590731018289
41,"HUILA",41615,"RIVERA",2024,28367,0.817006095,0.182993905,20181,0.711425248,1.025086,102.3265,53.4214,4.8507,10.5666,11.2331,52.47,52.47,52.47,52.47,100,0,4.716981132,5998.909475,0.211474935,NA,NA,NA,0.857814402502213,0.619400744391558
41,"HUILA",41660,"SALADOBLANCO",2024,10768,0.945257298,0.054742702,14011,1,0.861766,86.1766,36.1364,5.2055,6.5362,9.9022,83.86,32.75,19.28,45.29666667,100,0,5.649717514,260.456631,0.024188023,NA,NA,NA,0.522423359593109,0.410047812895964
41,"HUILA",41668,"SAN AGUSTIN",2024,35620,0.92079866,0.07920134,37613,1,0.846495,84.6495,47.2927,3.6969,4.4292,4.1987,97.27,94.46,84.75,92.16,100,662.2516556,6.622516556,1001.47797,0.028115608,NA,NA,NA,0.216602816331714,0.196062397821823
41,"HUILA",41676,"SANTA MARIA",2024,10740,0.929421165,0.070578835,11264,1,0.822625,82.2625,48.329,3.9668,5.2559,4.5203,35.76,35.7,32.96,34.80666667,77.88806176,0,0,181.614197,0.016910074,NA,NA,NA,0.254371861540409,0.2266349385547
41,"HUILA",41770,"SUAZA",2024,25611,0.946033025,0.053966975,24830,0.969505291,0.951287,95.1103,39.9764,4.9634,8.8671,3.4821,59.62,36.91,47.74,48.09,82.50820569,312.5,6.25,452.800963,0.017679941,NA,NA,NA,0.454820491608255,0.374882519547207
41,"HUILA",41791,"TARQUI",2024,18649,0.925697487,0.074302513,17348,0.930237546,0.74645,74.645,41.9137,4.4984,6.7456,7.7242,46.1,31.34,28.37,35.27,84.66453674,0,11.11111111,351.544557,0.018850585,NA,NA,NA,0.461204641086434,0.379261192149683
41,"HUILA",41797,"TESALIA",2024,12047,0.821272037,0.178727963,10267,0.852245372,0.747759,74.7759,52.3929,3.7513,4.8818,7.8109,69.32,67.25,67.52,68.03,100,0,0,1547.963048,0.128493654,NA,NA,NA,0.505813384983684,0.40933320734622
41,"HUILA",41799,"TELLO",2024,12495,0.897584892,0.102415108,11014,0.881472589,0.767825,76.7825,40.6522,5.4758,7.3094,5.0269,37.98,37.98,37.98,37.98,67.15918595,0,17.54385965,535.229511,0.042835495,NA,NA,NA,0.513831559669327,0.414643893653766
41,"HUILA",41801,"TERUEL",2024,8237,0.899032174,0.100967826,7646,0.928250577,0.702732,70.2732,31.7241,5.3994,8.8018,11.4645,40.14,40.14,40.14,40.14,100,0,0,298.719596,0.036265582,NA,NA,NA,0.288001264742627,0.253091609624713
41,"HUILA",41807,"TIMANA",2024,23228,0.907646246,0.092353754,21710,0.934647839,0.768735,76.8735,40.1669,4.2642,8.2776,9.3924,95.71,66.99,94.85,85.85,99.36880072,0,9.389671362,461.749903,0.019879021,NA,NA,NA,0.844056669359002,0.6119678564187
41,"HUILA",41872,"VILLAVIEJA",2024,7418,0.874297545,0.125702455,6762,0.91156646,0.839595,83.9595,47.4654,3.6304,9.9835,5.6931,41.12,41.12,25.05,35.76333333,95.65637066,0,21.73913043,513.977201,0.069287841,NA,NA,NA,0.399860037015712,0.335185642868061
41,"HUILA",41885,"YAGUARA",2024,8003,0.733657183,0.266342817,7205,0.900287392,0.832021,83.2021,48.0159,2.1986,8.2513,7.5057,86.98,77.52,81.05,81.85,91.94699286,0,0,1989.921503,0.248646945,NA,NA,NA,0.738530145576252,0.553040012307535
44,"LA GUAJIRA",44001,"RIOHACHA",2024,209292,0.804601791,0.195398209,326047,1,1.085927,108.4852,44.7947,3.6537,10.5747,11.0319,85.95,85.78,90.22,87.31666667,43.77074574,162.8001628,19.33251933,22898.51608,0.109409419,NA,NA,NA,0.50173495785308,0.406621078285837
44,"LA GUAJIRA",44035,"ALBANIA",2024,35960,0.718817495,0.281182505,29632,0.824026696,0.802793,79.9141,28.8069,2.5792,10.479,8.4893,63.24,62.79,73.4,66.47666667,74.3453957,0,13.66120219,13078.49115,0.363695527,NA,NA,NA,0.871669370710729,0.606906331386205
44,"LA GUAJIRA",44078,"BARRANCAS",2024,42798,0.769845514,0.230095068,33660,0.78648535,0.728847,72.8563,27.6817,3.522,9.5001,8.0656,66.84,66.15,74.36,69.11666667,36.84454041,0,8.421052632,5728.398552,0.133847342,NA,NA,NA,1.70655741948154,0.995677502430385
44,"LA GUAJIRA",44090,"DIBULLA",2024,48596,0.920829793,0.079170207,34129,0.702300601,0.617033,61.7033,15.5412,4.3226,13.0403,3.9768,100,33.7,100,77.9,63.07464162,323.6245955,19.41747573,3839.876253,0.079016303,NA,NA,NA,0.656083131787728,0.499559088330196
44,"LA GUAJIRA",44098,"DISTRACCION",2024,14277,0.90894417,0.09105583,10532,0.737689991,0.745911,74.5911,27.8075,4.7809,10.757,8.3303,86.01,75.04,71.18,77.41,67.24842183,0,17.34104046,376.488913,0.02637031,NA,NA,NA,0.621690887563,0.481974041258636
44,"LA GUAJIRA",44110,"EL MOLINO",2024,7527,0.935121888,0.064878112,7753,1,0.855646,85.5064,29.5374,4.0458,15.8658,7.8626,88.01,88.01,88.65,88.22333333,4.553415061,0,22.72727273,257.066067,0.034152527,NA,NA,NA,0.363962386368421,0.310393983064815
44,"LA GUAJIRA",44279,"FONSECA",2024,53775,0.767774454,0.232225546,48806,0.907596467,0.908443,90.8277,39.094,4.5659,9.4053,6.7117,62.18,62.18,69.37,64.57666667,69.43510424,337.2681282,8.431703204,2279.260055,0.042385124,NA,NA,NA,0.709416246975615,0.536151936194853
44,"LA GUAJIRA",44378,"HATONUEVO",2024,23232,0.754586819,0.245413181,20439,0.879777893,0.782968,78.1346,42.3695,3.0844,7.2108,5.2644,80.8,80.8,93.1,84.9,11.4078596,0,21.35231317,2741.560593,0.118007946,NA,NA,NA,1.02665391601512,0.669734970700809
44,"LA GUAJIRA",44420,"LA JAGUA DEL PILAR",2024,4149,0.94335512,0.05664488,2295,0.553145336,0.607522,60.7522,28.4884,3.0259,12.1037,12.3919,62.51,62.51,52.08,59.03333333,79.57957958,0,30.3030303,262.912577,0.063367698,NA,NA,NA,0.834839737143374,0.605026074158375
44,"LA GUAJIRA",44430,"MAICAO",2024,208965,0.917346942,0.082653058,301961,1,1.019905,101.8813,36.3308,2.8275,11.4398,4.7907,71.1,61.44,78.96,70.5,17.61594793,160.5995717,24.08993576,12720.81813,0.060875353,NA,NA,NA,1.24160378356838,0.807191584486573
44,"LA GUAJIRA",44560,"MANAURE",2024,96422,0.957794098,0.042205902,89324,0.926386094,0.988847,98.878,15.0943,2.3376,20.1838,10.4626,71.67,71.67,71.67,71.67,8.724857685,172.4137931,28.44827586,4132.826364,0.042861861,NA,NA,NA,0.71507078872676,0.539454355991579
44,"LA GUAJIRA",44650,"SAN JUAN DEL CESAR",2024,57850,0.77776562,0.22223438,54834,0.947865169,0.864607,86.2849,36.7005,3.3957,9.6094,9.1631,56.77,53.43,67.11,59.10333333,66.19296933,0,14.59854015,3180.499724,0.054978388,NA,NA,NA,0.653921457860305,0.503149109295219
44,"LA GUAJIRA",44847,"URIBIA",2024,200665,0.950943658,0.049056342,201503,1,1.250826,125.0788,16.6167,1.6195,14.4211,9.6226,54.23,60.62,49.38,54.74333333,5.332050048,97.53718605,17.55669349,8551.324767,0.042614929,NA,NA,NA,0.389511047988255,0.328951921221892
44,"LA GUAJIRA",44855,"URUMITA",2024,11700,0.832992795,0.167007205,9299,0.794786325,0.697573,69.7573,34.9776,1.5625,10.07,3.8793,81.11,80.93,75.62,79.22,100,925.9259259,9.259259259,396.677895,0.033904094,NA,NA,NA,0.923776640468142,0.654290254271632
44,"LA GUAJIRA",44874,"VILLANUEVA",2024,32651,0.841684657,0.158315343,26403,0.808642921,0.740765,73.9586,40.625,4.0808,11.5393,7.399,87.35,86.36,85.77,86.49333333,16.30740394,0,18.92744479,1454.241125,0.044538946,NA,NA,NA,0.984716153698178,0.685475908296259
47,"MAGDALENA",47001,"SANTA MARTA",2024,574486,0.610690573,0.389299839,625785,1,1.030313,102.6969,53.7137,4.6648,8.7322,4.9529,19.97,16.36,0,12.11,69.94010241,32.16468318,9.810228369,150853.2139,0.262588147,NA,NA,NA,0.745615998376693,0.551841743639661
47,"MAGDALENA",47030,"ALGARROBO",2024,18615,0.639834071,0.360165929,17839,0.958313188,0.808009,80.6674,46.8232,2.8541,8.0485,4.2542,64.12,4.51,99.87,56.16666667,100,0,18.75,736.22476,0.039550081,NA,NA,NA,0.473251362867745,0.386701114590643
47,"MAGDALENA",47053,"ARACATACA",2024,44403,0.899979476,0.100020524,29234,0.658378938,0.801786,79.9577,33.0794,3.1471,11.4381,6.3779,100,47.01,100,82.33666667,60.85502747,0,5.847953216,2057.267388,0.046331721,NA,NA,NA,0.53885668703607,0.431039729686465
47,"MAGDALENA",47058,"ARIGUANI",2024,31525,0.950589574,0.049410426,31633,1,0.905182,89.7505,38.4914,1.7823,8.7485,2.2414,56.38,8.4,52.42,39.06666667,20.78986587,0,10.58201058,2174.669944,0.068982393,NA,NA,NA,0.438020625837605,0.363267602615742
47,"MAGDALENA",47161,"CERRO SAN ANTONIO",2024,11374,0.963148365,0.036851635,9389,0.825479163,0.747346,74.7346,31.4815,6.2827,16.5969,8.9005,61.07,0,44.02,35.03,56.78033307,0,0,62.556,0.005499912,NA,NA,NA,0.812450736329287,0.594679927421056
47,"MAGDALENA",47170,"CHIVOLO",2024,25934,0.952460106,0.047539894,21056,0.811907149,0.798122,79.7253,34.2553,3.1817,7.1638,1.6201,78.22,70.94,63.62,70.92666667,26.33807076,0,17.48251748,402.570155,0.015522872,NA,NA,NA,0.37642267700002,0.319487870393974
47,"MAGDALENA",47189,"CIENAGA",2024,136851,0.703971832,0.296028168,146834,1,0.914006,91.0006,37.6368,5.2902,11.7249,5.3477,83.47,66.48,97.77,82.57333333,67.07523246,74.57121551,14.9142431,12457.84312,0.091032167,NA,NA,NA,0.857704750281516,0.619341720488723
47,"MAGDALENA",47205,"CONCORDIA",2024,11170,0.968761978,0.031238022,10436,0.934288272,0.873215,87.3215,47.0738,3.9683,8.5538,2.6896,83.47,83.47,83.47,83.47,56.70454545,0,0,320.94108,0.028732415,NA,NA,NA,0.619831035970433,0.475201176393039
47,"MAGDALENA",47245,"EL BANCO",2024,75024,0.889645075,0.110341368,73762,0.983178716,0.957943,95.7241,47.2824,2.8053,9.3314,3.3284,73.63,30.93,53.98,52.84666667,24.05920723,0,13.02083333,2078.86419,0.027709322,NA,NA,NA,0.607765433795511,0.474845285610775
47,"MAGDALENA",47258,"EL PIÑON",2024,26170,0.957977122,0.042022878,16610,0.634696217,0.692756,69.2756,39.5018,3.2999,8.4213,6.2038,41.09,23.01,23.01,29.03666667,42.86746118,653.5947712,26.14379085,256.685879,0.009808402,NA,NA,NA,0.719849753050719,0.52346784247506
47,"MAGDALENA",47268,"EL RETEN",2024,21274,0.91943727,0.080507776,18197,0.855363354,0.945485,94.42,42.7497,2.1462,11.578,5.321,73.79,0,73.79,49.19333333,51.60857909,0,15.38461538,1044.948986,0.049118595,NA,NA,NA,0.484322852368429,0.394221013121037
47,"MAGDALENA",47288,"FUNDACION",2024,75360,0.749151708,0.250848292,97549,1,0.94841,94.2228,44.3193,1.5721,8.7704,3.7617,98.92,98.92,99.8,99.21333333,80.98518774,94.16195857,8.474576271,5296.965619,0.070288822,NA,NA,NA,0.415434491438203,0.347436545048663
47,"MAGDALENA",47318,"GUAMAL",2024,28668,0.938869863,0.061130137,29200,1,0.89196,89.1069,49.8172,3.1896,7.3525,3.1596,62.16,39.87,35.38,45.80333333,58.980379,0,3.802281369,532.155448,0.018562699,NA,NA,NA,0.526478718009743,0.4229635914053
47,"MAGDALENA",47460,"NUEVA GRANADA",2024,22650,0.944067221,0.055932779,23564,1,0.926549,92.4173,31.9053,1.4963,10.4382,5.8603,64.14,65.62,65.62,65.12666667,38.69740908,0,6.849315068,913.72335,0.040340987,NA,NA,NA,0.44249779275631,0.366294974440485
47,"MAGDALENA",47541,"PEDRAZA",2024,10248,0.973208379,0.026791621,9070,0.885050742,0.790585,79.0585,32.6975,1.8965,13.2752,4.613,50.74,16.58,0,22.44,18.56850716,0,21.27659574,93.779945,0.009151048,NA,NA,NA,0.427211335611579,0.355722425365022
47,"MAGDALENA",47545,"EL PIJI¥O DEL CARMEN",2024,14019,0.947971039,0.052028961,11878,0.847278693,1.064327,106.4035,49.2453,4.7329,9.2218,3.1715,57.38,45.96,49.13,50.82333333,33.11546841,0,13.24503311,506.10982,0.036101706,NA,NA,NA,0.665751180427382,0.502193123939311
47,"MAGDALENA",47551,"PIVIJAY",2024,40406,0.916178026,0.083821974,41612,1,0.906003,90.5429,41.0864,5.8059,13.184,6.7591,42.08,39.44,42.05,41.19,51.49719776,0,16.30434783,1999.445657,0.04948388,NA,NA,NA,0.440781260401295,0.365185508410583
47,"MAGDALENA",47555,"PLATO",2024,72742,0.887388677,0.112611323,66361,0.912279013,0.813793,81.3357,33.6936,1.3869,9.253,2.7297,99.99,39.04,100,79.67666667,14.52479339,0,21.73913043,4226.694897,0.058105289,NA,NA,NA,0.466948885884533,0.38318465593933
47,"MAGDALENA",47570,"PUEBLOVIEJO",2024,34162,0.960085248,0.039914752,27684,0.8103741,0.729132,72.6064,28.0156,2.5961,14.4464,14.3821,97.33,0,97.33,64.88666667,2.440929506,322.5806452,9.677419355,565.808445,0.016562509,NA,NA,NA,0.605775815071041,0.469456183158666
47,"MAGDALENA",47605,"REMOLINO",2024,13533,0.961322441,0.038677559,7834,0.578881253,0.597826,59.7438,25.641,3.5932,15.4689,11.084,100,0,100,66.66666667,6.517047907,0,0,131.672678,0.009729748,NA,NA,NA,0.542218970598147,0.433222269338439
47,"MAGDALENA",47660,"SABANA DE SAN ANGEL",2024,16704,0.953028594,0.046971406,15073,0.902358716,0.936997,92.688,28.6982,2.9194,14.9205,8.671,40.75,16.81,40.62,32.72666667,31.41040735,0,6.134969325,726.590598,0.043498,NA,NA,NA,0.486513250431162,0.39356442321178
47,"MAGDALENA",47675,"SALAMINA",2024,12611,0.926792069,0.073207931,9835,0.779874713,0.764143,76.4143,38.2051,2.1692,7.4295,2.7115,64.38,64.05,62.88,63.77,49.6257485,0,0,990.112767,0.078511836,NA,NA,NA,0.626942356513251,0.48670239829965
47,"MAGDALENA",47692,"SAN SEBASTIAN BUENAVIST",2024,21808,0.938882222,0.061117778,23332,1,0.990996,98.532,52.5672,1.6195,6.3134,0.9966,68.81,26.28,24.12,39.73666667,62.81134936,0,3.984063745,850.44,0.038996698,NA,NA,NA,0.512842755705645,0.405851922992238
47,"MAGDALENA",47703,"SAN ZENON",2024,13973,0.94763609,0.05236391,10618,0.759894081,0.834181,83.4181,36.1059,2.9818,12.6451,4.3628,63.8,29.21,29.21,40.74,59.60892148,0,6.993006993,464.940035,0.033274174,NA,NA,NA,0.869417721574007,0.62562700354061
47,"MAGDALENA",47707,"SANTA ANA",2024,28187,0.907132697,0.092867303,24605,0.87292014,0.869022,86.6245,39.414,2.0199,11.0909,2.5166,54.6,38.97,43.21,45.59333333,39.76298538,0,9.433962264,729.263237,0.025872325,NA,NA,NA,0.422523866546791,0.352432664766383
47,"MAGDALENA",47720,"SANTA BARBARA DE PINTO",2024,11045,0.939635842,0.060364158,11149,1,0.943007,94.3007,37.9775,1.7026,10.4239,7.8527,70.58,58.05,70.58,66.40333333,0.04899559,0,17.54385965,61.517747,0.005569737,NA,NA,NA,0.493813104650339,0.400132653274856
47,"MAGDALENA",47745,"SITIONUEVO",2024,28889,0.956816507,0.043183493,20355,0.704593444,0.783293,78.129,28.5836,3.8277,8.7235,1.4955,72.35,0,72.35,48.23333333,8.938120703,0,20.49180328,14279.80473,0.494299032,NA,NA,NA,9.06379940895883,1.61734511117755
47,"MAGDALENA",47798,"TENERIFE",2024,14340,0.943758573,0.056241427,13122,0.915062762,0.943025,94.3025,50.7042,1.3029,8.6048,4.696,64.5,51.11,47.56,54.39,13.76445087,649.3506494,12.98701299,450.031325,0.031382938,NA,NA,NA,0.784346561914737,0.57905227645453
47,"MAGDALENA",47960,"ZAPAYAN",2024,11061,0.965211755,0.034788245,9256,0.836814031,0.809698,80.9698,36.983,3.4046,9.6464,3.1864,63.4,29.1,58.44,50.31333333,35.79716373,0,14.49275362,247.929201,0.022414718,NA,NA,NA,0.586135637833336,0.451025763245127
47,"MAGDALENA",47980,"ZONA BANANERA",2024,79037,0.646982433,0.353017567,70073,0.886584764,1.005039,100.1842,38.2411,2.4416,11.12,5.0053,78.52,0,99.9,59.47333333,76.09998869,0,6.499535747,4533.170507,0.057355043,NA,NA,NA,0.667445750796209,0.506612544444618
50,"META",50001,"VILLAVICENCIO",2024,579176,0.506915392,0.493072596,582758,1,0.877105,87.6314,52.4303,4.1126,8.4264,6.8772,51.52,53.07,92.96,65.85,100,51.57297576,8.251676122,106727.5788,0.184274864,NA,NA,NA,2.02839434313641,1.10803255930722
50,"META",50006,"ACACIAS",2024,102025,0.524004898,0.475974169,95543,0.936466552,1.002348,100.1661,54.7635,4.527,10.5503,10.8576,97.19,87.25,92.28,92.24,100,0,7.882882883,42579.71726,0.417345918,NA,NA,NA,2.37069476955833,1.21511888618927
50,"META",50110,"BARRANCA DE UPIA",2024,7750,0.657436709,0.342405063,6320,0.815483871,0.885284,88.5284,50.3497,6.9532,8.9703,2.402,70.06,62.98,62.94,65.32666667,90.69462647,0,0,4622.639778,0.596469649,NA,NA,NA,0.593890282704316,0.466177746571376
50,"META",50124,"CABUYARO",2024,6865,0.638366156,0.361633844,6855,0.998543336,1.09,109,54.2056,4.4693,8.442,6.1453,52.67,52.72,52.72,52.70333333,69.28301887,0,18.86792453,19682.4392,2.867070532,NA,NA,NA,0.557934856705446,0.443361134446963
50,"META",50150,"CASTILLA LA NUEVA",2024,17240,0.616809414,0.383190586,14361,0.83300464,0.858013,85.8013,45.0652,4.574,10.0332,11.3242,82.5475,73.6275,78.28,78.1516666675,95.30651341,0,13.24503311,12757.04444,0.739967775,NA,NA,NA,2.15169410493148,1.14794011935835
50,"META",50223,"CUBARRAL",2024,7436,0.838622094,0.161377906,5893,0.792495966,0.795364,79.5364,39.2593,4.8193,9.4703,12.3695,40.04,40.04,40.04,40.04,77.27856226,0,15.38461538,313.967011,0.042222567,NA,NA,NA,0.289917269030633,0.254578083782609
50,"META",50226,"CUMARAL",2024,24556,0.591684176,0.408315824,24748,1,1.012915,101.212,55.4513,4.4401,9.3134,7.8839,47.694,45.048,50.27,47.670666666,99.28100659,0,12.09677419,4399.873389,0.179177121,NA,NA,NA,0.657085013270567,0.505060042662782
50,"META",50245,"EL CALVARIO",2024,1896,0.90473018,0.09526982,1501,0.791666667,0.740286,74.0286,36.2745,5.6995,11.1399,3.3679,39.61,39.61,39.61,39.61,44.91701245,0,0,115.681662,0.061013535,NA,NA,NA,0.311049117483366,0.270827669742112
50,"META",50251,"EL CASTILLO",2024,8473,0.926598748,0.073401252,8147,0.961524844,0.809037,80.9037,46.0784,3.6387,7.2775,3.1189,58.91,41.66,46.04,48.87,71.23595506,0,0,459.829611,0.054269988,NA,NA,NA,0.405977231891435,0.340732599723526
50,"META",50270,"EL DORADO",2024,4122,0.876848378,0.123151622,4531,1,0.764706,76.4706,48.8235,1.8233,8.9762,4.9088,44.69,28.67,44.69,39.35,83.87364921,0,0,252.406538,0.061233998,NA,NA,NA,0.429158815729513,0.357086030441755
50,"META",50287,"FUENTE DE ORO",2024,12853,0.889619698,0.110380302,11859,0.92266397,0.804781,80.4781,37.6623,3.7711,10.3815,7.5865,57.18,68.55,52.52,59.41666667,82.83440697,0,0,937.731212,0.072958159,NA,NA,NA,0.383384606178437,0.324533109594922
50,"META",50313,"GRANADA",2024,73899,0.765514282,0.234452709,90884,1,0.953755,95.3563,51.4101,2.9369,8.3235,6.9613,68.34,67.9,74.72,70.32,93.00198807,0,9.202453988,9209.727849,0.124625879,NA,NA,NA,2.15238940349973,1.14816070608444
50,"META",50318,"GUAMAL",2024,16202,0.647084676,0.352842074,13652,0.842612023,1.143784,114.1393,64.8649,5.9036,10.0045,9.2835,82.22,56.83,68.33,69.12666667,100,0,0,10189.39493,0.628897354,NA,NA,NA,0.665347112088764,0.510033577433349
50,"META",50325,"MAPIRIPAN",2024,7280,0.827632642,0.172367358,7426,1,0.890153,89.0153,19.084,12.2854,16.9528,13.0365,47.31,36.05,21.49,34.95,19.74398759,0,41.66666667,266.699716,0.036634576,NA,NA,NA,0.272126036660369,0.240689545434112
50,"META",50330,"MESETAS",2024,11781,0.916673617,0.083326383,11989,1,0.808438,80.8438,32.5527,4.0091,6.5148,0.5923,87.76,71.76,52.34,70.62,68.85733157,0,0,1127.591915,0.095712751,NA,NA,NA,0.289387310270923,0.254167152269192
50,"META",50350,"LA MACARENA",2024,29571,0.925687392,0.074312608,12111,0.40955666,0.542961,54.2961,17.0495,8.0301,11.2082,6.0408,53.36,46.77,51.8,50.64333333,18.79724322,0,14.38848921,831.008359,0.028102139,NA,NA,NA,0.307119674260558,0.267825994536469
50,"META",50370,"LA URIBE",2024,9695,0.927593142,0.072311081,10441,1,0.959326,95.9326,39.7408,4.1752,5.6056,6.9177,25.94,24.49,24.49,24.97333333,45.9937565,0,19.73684211,1110.97096,0.114592157,NA,NA,NA,0.258045417204371,0.229559260332739
50,"META",50400,"LEJANIAS",2024,12161,0.922089826,0.077910174,12001,0.986843187,0.844887,84.4887,49.3023,3.8337,6.7898,5.2656,41.4,44.28,45.71,43.79666667,100,0,0,203.595009,0.016741634,NA,NA,NA,0.37377483397062,0.317562304075934
50,"META",50450,"PUERTO CONCORDIA",2024,8692,0.912640566,0.087359434,9604,1,0.958073,95.8073,34.8703,8.8681,10.4278,7.6203,50.61,32.16,37.49,40.08666667,72.89211242,0,0,285.357775,0.032829933,NA,NA,NA,0.324300233395181,0.280884194191181
50,"META",50568,"PUERTO GAITAN",2024,53006,0.613566663,0.386433337,68801,1,1.267391,126.7305,37.1378,3.9463,12.4698,3.5489,21.5,21.58,50.58,31.22,84.42714127,223.7136465,22.37136465,69948.84323,1.319640102,NA,NA,NA,0.408902141213076,0.342810777852414
50,"META",50573,"PUERTO LOPEZ",2024,32222,0.689761206,0.310238794,36098,1,1.01716,101.716,48.7826,3.7572,10.2063,8.2301,72.04,69.69,67.46,69.73,99.7301673,0,7.575757576,9582.851896,0.297400903,NA,NA,NA,0.359720591408944,0.30727923114731
50,"META",50577,"PUERTO LLERAS",2024,10704,0.887034376,0.112965624,9047,0.845198057,0.617385,61.7385,23.6659,5.7704,10.5294,8.2094,43.09,41.86,27.85,37.6,36.97972252,0,20,561.710047,0.052476649,NA,NA,NA,0.312615183746425,0.272021470677938
50,"META",50590,"PUERTO RICO",2024,13492,0.870416408,0.129583592,12872,0.954046843,0.791894,79.1894,30.0429,6.5335,7.0329,4.9938,47.9,54.33,56.01,52.74666667,38.21388578,0,0,1953.106141,0.144760313,NA,NA,NA,0.289180210850975,0.254006520896388
50,"META",50606,"RESTREPO",2024,21173,0.68047417,0.319458476,14847,0.701223256,1.0937,109.2892,68.74,2.3579,9.7583,6.5296,64.27,53.34,67.33,61.64666667,100,0,5.319148936,2834.219162,0.133860065,NA,NA,NA,1.46398360956707,0.901779393687734
50,"META",50680,"SAN CARLOS GUAROA",2024,14424,0.603373774,0.396626226,12034,0.834303938,0.833333,83.3333,38.6076,8.1144,9.4981,5.0232,64.73,64.98,66.44,65.38333333,69.09780776,0,23.25581395,10224.20235,0.708832665,NA,NA,NA,1.45356111329803,0.816773904628003
50,"META",50683,"SAN JUAN DE ARAMA",2024,9444,0.916971573,0.083028427,7106,0.752435409,0.639041,63.9041,26.7196,5.46,10.0224,4.4129,39.12,35.64,36.91,37.22333333,78.87252412,0,17.24137931,876.795319,0.09284152,NA,NA,NA,0.31930690303511,0.277106525240688
50,"META",50686,"SAN JUANITO",2024,1395,0.893753649,0.106246351,1713,1,0.968652,96.8652,45.614,3.0581,3.0581,0,54.2816666666667,44.62,46.8816666666667,48.594444445,47.5,0,90.90909091,55.519965,0.039799258,NA,NA,NA,0.345479946393385,0.296750786869656
50,"META",50689,"SAN MARTIN",2024,28332,0.679392481,0.320607519,24098,0.850557673,0.743715,74.3715,40.231,6.9473,9.9344,4.3222,86.05,85.45,86.07,85.85666667,47.35142119,0,8.403361345,4110.799118,0.145093856,NA,NA,NA,0.35730175745501,0.305498727137868
50,"META",50711,"VISTA HERMOSA",2024,18421,0.929390812,0.070609188,19091,1,0.797409,79.7409,33.7553,6.7961,8.1007,4.7027,55.46,43.5,46.13,48.36333333,55.82147477,0,11.17318436,1129.339814,0.061307194,NA,NA,NA,0.293544964779946,0.257270082677886
52,"NARINO",52001,"PASTO",2024,403166,0.607320492,0.392661536,445134,1,0.965549,96.4213,65.9093,2.0998,6.6855,7.1831,75.75,73.09,72.45,73.76333333,100,106.4962726,9.229676961,71068.67842,0.176276468,NA,NA,NA,1.36728798037816,0.861744987845348
52,"NARINO",52019,"ALBAN",2024,9628,0.943209589,0.056790411,8593,0.892501039,0.731512,73.1512,54.6125,1.7212,4.0413,1.7212,100,20.42,100,73.47333333,68.8569473,0,0,217.620039,0.022602829,NA,NA,NA,0.457533999618748,0.376745966324633
52,"NARINO",52022,"ALDANA",2024,7748,0.910458284,0.089541716,8510,1,1.022149,102.2149,69.9507,1.3209,7.2205,9.6348,76.73,59.37,59.37,65.15666667,100,0,0,139.746531,0.018036465,NA,NA,NA,0.710998886901238,0.537077344355337
52,"NARINO",52036,"ANCUYA",2024,8823,0.942590646,0.057409354,7612,0.862745098,0.713784,71.3784,54.6341,1.0502,3.3839,2.217,100,18.11,0,39.37,84.35207824,0,0,199.562333,0.022618422,NA,NA,NA,0.322733211889151,0.279700210897069
52,"NARINO",52051,"ARBOLEDA",2024,9049,0.952247191,0.047752809,7120,0.786827274,0.648123,64.8123,52.1401,1.2708,4.2033,0.1955,42.91,38.6,42.12,41.21,80.42986425,0,34.48275862,65.645943,0.007254497,NA,NA,NA,0.390742529569531,0.329837798446728
52,"NARINO",52079,"BARBACOAS",2024,63548,0.963172877,0.036827123,38993,0.613599169,0.545629,54.5629,15.1515,4.8105,11.8532,6.2754,75.43,75.44,57.94,69.60333333,49.45404914,250,5,512.663326,0.00806734,NA,NA,NA,0.269851160693557,0.23889969729819
52,"NARINO",52083,"BELEN",2024,6288,0.933526012,0.066473988,5536,0.880407125,0.824427,82.4427,49.0683,1.7456,3.99,5.1122,44.55,41.13,41.13,42.27,100,0,57.14285714,346.491289,0.055103576,NA,NA,NA,0.350650428692286,0.300586275453774
52,"NARINO",52110,"BUESACO",2024,25040,0.939385514,0.060614486,21579,0.86178115,0.751162,75.1162,43.5393,2.1649,5.8898,6.8131,100,49.74,49.77,66.50333333,76.26331294,0,0,456.775547,0.018241835,NA,NA,NA,0.563858080727193,0.447155896782863
52,"NARINO",52203,"COLON",2024,8501,0.956237828,0.043762172,8729,1,0.755988,75.5988,52.8926,3.3771,5.7223,5.8161,29.66,8.55,20.57,19.59333333,98.03921569,0,0,52.825467,0.00621403,NA,NA,NA,0.410113955668637,0.343670520747494
52,"NARINO",52207,"CONSACA",2024,15175,0.932400932,0.067599068,10296,0.678484349,0.543181,54.3181,36.2944,3.2895,9.0461,8.7993,100,71.54,87.45,86.33,71.44694534,0,0,161.510455,0.010643193,NA,NA,NA,0.510610938179603,0.412514163821348
52,"NARINO",52210,"CONTADERO",2024,7530,0.918521516,0.081478484,7413,0.984462151,0.528878,52.8878,32.9949,1.4881,4.1667,5.3571,100,80.44,27.16,69.2,81.13363674,0,0,880.809708,0.116973401,NA,NA,NA,0.728177540087319,0.54706740821024
52,"NARINO",52215,"CORDOBA",2024,16735,0.955275944,0.044724056,16054,0.959306842,0.75035,75.035,45.9459,1.4825,5.0314,5.7502,100,58.11,17.83,58.64666667,97.1027027,0,9.708737864,271.361045,0.01621518,NA,NA,NA,0.362515294195411,0.309332472589811
52,"NARINO",52224,"CUASPUD",2024,9889,0.953107129,0.046892871,10492,1,0.581016,58.1016,34.717,1.4793,7.6923,2.6627,61.26,57.74,24.47,47.82333333,83.07888041,0,0,86.002852,0.00869682,NA,NA,NA,0.540049615717131,0.431814633904686
52,"NARINO",52227,"CUMBAL",2024,40406,0.937035557,0.062964443,37545,0.929193684,0.794746,79.4598,61.0233,0.8584,2.8433,1.4664,100,62.85,80.88,81.24333333,80.05921115,0,4.329004329,415.974632,0.010294873,NA,NA,NA,0.319246877082141,0.27706102610898
52,"NARINO",52233,"CUMBITARA",2024,5948,0.968028419,0.031971581,8445,1,1.123275,112.3275,47.1795,4.7214,5.4954,4.8762,84.38,58.31,12.46,51.71666667,100,0,0,80.802405,0.013584802,NA,NA,NA,0.273925201335632,0.242102843758895
52,"NARINO",52240,"CHACHAGUI",2024,16366,0.887157534,0.112842466,11680,0.713674691,0.800385,80.0385,40.8482,2.5451,10.6518,0.4242,50.18,33.62,35.67,39.82333333,76.34208072,0,13.15789474,1161.218063,0.070953077,NA,NA,NA,0.634966514884732,0.49162232394667
52,"NARINO",52250,"EL CHARCO",2024,22396,0.969842092,0.030157908,23178,1,0.804576,80.4576,16.6484,2.0879,13.8576,0.9598,69.08,69.08,69.08,69.08,100,473.9336493,18.95734597,182.937374,0.008168306,NA,NA,NA,0.277568517199971,0.244958675473505
52,"NARINO",52254,"EL PENOL",2024,7831,0.953841482,0.046158518,6586,0.841016473,0.623269,62.3269,43.4783,0.4149,3.1812,2.7663,71.77,71.77,100,81.18,77.90788447,0,25.64102564,111.319854,0.01421528,NA,NA,NA,0.361523676637856,0.307577891831767
52,"NARINO",52256,"EL ROSARIO",2024,12872,0.965201035,0.034798965,8506,0.66081417,0.422053,42.2053,14.0625,2.4339,8.5714,4.127,44.52,23.4,23.4,30.44,42.42484177,0,0,86.951242,0.006755069,NA,NA,NA,0.314281968216649,0.273290484725678
52,"NARINO",52258,"EL TABLON",2024,14671,0.949511401,0.050488599,14736,1,0.741499,74.1499,52.0607,1.5167,3.0858,4.1841,49.41,35.76,23.59,36.25333333,100,0,10.86956522,259.821764,0.017709888,NA,NA,NA,0.278304090035166,0.245534269776149
52,"NARINO",52260,"EL TAMBO",2024,14548,0.93451791,0.065411298,14126,0.970992576,0.73224,73.224,43.6869,1.6939,3.4463,0.9346,75.12,22.73,22.73,40.19333333,83.3635129,0,29.85074627,183.682791,0.012625982,NA,NA,NA,0.369921798752292,0.314753657008133
52,"NARINO",52287,"FUNES",2024,7441,0.919263456,0.080736544,7060,0.948797205,0.640394,64.0394,41.8919,0.7299,5.1095,1.3382,92.89,51.84,53.81,66.18,61.70616114,0,35.71428571,340.131866,0.045710505,NA,NA,NA,0.402361426526665,0.338157548917648
52,"NARINO",52317,"GUACHUCAL",2024,20468,0.907468774,0.092531226,19615,0.958325191,0.810467,81.0467,61.5546,0.7101,7.3517,8.4795,75.29,17.35,11.15,34.59666667,94.23387821,0,0,379.680845,0.018549973,NA,NA,NA,0.300017236232726,0.262377523020154
52,"NARINO",52320,"GUAITARILLA",2024,11604,0.951040799,0.048959201,12010,1,0.698135,69.8135,43.9628,0.1512,4.3084,0.6803,100,42.29,100,80.76333333,75.93257806,1470.588235,0,924.487399,0.079669717,NA,NA,NA,0.32332737604444,0.280149304291214
52,"NARINO",52323,"GUALMATAN",2024,7609,0.927994936,0.072005064,6319,0.830463924,0.905917,90.5917,68.7831,1.7294,4.1709,3.9674,100,61.56,45.39,68.98333333,87.41600489,0,0,160.117,0.021043107,NA,NA,NA,0.337294668580709,0.290648669184643
52,"NARINO",52352,"ILES",2024,7678,0.942918618,0.057081382,7901,1,0.756245,75.6245,51.5982,1.9011,8.3571,7.3194,99.08,70.01,69.83,79.64,80.70422535,0,0,1670.245181,0.217536491,NA,NA,NA,0.432417952079993,0.359363891931514
52,"NARINO",52354,"IMUES",2024,7836,0.920024895,0.079975105,6427,0.820188872,0.779412,77.9412,47.343,0.442,4.4199,2.9834,56.62,19.33,37.07,37.67333333,72.521924,0,24.3902439,1039.144809,0.13261164,NA,NA,NA,0.683252696198926,0.520728050223599
52,"NARINO",52356,"IPIALES",2024,121440,0.79834789,0.20165211,141516,1,0.997999,99.7666,57.4627,2.4813,10.3733,1.7052,93.72,70.14,70.26,78.04,100,0,9.719222462,13299.41255,0.109514267,NA,NA,NA,0.505875290187631,0.409374317308526
52,"NARINO",52378,"LA CRUZ",2024,19560,0.930254149,0.069687826,17234,0.881083845,0.769833,76.9477,52.6749,1.5165,6.4991,1.6898,39.68,25.91,25.91,30.5,82.19178082,0,19.04761905,282.332488,0.014434176,NA,NA,NA,0.389365358625672,0.328847066351507
52,"NARINO",52381,"LA FLORIDA",2024,10098,0.942569377,0.057430623,9333,0.924242424,0.781185,78.1185,56.1753,1.7123,4.8801,4.4521,100,14.67,14.67,43.11333333,82.69569041,0,0,172.36215,0.017068939,NA,NA,NA,0.428605870748707,0.356699053172198
52,"NARINO",52385,"LA LLANADA",2024,6565,0.947358083,0.052641917,5091,0.775476009,0.72766,72.766,43.2432,2.5756,2.5756,4.9272,40.35,40.35,40.35,40.35,50.09357455,0,0,139.229021,0.021207772,NA,NA,NA,0.336909532593244,0.290360631352709
52,"NARINO",52390,"LA TOLA",2024,7838,0.968942189,0.031057811,6504,0.829803521,0.68979,68.979,27.2727,3.602,7.8144,0,91.93,91.93,91.93,91.93,100,0,46.15384615,69.062486,0.008811238,NA,NA,NA,0.269531973538846,0.238648307775996
52,"NARINO",52399,"LA UNION",2024,34338,0.880465223,0.119506201,34994,1,0.866574,86.6574,55.9226,1.5926,5.5519,4.0257,100,48.67,30.11,59.59333333,100,0,8.968609865,1225.601631,0.035692284,NA,NA,NA,0.592023952984852,0.46500613315376
52,"NARINO",52405,"LEYVA",2024,9779,0.972477972,0.027522028,10101,1,0.72583,72.583,34.5714,3.7318,5.4396,3.6686,33.42,33.42,33.42,33.42,64.01852512,0,0,146.90046,0.015022033,NA,NA,NA,0.307440231404112,0.267913722496421
52,"NARINO",52411,"LINARES",2024,10242,0.948137765,0.051862235,9988,0.975200156,0.685871,68.5871,45.9259,2.3674,4.7348,7.0076,66.09,87.63,22.08,58.6,94.06392694,0,0,434.74889,0.042447656,NA,NA,NA,0.463472105593853,0.380811766902461
52,"NARINO",52418,"LOS ANDES",2024,9553,0.955883801,0.044116199,10155,1,0.803093,80.3093,48.2639,2.6075,4.1579,5.0035,59.14,59.14,100,72.76,84.39968404,0,16.12903226,261.536238,0.027377393,NA,NA,NA,0.273219689653273,0.24154888100405
52,"NARINO",52427,"MAGUI",2024,27970,0.971772806,0.028227194,8715,0.31158384,0.294141,29.4141,4.8059,3.6111,12.381,4.0873,64.6,64.6,34.6,54.6,100,0,26.66666667,49.156403,0.001757469,NA,NA,NA,0.279548066649606,0.246506942656608
52,"NARINO",52435,"MALLAMA",2024,8934,0.938299928,0.061700072,8282,0.927020372,0.747658,74.7658,40.7407,2.8794,6.6148,3.6576,13.29,13.29,13.29,13.29,88.5483871,0,0,266.195456,0.029795775,NA,NA,NA,0.311981337601557,0.271538466031673
52,"NARINO",52473,"MOSQUERA",2024,12081,0.966265362,0.033734638,7974,0.660044698,0.51468,51.468,14.4841,1.2274,10.5786,6.7212,60.57,0,38.38,32.98333333,100,0,14.49275362,129.798,0.010743978,NA,NA,NA,0.185834908597556,0.170447090715596
52,"NARINO",52480,"NARI¥O",2024,4530,0.867760378,0.132239622,4023,0.88807947,0.630277,63.0277,45.6897,0.6452,3.6559,0.8602,46.06,46.06,46.06,46.06,100,0,0,120.309883,0.026558473,NA,NA,NA,0.768834929768824,0.543652734946298
52,"NARINO",52490,"OLAYA HERRERA",2024,26822,0.97045947,0.02954053,22613,0.843076579,0.667746,66.7746,12.3134,1.4368,14.3076,3.7548,33.08,33.08,33.08,33.08,100,0,16.30434783,266.790368,0.009946699,NA,NA,NA,0.268218061209483,0.237612813792132
52,"NARINO",52506,"OSPINA",2024,7111,0.946705132,0.053294868,6586,0.926170721,0.714154,71.4154,42.268,0.7308,5.7247,1.5834,53.12,53.12,18.27,41.50333333,78.49658314,0,0,68.653695,0.009654577,NA,NA,NA,1.59092002367537,0.952013034131511
52,"NARINO",52520,"FRANCIS PIZARRO",2024,15667,0.953339814,0.046660186,7201,0.459628519,0.42363,42.363,8.4532,1.7184,20.2882,10.4213,85.66,72.07,63.68,73.80333333,40.69905213,0,0,86.304016,0.00550865,NA,NA,NA,0.21446830233965,0.194148311951763
52,"NARINO",52540,"POLICARPA",2024,9905,0.975541817,0.024458183,14719,1,1.140592,114.0592,37.1105,3.6649,7.2426,3.3595,73.18,73.12,34.9,60.4,100,0,8.695652174,248.347414,0.025072934,NA,NA,NA,0.33247611571575,0.287038952481271
52,"NARINO",52560,"POTOSI",2024,10402,0.954783259,0.045216741,13380,1,1.006433,100.6433,70.9434,1.3201,6.4356,6.1056,78.39,13.06,13.06,34.83666667,100,0,0,269.708383,0.025928512,NA,NA,NA,0.399342929780591,0.336002790577653
52,"NARINO",52565,"PROVIDENCIA",2024,5555,0.954592186,0.045407814,5836,1,0.632444,63.2444,43.7126,3.5222,4.1348,4.5942,21.14,14.39,14.39,16.64,80.60956385,0,0,46.787119,0.008422524,NA,NA,NA,0.357321498157634,0.305513271110099
52,"NARINO",52573,"PUERRES",2024,8534,0.929624293,0.070375707,9023,1,0.809725,80.9725,51.7391,2.0644,6.7713,8.3402,100,98.32,98.32,98.88,72.24532225,0,0,543.83369,0.063725532,NA,NA,NA,0.326097318365128,0.282240281502801
52,"NARINO",52585,"PUPIALES",2024,17327,0.928241954,0.071758046,19078,1,0.933433,93.3433,64.823,1.5478,8.607,4.6433,100,27.71,27.71,51.80666667,100,0,11.76470588,297.169334,0.017150651,NA,NA,NA,0.569250195116163,0.450597922552704
52,"NARINO",52612,"RICAURTE",2024,22530,0.93568,0.064274286,21875,0.970927652,0.660577,66.0577,25,2.5532,17.7346,4.7074,46.28,40.81,42.27,43.12,53.52331606,0,8.064516129,618.625491,0.027457856,NA,NA,NA,0.294524862256146,0.258143726093886
52,"NARINO",52621,"ROBERTO PAYAN",2024,12427,0.966979462,0.033020538,11296,0.908988493,0.707454,70.7454,9.7606,1.0699,13.9087,3.2097,88.47,32.83,88.47,69.92333333,100,0,0,409.948634,0.032988544,NA,NA,NA,0.219763279015507,0.198656806324365
52,"NARINO",52678,"SAMANIEGO",2024,29401,0.941082177,0.058917823,30568,1,0.789531,78.9314,37.7069,2.4346,6.1626,4.0922,95.71,37.35,22.95,52.00333333,76.4506869,0,4.62962963,343.031927,0.011667356,NA,NA,NA,0.363105800763431,0.309765773152645
52,"NARINO",52683,"SANDONA",2024,20826,0.916918921,0.083081079,21473,1,0.811891,81.1891,46.5729,2.1542,6.1224,5.2532,100,35.29,35.29,56.86,96.4455466,0,7.874015748,556.665215,0.026729339,NA,NA,NA,0.665001216454369,0.509825854035365
52,"NARINO",52685,"SAN BERNARDO",2024,9192,0.950170735,0.049829265,7907,0.860204526,0.688979,68.8979,44.1767,2.1938,7.6782,4.8446,42.13,42.13,42.13,42.13,100,0,0,65.492709,0.007124968,NA,NA,NA,0.32866970863094,0.28417822260628
52,"NARINO",52687,"SAN LORENZO",2024,18725,0.958097461,0.041902539,17135,0.915086782,0.729071,72.9071,47.0054,2.3285,4.6147,2.1169,59.21,25.25,11.21,31.89,94.39930856,0,13.15789474,138.996866,0.007423064,NA,NA,NA,0.412749235340168,0.345537618271374
52,"NARINO",52693,"SAN PABLO",2024,15407,0.930386356,0.069544031,14365,0.932368404,0.769297,76.9297,48.1572,1.4019,8.4112,2.3364,41.83,39.58,24.48,35.29666667,100,0,10.86956522,273.906036,0.017778025,NA,NA,NA,0.599623173561317,0.469768084983187
52,"NARINO",52694,"SAN PEDRO DE CARTAGO",2024,6842,0.959903313,0.040096687,7033,1,0.656904,65.6904,42.5121,3.3981,5.0909,4.0049,17.8,13.08,17.8,16.22666667,96.32311978,0,20,117.301164,0.01714428,NA,NA,NA,0.475505023145988,0.389000319763742
52,"NARINO",52696,"SANTA BARBARA",2024,14142,0.972231629,0.027768371,8859,0.626431905,0.552243,55.2243,8.1481,1.7083,13.71,1.56185,49.59,47.35,47.35,48.09666667,100,1724.137931,34.48275862,149.817916,0.010593828,NA,NA,NA,0.264055305877703,0.234325049417541
52,"NARINO",52699,"SANTACRUZ",2024,10666,0.961548755,0.038451245,11209,1,0.61554,61.554,29.023,2.7885,5.805,4.8025,3.75,3.75,3.75,3.75,74.63880289,0,39.21568627,68.33278,0.006406599,NA,NA,NA,0.358810269288102,0.306046315071218
52,"NARINO",52720,"SAPUYES",2024,7368,0.925788221,0.074211779,6724,0.912595005,0.663527,66.3527,36.7925,0.5988,7.4251,5.3892,13.4,13.4,22.93,16.57666667,100,0,0,115.88813,0.015728574,NA,NA,NA,0.424150425182402,0.35357544307253
52,"NARINO",52786,"TAMINANGO",2024,18398,0.950331511,0.049668489,17194,0.934558104,0.855903,85.5903,62.2718,1.8003,4.0917,2.6187,75.74,26.21,31.09,44.34666667,80.2237067,0,9.090909091,345.892576,0.018800553,NA,NA,NA,0.368528673474112,0.31373620176292
52,"NARINO",52788,"TANGUA",2024,14521,0.910415004,0.089584996,10024,0.690310585,0.571706,57.1706,33.3333,0.8143,5.1303,0.9772,100,30.76,14.64,48.46666667,63.35078534,0,0,1026.82509,0.070713111,NA,NA,NA,0.622974216867991,0.484260402311377
52,"NARINO",52835,"TUMACO",2024,272306,0.876604909,0.123385434,207099,0.760537777,0.661388,66.1024,25.5625,3.8273,13.7419,9.163,78.04,13.56,48.84,46.81333333,49.36140727,82.40626288,15.65718995,9732.510592,0.03574108,NA,NA,NA,0.237806719405887,0.213341038815328
52,"NARINO",52838,"TUQUERRES",2024,47014,0.887957855,0.112042145,48214,1,0.795727,79.5727,36.6868,1.5894,7.4377,6.6852,99.49,97.77,96.68,97.98,99.6338622,340.1360544,3.401360544,1457.599706,0.031003525,NA,NA,NA,0.401777691767443,0.337741210966478
52,"NARINO",52885,"YACUANQUER",2024,11573,0.923431646,0.076568354,10409,0.899421066,0.740741,74.0741,43.1677,1.2922,3.5176,2.0818,51.34,16.62,18.12,28.69333333,90.53150299,0,0,421.010404,0.036378675,NA,NA,NA,0.443278428761241,0.366917212503513
54,"NORTE DE SANTANDER",54001,"CUCUTA",2024,790984,0.676796076,0.323197801,979886,1,0.923384,92.2584,56.6729,4.2765,8.3266,8.1059,80.4,80.4,91.28,84.02666667,100,26.67377967,7.468658309,135904.7781,0.171817354,NA,NA,NA,2.76806565106329,1.32656177988062
54,"NORTE DE SANTANDER",54003,"ABREGO",2024,35875,0.948770374,0.051229626,34726,0.967972125,0.849886,84.9759,33.1987,5.1174,14.0165,9.481,44.16,41.13,45.19,43.49333333,95.98308668,305.8103976,9.174311927,2037.09505,0.056783137,NA,NA,NA,0.301716559216819,0.263683823633009
54,"NORTE DE SANTANDER",54051,"ARBOLEDAS",2024,10559,0.927962489,0.072037511,9384,0.888720523,0.711373,71.1373,43.5135,3.0102,7.4654,5.599,20.35,20.35,20.35,20.35,56.93681319,0,15.15151515,391.757985,0.037101807,NA,NA,NA,0.291385482098866,0.255715659160718
54,"NORTE DE SANTANDER",54099,"BOCHALEMA",2024,9467,0.856245734,0.143754266,7325,0.773740361,0.740806,74.0806,46.1538,3.6056,7.3529,6.7697,45.95,45.95,50.32,47.40666667,68.81818182,0,24.3902439,973.865988,0.102869546,NA,NA,NA,0.397655511822574,0.334796198441141
54,"NORTE DE SANTANDER",54109,"BUCARASICA",2024,7559,0.93222151,0.06777849,4677,0.618732637,0.601517,60.1517,29.6154,2.8784,9.0065,2.3213,46,34.27,34.27,38.18,56.61835749,0,0,193.091048,0.025544523,NA,NA,NA,0.261059897156868,0.231952555582595
54,"NORTE DE SANTANDER",54125,"CACOTA",2024,3121,0.921538462,0.078461538,3250,1,0.789474,78.9474,29.3478,1.0246,12.7049,7.9918,18.47,18.47,18.47,18.47,89.85507246,0,0,119.908381,0.038419859,NA,NA,NA,0.35277522127283,0.302158201811796
54,"NORTE DE SANTANDER",54128,"CACHIRA",2024,12099,0.954585153,0.045414847,8015,0.662451442,0.594595,59.4595,30.6636,3.4722,8.9069,5.3241,36.14,32.44,39.38,35.98666667,82.36444941,0,0,179.375242,0.014825625,NA,NA,NA,0.344772630690441,0.296224950949812
54,"NORTE DE SANTANDER",54172,"CHINACOTA",2024,20021,0.850580271,0.149419729,16544,0.826332351,0.873926,87.3649,50.8333,3.5218,8.3411,5.19,48.54,46.01,48.42,47.65666667,100,0,8.620689655,1394.5884,0.069656281,NA,NA,NA,1.0493668494692,0.717530891527661
54,"NORTE DE SANTANDER",54174,"CHITAGA",2024,13208,0.941301853,0.058698147,12198,0.923531193,0.700511,70.0511,36.6667,2.0418,9.9104,8.1175,33.22,32.22,36.4,33.94666667,72.83216783,0,46.15384615,384.169341,0.02908611,NA,NA,NA,0.29246992664273,0.256555059541923
54,"NORTE DE SANTANDER",54206,"CONVENCION",2024,20973,0.954707871,0.045292129,20710,0.987460068,0.848322,84.8124,34.3075,3.9739,10.5926,5.6678,36.62,34.33,36.62,35.85666667,100,0,8.810572687,521.877527,0.024883304,NA,NA,NA,0.292354287123195,0.256465583809689
54,"NORTE DE SANTANDER",54223,"CUCUTILLA",2024,8603,0.924528302,0.075471698,8480,0.985702662,0.645362,64.5362,37.0968,1.07,4.0329,4.0329,16.36,17.26,17.26,16.96,76.65265571,0,16.94915254,146.975011,0.017084158,NA,NA,NA,0.295337846351622,0.258771546340479
54,"NORTE DE SANTANDER",54239,"DURANIA",2024,5044,0.883545771,0.116454229,5178,1,0.897124,89.7124,45.6376,4.9539,5.53,6.9124,40.35,41.85,42.05,41.41666667,100,0,0,191.109288,0.037888439,NA,NA,NA,0.436079983971459,0.361917168219362
54,"NORTE DE SANTANDER",54245,"EL CARMEN",2024,14851,0.944315228,0.055684772,14618,0.984310821,0.78592,78.5345,22.9602,4.6303,10.4008,11.0919,33.54,33.57,37.56,34.89,74.84162896,0,13.88888889,223.534053,0.015051785,NA,NA,NA,0.273601491852336,0.241848707473765
54,"NORTE DE SANTANDER",54250,"EL TARRA",2024,26769,0.97838026,0.02161974,25856,0.965893384,1.014969,101.4808,37.0986,5.16,8.2698,7.6129,50.18,50.14,68.13,56.15,100,0,3.012048193,716.812497,0.026777709,NA,NA,NA,0.35399903286752,0.303062460211778
54,"NORTE DE SANTANDER",54261,"EL ZULIA",2024,31482,0.878211583,0.121788417,34757,1,0.917437,91.7437,45.4106,5.7922,10,6.7973,100,100,100,100,100,0,8.620689655,2722.773218,0.086486666,NA,NA,NA,0.600280086233057,0.470178667821251
54,"NORTE DE SANTANDER",54313,"GRAMALOTE",2024,8430,0.895033113,0.104966887,6040,0.716488731,0.729592,72.9592,51.5748,2.0794,5.0095,2.6465,28.16,28.16,28.16,28.16,90.01814882,0,0,164.030542,0.019457953,NA,NA,NA,0.429425746620572,0.357272787828856
54,"NORTE DE SANTANDER",54344,"HACARI",2024,10775,0.97260274,0.02739726,11607,1,0.798571,79.8246,24.5614,2.9435,5.306,2.1689,14.17,14.17,19.01,15.78333333,100,0,0,127.780125,0.011858944,NA,NA,NA,0.296541518430201,0.25970034895488
54,"NORTE DE SANTANDER",54347,"HERRAN",2024,8388,0.945087313,0.054912687,4753,0.566642823,0.427576,42.7576,28.7879,2.6042,2.4306,3.8194,22.9,19.94,19.94,20.92666667,38.45577211,0,0,115.807729,0.013806358,NA,NA,NA,0.44238230967436,0.366296128324245
54,"NORTE DE SANTANDER",54377,"LABATECA",2024,6999,0.888850535,0.111149465,5794,0.827832548,0.634657,63.3935,44.2982,0.7625,4.4662,5.2288,25.86,21.77,21.77,23.13333333,76.53736991,0,0,79.199024,0.011315763,NA,NA,NA,0.268133230617505,0.237545921960323
54,"NORTE DE SANTANDER",54385,"LA ESPERANZA",2024,12516,0.933801992,0.066198008,10242,0.81831256,0.807199,80.7199,36.8644,5.4854,8.6611,6.2793,18.19,18.19,18.19,18.19,100,0,11.76470588,418.525234,0.033439217,NA,NA,NA,0.483736499579731,0.39456356804928
54,"NORTE DE SANTANDER",54398,"LA PLAYA",2024,8582,0.960757472,0.039242528,8766,1,0.784038,78.4038,34.7541,1.7424,9.6453,6.9695,16.27,14.35,14.99,15.20333333,88.05403124,0,0,141.898491,0.016534431,NA,NA,NA,0.356424653585486,0.304852306852832
54,"NORTE DE SANTANDER",54405,"LOS PATIOS",2024,103208,0.754980883,0.245019117,81863,0.793184637,0.765639,76.532,48.7376,3.6327,5.1143,6.4793,96.4,95.57,99.34,97.10333333,100,0,8.108108108,9382.623559,0.090909848,NA,NA,NA,1.68195421940182,0.986545715139533
54,"NORTE DE SANTANDER",54418,"LOURDES",2024,4520,0.904579176,0.095420824,3909,0.864823009,0.634636,63.4636,34.2282,1.9417,6.9579,6.4725,59.37,44.85,52.22,52.14666667,89.44954128,0,0,49.044618,0.010850579,NA,NA,NA,0.342637012729877,0.29463560009268
54,"NORTE DE SANTANDER",54480,"MUTISCUA",2024,4636,0.930747201,0.069252799,3841,0.828515962,0.72919,72.808,32.0261,1.4245,8.2504,11.6809,11.01,10.87,17.76,13.21333333,75.49668874,0,0,72.271061,0.015589099,NA,NA,NA,0.34680796697197,0.297737323769889
54,"NORTE DE SANTANDER",54498,"OCAÑA",2024,136427,0.751007693,0.248992307,140916,1,0.840863,84.0627,44.7674,4.2235,8.9878,8.0333,71.6,67.72,70.32,69.88,100,0,11.94426012,6131.620838,0.044944335,NA,NA,NA,0.4409203793727,0.355097990151729
54,"NORTE DE SANTANDER",54518,"PAMPLONA",2024,52427,0.691594479,0.308405521,52525,1,0.810439,80.9922,43.0195,4.941,10.3896,11.2853,83.42,83.42,83.42,83.42,100,0,2.915451895,6642.269524,0.126695587,NA,NA,NA,0.730962029089781,0.548677340130128
54,"NORTE DE SANTANDER",54520,"PAMPLONITA",2024,6204,0.858620041,0.141379959,5319,0.857350097,0.779832,77.9832,54.4974,1.9427,9.3047,4.09,20.38,20.38,20.38,20.38,99.88412514,0,0,1173.250748,0.189111984,NA,NA,NA,0.508236105397534,0.41094082589619
54,"NORTE DE SANTANDER",54553,"PUERTO SANTANDER",2024,9525,0.959172036,0.040827964,17537,1,0.863032,86.1702,33.5244,5.428,9.1858,8.9248,75.74,75.74,75.74,75.74,100,0,0,324.811275,0.034100921,NA,NA,NA,0.535180622204325,0.42864804330517
54,"NORTE DE SANTANDER",54599,"RAGONVALIA",2024,6653,0.956472795,0.043527205,7995,1,0.84166,84.166,35.3535,2.2749,5.782,2.5592,33.64,33.32,33.55,33.50333333,80.61485909,0,0,116.169955,0.017461289,NA,NA,NA,0.47254805830809,0.386994273232136
54,"NORTE DE SANTANDER",54660,"SALAZAR",2024,11438,0.916127787,0.083872213,10361,0.905840182,0.735967,73.5551,42.4757,3.7097,8.871,6.3978,38.35,38.35,38.35,38.35,58.19672131,0,12.5,201.307338,0.017599872,NA,NA,NA,0.303361798314142,0.2649469252294
54,"NORTE DE SANTANDER",54670,"SAN CALIXTO",2024,13579,0.965044917,0.034955083,11243,0.827969659,0.648886,64.8611,15.1852,4.2287,12.6077,11.2373,9.5,9.5,9.5,9.5,74.65181058,0,10.52631579,434.549677,0.032001596,NA,NA,NA,0.305884115883315,0.266880294821844
54,"NORTE DE SANTANDER",54673,"SAN CAYETANO",2024,8712,0.851871948,0.148128052,5529,0.634641873,0.905488,90.5488,42.5781,5.1827,8.505,8.6379,74.9,43.39,85.3,67.86333333,100,0,0,4634.666849,0.531986553,NA,NA,NA,0.967268376445842,0.676645969574149
54,"NORTE DE SANTANDER",54680,"SANTIAGO",2024,4040,0.910916748,0.089083252,3087,0.764108911,0.651596,65.1596,47.3282,4.7348,6.6288,3.2197,47.67,47.67,47.67,47.67,44.19354839,0,0,495.492964,0.122646773,NA,NA,NA,0.575531349165246,0.454592579932335
54,"NORTE DE SANTANDER",54720,"SARDINATA",2024,28494,0.900722533,0.099277467,28234,0.990875272,0.854973,85.4973,28.8553,5.2729,7.9261,2.6868,25.45,25.45,25.45,25.45,67.72671676,0,10.79136691,1775.326809,0.062305286,NA,NA,NA,0.370336647722816,0.315056437918618
54,"NORTE DE SANTANDER",54743,"SILOS",2024,7166,0.955589882,0.044410118,5179,0.722718392,0.792453,79.2453,34.4828,2.6701,8.7855,5.5986,20.28,20.28,28.85,23.13666667,85.20017994,0,0,108.797215,0.015182419,NA,NA,NA,0.371090879934825,0.315606685717204
54,"NORTE DE SANTANDER",54800,"TEORAMA",2024,18309,0.974518953,0.025481047,19073,1,0.931181,93.0331,35.7143,2.3432,7.442,4.4478,16.54,14.75,24.76,18.68333333,100,0,4.854368932,286.861237,0.015667772,NA,NA,NA,0.303983587697741,0.265423877303891
54,"NORTE DE SANTANDER",54810,"TIBU",2024,67062,0.893722423,0.106277577,75698,1,1.176227,117.5834,43.7694,6.1523,7.4788,5.2563,65.92,64.48,43.94,58.11333333,100,182.1493625,10.92896175,8218.668203,0.122553282,NA,NA,NA,0.402395985957578,0.338182192354375
54,"NORTE DE SANTANDER",54820,"TOLEDO",2024,17424,0.882370423,0.117629577,16824,0.965564738,0.903035,90.2754,50.8591,1.9185,7.6151,5.1653,36.34,36.71,35.21,36.08666667,92.59757739,0,14.59854015,2279.170014,0.13080636,NA,NA,NA,0.303043242203548,0.264702484240968
54,"NORTE DE SANTANDER",54871,"VILLA CARO",2024,5381,0.9335678,0.0664322,5118,0.951124326,0.660633,66.0633,35.468,1.634,5.6645,4.6841,50.29,31.12,31.12,37.51,100,0,0,150.017335,0.027879081,NA,NA,NA,0.262423136491598,0.233032998327141
54,"NORTE DE SANTANDER",54874,"VILLA DEL ROSARIO",2024,123460,0.902360788,0.097639212,145587,1,0.833488,83.2098,42.3385,5.6808,8.009,8.1088,82.61,82.5,100,88.37,100,0,10.44932079,14038.38556,0.113707967,NA,NA,NA,5.32161240614693,1.84397430317416
63,"QUINDIO",63001,"ARMENIA",2024,305676,0.419157749,0.580831757,381193,1,0.90703,90.6239,55.9854,5.022,7.6151,5.7999,100,98.42,99.76,99.39333333,100,0,6.938020352,72353.89629,0.236701266,NA,NA,NA,8.33758051100567,2.23404717275169
63,"QUINDIO",63111,"BUENAVISTA",2024,3199,0.818077803,0.181922197,2622,0.819631135,0.723022,72.3022,50,3.0374,8.8785,7.9439,47.5,42.49,47.89,45.96,59.86394558,0,76.92307692,104.006435,0.032512171,NA,NA,NA,0.478649899161117,0.391129441144209
63,"QUINDIO",63130,"CALARCA",2024,74545,0.661739089,0.338260911,63723,0.854825944,0.889993,88.9729,53.3679,4.5377,8.9576,8.204,99.73,86.1,99.44,95.09,50.63407181,0,4.357298475,8260.794088,0.110816206,NA,NA,NA,2.08299402553017,1.12590121102675
63,"QUINDIO",63190,"CIRCASIA",2024,29013,0.719282549,0.280674847,23472,0.809016648,0.816552,81.6322,48.8276,3.4472,6.6223,6.9247,97.08,73.14,77.4,82.54,91.9442762,0,12.57861635,2309.765114,0.079611385,NA,NA,NA,1.85179654740926,1.04794916319444
63,"QUINDIO",63212,"CORDOBA",2024,5866,0.841811972,0.158188028,5563,0.948346403,0.831301,83.1301,49.359,3.4689,7.8947,7.7751,98.78,39.43,37.74,58.65,77.67393562,0,0,118.772545,0.020247621,NA,NA,NA,0.481152752522411,0.392820671440552
63,"QUINDIO",63272,"FILANDIA",2024,12418,0.755523697,0.244476303,11858,0.954904171,0.867167,86.7167,66.3492,3.945,7.5912,7.2923,99.92,59.7,56.84,72.15333333,79.47894361,0,0,944.051227,0.076022808,NA,NA,NA,1.2437601756313,0.808153108344471
63,"QUINDIO",63302,"GENOVA",2024,7723,0.870595611,0.129404389,7975,1,0.830705,83.0705,42.7136,5.1357,11.4341,4.4574,69.64,68.8,58.44,65.62666667,68.18791946,0,0,167.414615,0.021677407,NA,NA,NA,0.436807942755042,0.362423946637268
63,"QUINDIO",63401,"LA TEBAIDA",2024,33885,0.724156147,0.275843853,35966,1,0.836794,83.6794,49.4071,5.028,8.6538,7.5721,98.67,98.67,98.67,98.67,80.08578431,0,19.53125,4566.1798,0.134755196,NA,NA,NA,1.76407315644125,1.0167053731533
63,"QUINDIO",63470,"MONTENEGRO",2024,37530,0.757773025,0.242226975,42551,1,0.861787,86.1787,45.2498,5.4034,8.6901,8.8954,100,100,100,100,81.9058642,0,17.85714286,2627.345991,0.070006555,NA,NA,NA,0.880329781460656,0.63144717712889
63,"QUINDIO",63548,"PIJAO",2024,5361,0.848511538,0.151488462,5677,1,1.132203,113.2203,95,4.5272,9.2555,7.8471,100,73.32,100,91.10666667,64.53110492,0,50,205.207783,0.038277893,NA,NA,NA,0.692883504168957,0.526433290487511
63,"QUINDIO",63594,"QUIMBAYA",2024,31400,0.771691771,0.228277107,32132,1,0.950042,95.0042,58.1542,4.7359,7.5949,7.1148,100,78.65,85.52,88.05666667,94.46190102,0,15.70680628,1973.72349,0.062857436,NA,NA,NA,0.572099604265006,0.452412053491494
63,"QUINDIO",63690,"SALENTO",2024,10264,0.762736536,0.237263464,5496,0.535463757,1.417614,141.4773,71.1207,1.9473,8.2474,5.7274,85.48,28.93,44.88,53.09666667,62.87676459,0,25,2091.169671,0.203738277,NA,NA,NA,1.18875470819474,0.783332755704013
66,"RISARALDA",66001,"PEREIRA",2024,486042,0.386249721,0.613738862,613093,1,1.02965,102.4509,62.0393,5.4886,8.4345,7.4509,67.64,60.12,68.53,65.43,95.47583719,29.00232019,9.570765661,197704.0964,0.4067634,NA,NA,NA,3.36538632817543,1.47370669125727
66,"RISARALDA",66045,"APIA",2024,12754,0.846538648,0.153461352,12394,0.971773561,0.725643,72.5643,45.4795,4.5806,4.1023,2.1416,35.73,35.73,35.73,35.73,73.34710744,0,12.19512195,660.833519,0.051813825,NA,NA,NA,0.319281759662414,0.277087467042604
66,"RISARALDA",66075,"BALBOA",2024,6647,0.855051245,0.144948755,6147,0.924778095,0.785523,78.5523,38.674,6.4795,11.4471,4.4276,46.96,26.52,34.01,35.83,100,0,18.51851852,3475.644716,0.522889231,NA,NA,NA,0.432809359982223,0.359637104393937
66,"RISARALDA",66088,"BELEN DE UMBRIA",2024,25391,0.842292476,0.157707524,27551,1,0.815709,81.5709,51.0782,5.0607,6.6099,4.8799,95.14,71.04,71.55,79.24333333,88.31713781,0,10.63829787,1244.080172,0.048996895,NA,NA,NA,0.614489293636345,0.479018679813806
66,"RISARALDA",66170,"DOS QUEBRADAS",2024,240061,0.466051236,0.533948764,224883,0.936774403,0.845068,84.4634,48.8065,5.8317,8.4284,8.5999,86.84,86.84,86.84,86.84,100,0,9.287925697,44002.07915,0.183295409,NA,NA,NA,13.8779028117451,2.69987707940107
66,"RISARALDA",66318,"GUATICA",2024,12548,0.880114631,0.119885369,12562,1,0.805201,80.5201,60.9756,3.4783,3.6957,1.3587,76.31,39.61,41.44,52.45333333,100,0,13.51351351,612.943945,0.04884794,NA,NA,NA,0.537352577978307,0.430061831859596
66,"RISARALDA",66383,"LA CELIA",2024,7749,0.892030527,0.107969473,7993,1,0.88809,88.809,57.5758,3.5242,6.1674,2.8194,54.53,49.3,49.33,51.05333333,77.27737973,0,0,268.765261,0.034683864,NA,NA,NA,0.25141580801198,0.224275556763791
66,"RISARALDA",66400,"LA VIRGINIA",2024,28384,0.597040946,0.402959054,42446,1,0.943271,94.3271,74.5863,6.1528,4.9212,4.8143,81,80.05,81.53,80.86,96.32653061,429.1845494,21.45922747,3628.348173,0.127830756,NA,NA,NA,4.29097351605196,1.66600225843828
66,"RISARALDA",66440,"MARSELLA",2024,17421,0.806238185,0.193761815,15870,0.91096952,0.766251,76.6251,36.9919,5.2818,9.9291,5.8731,54.94,52.93,52.93,53.6,82.92187046,0,19.8019802,668.702496,0.038384851,NA,NA,NA,0.709953974953784,0.536466454920642
66,"RISARALDA",66456,"MISTRATO",2024,18387,0.921149016,0.078850984,19112,1,0.722116,72.2116,28.0952,7.8621,10.8719,0.8885,87.81,48.41,47.63,61.28333333,75.5177305,0,19.28374656,328.458389,0.01786362,NA,NA,NA,0.289278115501746,0.254082461352603
66,"RISARALDA",66572,"PUEBLO RICO",2024,18266,0.926640744,0.073359256,21088,1,1.026043,102.6043,35.506,3.4237,9.6596,10.913,67.21,27.24,28.33,40.92666667,73.72836917,0,39.6039604,745.007225,0.040786556,NA,NA,NA,0.267438971965324,0.236998306973203
66,"RISARALDA",66594,"QUINCHIA",2024,28224,0.892895016,0.107104984,27347,0.968927154,0.900619,90.0619,64.0237,3.7844,5.1704,2.6947,90.91,20.68,20.19,43.92666667,100,0,4.87804878,1064.343452,0.037710581,NA,NA,NA,0.677090097410464,0.517060206747031
66,"RISARALDA",66682,"SANTA ROSA DE CABAL",2024,83030,0.581539045,0.418448319,79140,0.953149464,0.888659,88.858,53.0137,5.5727,8.2703,5.274,87.12,80.65,81.43,83.06666667,100,0,9.505703422,7227.26186,0.087043982,NA,NA,NA,1.358274830636,0.857930347756043
66,"RISARALDA",66687,"SANTUARIO",2024,13026,0.833026294,0.166973706,11942,0.916781821,0.727512,72.7512,37.5321,7.7951,7.5724,5.6236,57.49,52.2,52.16,53.95,80.06396588,0,13.33333333,707.780513,0.054335983,NA,NA,NA,0.396071883119231,0.333662495220256
68,"SANTANDER",68001,"BUCARAMANGA",2024,615463,0.394611606,0.605375581,780418,1,0.987092,98.545,60.6897,4.4803,6.9662,7.2363,82.71,82.63,76.6,80.64666667,100,0,5.900305188,286025.5667,0.464732351,NA,NA,NA,15.4542148674097,2.80058166733473
68,"SANTANDER",68013,"AGUADA",2024,1891,0.896226415,0.103773585,1696,0.896879958,0.778182,77.8182,68.0851,0.4444,1.3333,1.7778,100,11.56,8,39.85333333,71.46067416,0,0,63.138896,0.033389157,NA,NA,NA,0.297800864202088,0.26067118910245
68,"SANTANDER",68020,"ALBANIA",2024,4223,0.950318471,0.049681529,3140,0.743547241,0.731044,73.1044,57.3913,1.3011,3.7175,2.7881,11.2,8.37,8.54,9.37,84.61215933,0,0,84.99261,0.020126121,NA,NA,NA,0.292042948266477,0.256224646500237
68,"SANTANDER",68051,"ARATOCA",2024,8824,0.848293625,0.151706375,7765,0.879986401,0.875875,87.5875,57.6087,1.387,4.0915,2.8433,25.48,26.84,31.23,27.85,100,0,17.85714286,361.648562,0.040984651,NA,NA,NA,0.551966839884304,0.439523055478842
68,"SANTANDER",68077,"BARBOSA",2024,33724,0.720568479,0.279431521,28286,0.838749852,0.949473,94.8636,44.888,4.2575,8.3629,8.6163,74.58,65.98,68.33,69.63,100,0,4.098360656,2340.313803,0.069396092,NA,NA,NA,1.06919198220635,0.72715818431193
68,"SANTANDER",68079,"BARICHARA",2024,12657,0.763504611,0.236495389,7590,0.599668168,0.76201,76.201,68.3673,1.6746,9.2504,6.1404,90.08,48.9,37.36,58.78,84.14018414,0,0,701.662387,0.055436706,NA,NA,NA,0.573697534614004,0.453427968005932
68,"SANTANDER",68081,"BARRANCABERMEJA",2024,226559,0.536053712,0.46391882,254842,1,1.135333,113.4184,64.8363,3.4787,9.3097,9.4954,99.87,84.32,94.36,92.85,100,166.2510391,6.234413965,323685.1158,1.428701203,NA,NA,NA,2.27145943929754,1.1852361970535
68,"SANTANDER",68092,"BETULIA",2024,6747,0.827517448,0.172482552,4012,0.594634652,0.79587,79.587,32,3.5339,6.2082,6.1127,50.45,49.91,50.72,50.36,100,0,30.3030303,3378.282705,0.500708864,NA,NA,NA,0.397494476684189,0.334680973756079
68,"SANTANDER",68101,"BOLIVAR",2024,11558,0.903583618,0.096416382,8204,0.709811386,0.724062,72.4062,51.9182,2.3973,7.4772,3.3105,7.96,7.27,7.27,7.5,89.56503555,0,0,445.255902,0.038523612,NA,NA,NA,0.342889579746336,0.294823695059165
68,"SANTANDER",68121,"CABRERA",2024,2117,0.846524064,0.153475936,1870,0.883325461,0.652422,65.2422,44.6429,0.4202,5.8824,8.4034,66.3,15.88,14.96,32.38,95.95015576,0,0,62.275228,0.029416735,NA,NA,NA,0.392885823344773,0.331377726861772
68,"SANTANDER",68132,"CALIFORNIA",2024,2465,0.767457627,0.232542373,1475,0.598377282,0.948905,94.8905,64.1509,1.4634,3.6585,7.8049,48.67,48.67,48.67,48.67,80.0804829,0,0,231.812715,0.094041669,NA,NA,NA,0.461651521243583,0.37956697535338
68,"SANTANDER",68147,"CAPITANEJO",2024,6215,0.869759943,0.130240057,5582,0.898149638,0.877406,87.7406,52.6946,1.2346,10.7744,3.5915,45.12,36.27,36.58,39.32333333,79.6031746,0,0,187.664524,0.030195418,NA,NA,NA,0.421260795384687,0.35154436175099
68,"SANTANDER",68152,"CARCASI",2024,4852,0.946311858,0.053688142,4284,0.882934872,0.755284,75.5284,44.2177,2.2535,4.9296,4.2254,9.64,9.64,9.64,9.64,88.0044843,0,0,89.803043,0.018508459,NA,NA,NA,0.303231488722977,0.264846940631173
68,"SANTANDER",68160,"CEPITA",2024,2167,0.895302773,0.104697227,1767,0.815413013,0.744898,74.4898,45.5882,5.5921,3.9474,0.9868,84,29.71,29.71,47.80666667,85.00669344,0,0,31.185061,0.014390891,NA,NA,NA,0.375738767062427,0.318990871968865
68,"SANTANDER",68162,"CERRITO",2024,7482,0.925452017,0.074547983,7190,0.960973002,0.960961,96.0961,55.814,3.1947,7.4981,6.6122,26.88,26.88,26.88,26.88,100,0,21.73913043,369.874082,0.049435189,NA,NA,NA,0.331360830750416,0.2862016001561
68,"SANTANDER",68167,"CHARALA",2024,13688,0.834729627,0.165270373,11817,0.863310929,0.95011,94.9669,64.1304,2.4059,6.7804,3.8933,91.73,63.07,63.01,72.60333333,100,0,23.52941176,1058.801987,0.077352571,NA,NA,NA,0.352673377718651,0.302082914072628
68,"SANTANDER",68169,"CHARTA",2024,3252,0.910947712,0.089052288,2448,0.752767528,0.919565,91.9565,46.6667,3.7862,8.0178,3.7862,19.97,19.97,19.97,19.97,74.44620253,0,0,66.29866,0.020387042,NA,NA,NA,0.533382747499815,0.427476240937987
68,"SANTANDER",68176,"CHIMA",2024,3243,0.880255255,0.119744745,2664,0.82146161,0.751825,75.1825,43.8202,1.1765,4.7059,2.5882,71.76,40.19,40.19,50.71333333,81.21827411,0,0,84.928263,0.026188179,NA,NA,NA,0.292511518173867,0.256587238907251
68,"SANTANDER",68179,"CHIPATA",2024,5247,0.913857678,0.086142322,4005,0.76329331,0.577566,57.7566,37.5,0.3992,3.1936,0.998,99.83,18.29,21.86,46.66,81.79384203,0,0,138.722579,0.026438456,NA,NA,NA,0.429882034140127,0.357591947260728
68,"SANTANDER",68190,"CIMITARRA",2024,33782,0.823059801,0.176940199,33695,0.997424664,0.823052,82.2914,46.3132,4.1345,7.6936,4.2494,66.53,65.41,53.25,61.73,85.70907765,0,4.149377593,4971.680851,0.147169524,NA,NA,NA,0.375798580444753,0.319034348305751
68,"SANTANDER",68207,"CONCEPCION",2024,6125,0.912302839,0.087697161,6340,1,0.800718,80.0718,35,2.4202,7.8108,9.2409,34.86,23.25,23.83,27.31333333,83.78006873,0,0,142.029178,0.023188437,NA,NA,NA,0.403788246955098,0.339174472971897
68,"SANTANDER",68209,"CONFINES",2024,3613,0.913493654,0.086506346,2994,0.828674232,0.860197,86.0197,58.427,2.2059,1.8382,4.5956,64.26,29.96,29.96,41.39333333,100,0,0,136.589512,0.037805013,NA,NA,NA,0.361734975741283,0.308759604168668
68,"SANTANDER",68211,"CONTRATACION",2024,4144,0.810300207,0.189699793,3864,0.932432432,0.865093,86.5093,61.5385,0.1799,8.2734,10.0719,44.04,44.04,44.04,44.04,72.57142857,0,0,207.319117,0.050028744,NA,NA,NA,0.407287577580905,0.341664147852104
68,"SANTANDER",68217,"COROMORO",2024,5662,0.931161972,0.068838028,5680,1,0.850354,85.0354,44.8718,1.7104,5.1311,2.1665,89.63,89.63,85.89,88.38333333,92.9020979,0,0,185.310492,0.032728805,NA,NA,NA,0.271607342225987,0.240281724043808
68,"SANTANDER",68229,"CURITI",2024,14441,0.849102242,0.150897758,10749,0.744339035,0.800084,80.0084,53.5533,3.3079,4.3257,4.7837,95.49,44.02,41.82,60.44333333,100,0,0,563.836373,0.039044136,NA,NA,NA,0.626798771148054,0.486614139670793
68,"SANTANDER",68235,"EL CARMEN",2024,24214,0.91680124,0.08319876,15481,0.639340877,0.621731,62.1731,28.5714,4.0554,6.7905,2.3995,38.27,20.44,20.44,26.38333333,75.02836075,0,0,654.641847,0.027035676,NA,NA,NA,0.328565099417179,0.284099487213007
68,"SANTANDER",68245,"EL GUACAMAYO",2024,2201,0.925479452,0.074520548,1825,0.82916856,0.617021,61.7021,34.7222,1.083,1.444,4.3321,48.97,60.03,12.3,40.43333333,85.22167488,0,0,55.765739,0.025336547,NA,NA,NA,0.285586581727898,0.251215098025074
68,"SANTANDER",68250,"EL PEÑON",2024,5351,0.933942857,0.066057143,4375,0.817604186,0.587251,58.7251,34.2857,2.8351,7.0876,5.0258,6.68,6.68,6.68,6.68,67.16237942,0,0,134.182677,0.025076187,NA,NA,NA,0.296706150585684,0.259192668050854
68,"SANTANDER",68255,"EL PLAYON",2024,15124,0.81077241,0.18922759,15484,1,0.851425,85.1425,46.1538,3.1758,7.4719,6.6615,97.74,46.92,35.95,60.20333333,89.36810431,0,17.24137931,406.128013,0.026853214,NA,NA,NA,0.37096038666521,0.315511506410162
68,"SANTANDER",68264,"ENCINO",2024,2898,0.91148532,0.08851468,2316,0.799171843,0.542757,54.2757,22.4719,1.5337,3.681,3.681,83.5,22.33,22.33,42.72,70.7079646,0,0,33.117729,0.011427788,NA,NA,NA,0.284537122966087,0.250398437863369
68,"SANTANDER",68266,"ENCISO",2024,3921,0.885047537,0.114952463,3471,0.885233359,0.90939,90.939,69.4444,1.5411,4.7945,3.2534,19.55,19.51,22.73,20.59666667,88.73668189,0,0,116.017773,0.029588822,NA,NA,NA,1.16282004494109,0.771412946533942
68,"SANTANDER",68271,"FLORIAN",2024,5703,0.911469194,0.088530806,5275,0.92495178,0.595624,59.5624,34.1232,2.3839,6.5163,4.7679,100,34.62,30.56,55.06,77.68627451,0,0,325.663062,0.057103816,NA,NA,NA,0.328521020821099,0.284066309066655
68,"SANTANDER",68276,"FLORIDABLANCA",2024,312530,0.418954511,0.581045489,296531,0.948808114,0.820769,81.6939,47.5444,4.8189,8.0547,7.7966,82.69,81.9,79.9,81.49666667,100,0,7.059800664,56232.5886,0.179927011,NA,NA,NA,9.25506941662585,2.3277721605532
68,"SANTANDER",68296,"GALAN",2024,3063,0.883869099,0.116130901,3453,1,0.965714,96.5714,54.878,1.6949,3.3835,2.8249,91.02,47.82,45.45,61.43,79.54545455,0,0,87.911602,0.028701143,NA,NA,NA,0.256451446827547,0.22829143565327
68,"SANTANDER",68298,"GAMBITA",2024,4110,0.930815877,0.069184123,3628,0.882725061,0.719048,71.9048,35.8779,2.1841,10.7644,5.6162,7.37,7.37,7.37,7.37,71.785871,0,120,112.121228,0.027280104,NA,NA,NA,0.355460516804676,0.304141261391204
68,"SANTANDER",68307,"GIRON",2024,175000,0.566621672,0.433365286,153351,0.876291429,0.949725,94.8903,51.175,4.4255,8.3244,7.9659,99.99,99.56,88.58,96.04333333,100,61.65228113,9.24784217,55968.41994,0.319819543,NA,NA,NA,1.09999508501671,0.741935004258404
68,"SANTANDER",68318,"GUACA",2024,6668,0.928307589,0.071692411,5956,0.893221356,0.776361,77.6361,40,3.0435,5.6522,1.8478,27.46,21.93,21.7,23.69666667,95.87036069,0,0,107.913635,0.016183808,NA,NA,NA,0.361792862759198,0.30880211301848
68,"SANTANDER",68320,"GUADALUPE",2024,4608,0.894556365,0.105443635,4666,1,0.874704,87.4704,63.2653,1.9506,4.2913,4.4213,100,25.25,25.25,50.16666667,93.59110169,0,0,135.254978,0.029352209,NA,NA,NA,0.378554912587525,0.321035785717356
68,"SANTANDER",68322,"GUAPOTA",2024,2634,0.816202532,0.183797468,1975,0.749810175,0.734783,73.4783,39.726,3.5326,8.1522,6.7935,76.38,27.27,27.27,43.64,95.51282051,0,0,85.169875,0.032334804,NA,NA,NA,0.409550411747659,0.343270796627847
68,"SANTANDER",68324,"GUAVATA",2024,4326,0.916598528,0.083401472,3669,0.848127601,0.553822,55.3822,31.9672,5.1414,7.1979,1.0283,51.86,17.83,17.83,29.17333333,100,0,0,121.369846,0.028055905,NA,NA,NA,0.414279293019916,0.346620067785976
68,"SANTANDER",68327,"GUEPSA",2024,5560,0.904761905,0.095238095,4347,0.781834532,0.798467,79.8467,38.8889,4.6572,8.6675,5.0453,78.76,50.8,57.9,62.48666667,100,0,0,408.969978,0.073555751,NA,NA,NA,0.923108576234953,0.653942926913381
68,"SANTANDER",68344,"HATO",2024,2618,0.911646586,0.088353414,2241,0.855996944,0.75,75,49.3333,2.3121,4.6243,1.4451,61.77,24.66,25.29,37.24,99.12152269,0,0,60.773728,0.0232138,NA,NA,NA,0.263214473801503,0.233659641937907
68,"SANTANDER",68368,"JESUS MARIA",2024,3429,0.914001863,0.085998137,3221,0.939340916,0.703204,70.3204,51.9231,1.9397,7.7586,1.9397,11.4,11.49,11.49,11.46,73.94752898,0,0,210.442032,0.061371255,NA,NA,NA,0.280439350096201,0.247203261300034
68,"SANTANDER",68370,"JORDAN",2024,1551,0.94214876,0.05785124,1331,0.858156028,1.026119,102.6119,85.7143,2.5806,8.7097,5.1613,48.78,16.5,16.5,27.26,100,0,0,45.996424,0.029655979,NA,NA,NA,0.398176933568774,0.335169197726634
68,"SANTANDER",68377,"LA BELLEZA",2024,6336,0.925037258,0.074962742,6710,1,0.743489,74.3489,32.2727,3.6453,9.7537,7.5862,30.85,29.33,30.12,30.1,73.76294591,0,0,148.737251,0.023474945,NA,NA,NA,0.286155378932049,0.251657441947696
68,"SANTANDER",68385,"LANDAZURI",2024,10619,0.909564195,0.090435805,11909,1,0.910526,91.0048,49.5677,3.715,7.528,5.4453,16.73,16.73,16.73,16.73,89.99288594,0,0,466.553917,0.043935768,NA,NA,NA,0.28968913534543,0.25440120898077
68,"SANTANDER",68397,"LA PAZ",2024,5075,0.930209372,0.069790628,4012,0.790541872,0.569954,56.9954,47.4026,1.9231,2.3077,0.9615,35.68,8.23,8.23,17.38,89.52380952,0,0,127.417791,0.025106954,NA,NA,NA,0.30417283308551,0.265568995431465
68,"SANTANDER",68406,"LEBRIJA",2024,50221,0.66008043,0.33991957,43019,0.856593855,0.868072,86.7722,50.1393,4.824,8.1373,5.5794,49.43,46.73,47.58,47.91333333,100,253.8071066,12.69035533,10202.56905,0.203153443,NA,NA,NA,0.671535474149936,0.513742649596238
68,"SANTANDER",68418,"LOS SANTOS",2024,16737,0.790778768,0.209221232,10324,0.616836948,0.796689,79.6689,50.6148,2.1969,5.5708,4.8254,13.13,10.12,82.63,35.29333333,100,0,7.142857143,781.554782,0.046696229,NA,NA,NA,0.865636917024772,0.623602505263398
68,"SANTANDER",68425,"MACARAVITA",2024,2430,0.894736842,0.105263158,2166,0.891358025,0.748837,74.8837,63.8889,1.2012,6.006,4.2042,4.67,4.67,4.67,4.67,100,0,0,62.051949,0.025535781,NA,NA,NA,0.317892197800965,0.276033640474877
68,"SANTANDER",68432,"MALAGA",2024,23796,0.724082394,0.275875223,23594,0.991511178,1.011537,101.1537,62.4824,1.2776,9.5332,10.9337,71.87,69.93,69.93,70.57666667,100,0,4.444444444,1385.835352,0.058238164,NA,NA,NA,0.540381544798979,0.432030142101972
68,"SANTANDER",68444,"MATANZA",2024,5607,0.918129939,0.081870061,4556,0.812555734,1.183673,118.3673,77.3973,2.5974,5.1948,4.9165,59.93,38.7,30.62,43.08333333,100,0,0,94.361604,0.01682925,NA,NA,NA,0.441327334817461,0.365564449317672
68,"SANTANDER",68464,"MOGOTES",2024,11185,0.901422764,0.098577236,10824,0.967724631,0.893713,89.3713,62.8571,3.5697,5.2581,2.5567,50.61,49.72,50.06,50.13,100,0,0,393.103474,0.035145594,NA,NA,NA,0.352068609170358,0.301635722760996
68,"SANTANDER",68468,"MOLAGAVITA",2024,4660,0.932758621,0.067241379,4060,0.871244635,0.60101,60.101,40.5405,0.6342,6.5539,2.9598,6.75,6.75,6.75,6.75,82.76038994,0,47.61904762,123.844484,0.02657607,NA,NA,NA,0.327732924905793,0.283472920065051
68,"SANTANDER",68498,"OCAMONTE",2024,6494,0.934660998,0.065339002,4469,0.688173699,0.58778,58.778,39.7906,2.0891,2.9248,1.3928,91.54,16.3,16.3,41.38,93.41104916,0,0,116.374927,0.017920377,NA,NA,NA,0.350432072085491,0.300424594640835
68,"SANTANDER",68500,"OIBA",2024,11595,0.815147972,0.184852028,11117,0.958775334,0.925238,92.5238,67.3591,1.5432,4.5267,2.6235,90,55.07,50.57,65.21333333,100,0,0,786.641493,0.067843165,NA,NA,NA,0.432264053848194,0.359256446685146
68,"SANTANDER",68502,"ONZAGA",2024,4721,0.92882647,0.07117353,4201,0.889853845,0.792633,79.2633,50,3.5599,4.3689,2.589,44.43,28.45,28.45,33.77666667,69.05908096,0,0,114.419466,0.024236277,NA,NA,NA,0.262414187377332,0.233025909463094
68,"SANTANDER",68522,"PALMAR",2024,1523,0.842758621,0.157241379,1450,0.952068286,0.798535,79.8535,58.3333,1.2987,2.1645,0,94.04,33.54,35.27,54.28333333,85.02673797,0,0,90.069184,0.05913932,NA,NA,NA,0.343241115478081,0.295085436406581
68,"SANTANDER",68524,"PALMAS DEL SOCORRO",2024,2789,0.840314136,0.159685864,2292,0.821799928,0.867089,86.7089,57.6923,3.1532,4.7191,3.1532,94.38,33.39,22,49.92333333,100,0,0,44.48153,0.015948917,NA,NA,NA,0.400560307885503,0.3368723764728
68,"SANTANDER",68533,"PARAMO",2024,5496,0.848251594,0.151748406,4547,0.827328967,0.849359,84.9359,54.3046,3.2181,9.416,9.2968,76.71,37.35,38.13,50.73,100,0,0,85.248624,0.015511031,NA,NA,NA,0.432240053577673,0.359239689669186
68,"SANTANDER",68547,"PIEDECUESTA",2024,189863,0.498222894,0.501758301,159529,0.840232167,0.967328,96.615,59.6085,6.0838,6.734,6.7943,69.05,65.88,59.71,64.88,100,0,5.836575875,22385.65087,0.11790423,NA,NA,NA,2.25712942731718,1.18084626370449
68,"SANTANDER",68549,"PINCHOTE",2024,6013,0.828893764,0.171106236,3191,0.530683519,0.702081,70.2081,46.8354,1.4728,9.2784,9.5729,99.76,36.09,61.68,65.84333333,100,0,35.71428571,842.863351,0.140173516,NA,NA,NA,0.863798085255696,0.622616387035322
68,"SANTANDER",68572,"PUENTE NACIONAL",2024,15257,0.842119229,0.157880771,11306,0.741036901,1.143471,114.3471,81.1816,1.7363,7.1383,11.6077,19.67,19.67,19.67,19.67,87.29625273,0,0,816.901177,0.053542713,NA,NA,NA,0.487939895986787,0.397392543113104
68,"SANTANDER",68573,"PUERTO PARRA",2024,8892,0.746882217,0.253117783,6495,0.730431849,0.924816,92.4816,45.098,6.2428,7.8613,3.8728,83.27,79.79,78.92,80.66,91.42231947,0,0,698.402234,0.078542761,NA,NA,NA,0.289666863919388,0.254383939998862
68,"SANTANDER",68575,"PUERTO WILCHES",2024,36099,0.643046891,0.356953109,33503,0.928086651,0.948911,94.8911,42.4144,4.7912,10.9469,9.3361,46,46,46,46,88.02370452,0,3.215434084,4860.521694,0.13464422,NA,NA,NA,0.548323415780703,0.437172678268698
68,"SANTANDER",68615,"RIONEGRO",2024,27251,0.865389538,0.134610462,23438,0.860078529,1.01784,101.7644,58.8452,4.751,8.1019,3.8889,66.1,44.33,42.21,50.88,100,0,13.51351351,1917.072179,0.070348691,NA,NA,NA,0.455751071002815,0.375521967440001
68,"SANTANDER",68655,"SABANA DE TORRES",2024,37531,0.644354403,0.355645597,37020,0.986384589,1.034894,103.3976,52.1249,5.2962,8.7502,8.3066,44.5,33.25,44.45,40.73333333,100,0,10.1010101,5683.547743,0.151436086,NA,NA,NA,0.608772646219023,0.475471556732942
68,"SANTANDER",68669,"SAN ANDRES",2024,8900,0.913799768,0.086200232,7761,0.872022472,0.860526,86.0526,73.3333,1.1536,6.633,4.1096,16.53,16.53,17.53,16.86333333,89.13915458,0,0,119.800734,0.013460757,NA,NA,NA,0.383464628164354,0.324590952996684
68,"SANTANDER",68673,"SAN BENITO",2024,3015,0.947551099,0.052448901,2593,0.860033167,0.605042,60.5042,33.3333,2.2727,3.2468,4.5455,21.71,4.54,4.54,10.26333333,96.69491525,0,0,70.816916,0.023488198,NA,NA,NA,0.397607577945177,0.334761901936045
68,"SANTANDER",68679,"SAN GIL",2024,67893,0.489157336,0.510842664,74751,1,1.06625,106.4828,74.1535,3.4515,6.9965,3.1924,89.39,85.06,84.57,86.34,100,0,3.418803419,6128.723798,0.090270334,NA,NA,NA,1.92317999494717,1.07267206307247
68,"SANTANDER",68682,"SAN JOAQUIN",2024,2525,0.881743634,0.118256366,2317,0.917623762,0.75286,75.286,49.2958,0.565,5.9155,1.4124,46.85,28.13,28.13,34.37,70.10221465,0,0,71.470551,0.028305169,NA,NA,NA,0.289850984444286,0.254526695766439
68,"SANTANDER",68684,"SAN JOSE DE MIRANDA",2024,4519,0.898372966,0.101627034,3995,0.884045143,0.634715,63.4715,44.0559,2.4857,10.1338,1.3384,29.02,29.02,29.02,29.02,86.19702176,0,0,90.500463,0.020026657,NA,NA,NA,0.552634992505962,0.421847010903509
68,"SANTANDER",68686,"SAN MIGUEL",2024,2665,0.905481226,0.094518774,2317,0.869418386,0.706612,70.6612,40.9639,2.4793,12.9477,6.8871,10.15,10.15,10.15,10.15,94.6301925,0,0,32.885703,0.012339851,NA,NA,NA,0.371717656207079,0.316063718189508
68,"SANTANDER",68689,"SAN VICENTE DE CHUCURI",2024,35766,0.828563158,0.171436842,27637,0.772717106,0.779256,77.9256,38.9027,5.3822,8.4677,5.4698,72.23,41.23,41.24,51.56666667,84.37021146,0,0,3053.609257,0.085377433,NA,NA,NA,0.462965268193836,0.380465381628938
68,"SANTANDER",68705,"SANTA BARBARA",2024,2624,0.912950027,0.087049973,1861,0.709222561,0.859447,85.9447,35.6164,1.2953,10.3627,4.9223,25.49,18.59,23.17,22.41666667,99.67320261,0,0,150.675054,0.057421896,NA,NA,NA,0.499403157968719,0.405067134239548
68,"SANTANDER",68720,"SANTA HELENA DEL OPON",2024,3472,0.930979559,0.069020441,3767,1,0.715789,71.5789,39.6825,2.6362,5.0967,2.2847,36.29,27.1,27.97,30.45333333,79.13846154,0,50,105.0566,0.030258237,NA,NA,NA,0.337392424777786,0.289741368299982
68,"SANTANDER",68745,"SIMACOTA",2024,11483,0.867151608,0.132848392,7836,0.68240007,0.747859,74.7859,34.3195,3.3553,8.568,4.6135,68.59,37.18,38.46,48.07666667,83.48938826,0,18.86792453,509.816164,0.044397471,NA,NA,NA,0.300357401544768,0.262639150947947
68,"SANTANDER",68755,"SOCORRO",2024,36336,0.625722253,0.374277747,34787,0.957370101,1.015744,101.5236,66.758,2.6196,7.1377,5.8399,76.74,73.82,72.69,74.41666667,100,0,3.676470588,2631.597414,0.072423971,NA,NA,NA,1.22054383569534,0.797752136917619
68,"SANTANDER",68770,"SUAITA",2024,10286,0.875,0.125,9264,0.900641649,0.892614,89.2614,66.2162,2.6316,7.8349,6.1603,69.75,36.8,29.22,45.25666667,92.26374673,0,15.625,264.524093,0.025716906,NA,NA,NA,0.390663888080493,0.329781250443847
68,"SANTANDER",68773,"SUCRE",2024,7377,0.942659814,0.057340186,6226,0.843974515,0.643629,64.3629,35.865,2.3061,7.4423,5.3459,26.33,21.08,8.07,18.49333333,92.54498715,0,29.41176471,194.531322,0.026369977,NA,NA,NA,0.250522721425031,0.223561641042543
68,"SANTANDER",68780,"SURATA",2024,4451,0.895522388,0.104477612,3551,0.797798248,0.876231,87.6231,33.3333,0.9119,4.1033,3.4954,13.65,13.65,13.65,13.65,89.12326961,0,0,107.659463,0.024187702,NA,NA,NA,0.301643958486994,0.263628049006829
68,"SANTANDER",68820,"TONA",2024,8362,0.935115145,0.064884855,5949,0.711432672,0.903448,90.2759,36.8644,4.8,5.92,7.52,15.23,62.97,21.65,33.28333333,95.65081352,0,20.83333333,196.653671,0.02351754,NA,NA,NA,0.538403086838098,0.430744921815445
68,"SANTANDER",68855,"VALLE DE SAN JOSE",2024,7004,0.88592192,0.11407808,5917,0.84480297,0.816102,81.4407,56.5657,2.623,6.6594,4.6995,80.4,80.4,36.78,65.86,100,0,16.66666667,208.907981,0.029826953,NA,NA,NA,0.764480182445172,0.508493017535873
68,"SANTANDER",68861,"VELEZ",2024,26750,0.736920394,0.263079606,19496,0.72882243,0.74818,74.818,40.081,3.8143,6.6211,3.7064,58.71,47.51,48.81,51.67666667,84.66246939,0,0,1458.368325,0.054518442,NA,NA,NA,0.434438636553769,0.36077357863605
68,"SANTANDER",68867,"VETAS",2024,2162,0.625476735,0.374523265,1311,0.606382979,0.583924,58.3924,39.4366,4.059,5.1661,3.321,73.79,37.07,55.99,55.61666667,78.81773399,0,0,88.528513,0.040947508,NA,NA,NA,0.461913954116105,0.379746504681824
68,"SANTANDER",68872,"VILLANUEVA",2024,8989,0.85837127,0.14162873,7908,0.879741907,0.760956,76.0956,40.625,3.2686,7.8622,7.5972,100,46.88,42.55,63.14333333,100,0,0,205.331878,0.022842572,NA,NA,NA,0.778384837210883,0.575705557546754
68,"SANTANDER",68895,"ZAPATOCA",2024,10231,0.724319673,0.275680327,9297,0.908708826,0.947865,94.731,54.007,2.3102,5.9367,4.8845,79.7,73.64,71.15,74.83,100,0,46.15384615,564.89179,0.055213742,NA,NA,NA,0.423291025119137,0.352971813389982
70,"SUCRE",70001,"SINCELEJO",2024,319888,0.720824907,0.279167068,373812,1,0.9674,96.6519,57.0134,3.022,8.6986,7.7847,87.05,81.97,77.98,82.33333333,57.04261075,30.3030303,11.51515152,54272.23706,0.169660122,NA,NA,NA,4.39692101686573,1.68582860889272
70,"SUCRE",70110,"BUENAVISTA",2024,11927,0.92587917,0.07412083,11090,0.92982309,0.853203,84.9385,39.9497,5.0489,11.4315,10.7676,64.16,59.1,64.16,62.47333333,34.42622951,0,48.7804878,4.368683,0.000366285,NA,NA,NA,0.681574831690861,0.519730754146326
70,"SUCRE",70124,"CAIMITO",2024,17498,0.943350683,0.056649317,13257,0.757629443,0.693275,69.3275,30,3.9752,8.7527,5.7622,82.82,53.81,55.49,64.04,100,0,0,1018.557678,0.058209948,NA,NA,NA,0.357840643117834,0.305895675504028
70,"SUCRE",70204,"COLOSO",2024,10048,0.912851315,0.087148685,8824,0.878184713,0.902755,90.2755,40.7643,2.2552,7.3707,6.4906,94.84,79.2,94.3,89.44666667,100,0,17.24137931,274.102465,0.027279306,NA,NA,NA,0.726128767113445,0.524991226540235
70,"SUCRE",70215,"COROZAL",2024,76816,0.804138398,0.195847497,70897,0.92294574,1.00497,100.4443,61.0781,2.2295,9.8029,7.4482,74.14,65.02,61.57,66.91,70.01862197,0,11.49425287,4205.264649,0.054744645,NA,NA,NA,0.86218816743822,0.621752230375325
70,"SUCRE",70221,"COVEÑAS",2024,21748,0.911854545,0.088145455,13750,0.632242045,1.03781,103.781,54.5865,3.2338,8.3333,6.8905,100,100,100,100,75.04563233,0,9.523809524,73500.91484,3.37966318,NA,NA,NA,1.08243274432196,0.723679691067979
70,"SUCRE",70230,"CHALAN",2024,4847,0.920735103,0.079264897,5387,1,0.818365,81.8365,28.4153,2.6578,8.8594,9.856,100,51.22,60.55,70.59,99.1087344,0,19.23076923,185.903961,0.038354438,NA,NA,NA,0.482239792190384,0.393554316882611
70,"SUCRE",70233,"EL ROBLE",2024,10586,0.963669209,0.036330791,9964,0.941243151,0.946403,94.6403,51.5406,3.4215,11.2226,10.6752,69.91,51.85,44.31,55.35666667,100,0,12.82051282,852.477153,0.080528732,NA,NA,NA,0.701651795720568,0.514497776481248
70,"SUCRE",70235,"GALERAS",2024,25175,0.94425864,0.05574136,23322,0.926395233,0.838266,83.7889,42.4612,3.3429,10.6224,8.9729,68.67,36.37,58.54,54.52666667,100,0,18.34862385,432.724197,0.017188647,NA,NA,NA,0.46003423427391,0.378459883578157
70,"SUCRE",70265,"GUARANDA",2024,19509,0.957117332,0.042882668,20148,1,0.866606,86.525,32.5419,5.0089,10.4755,5.848,80.08,8.32,67.43,51.94333333,100,0,11.67315175,1003.511012,0.051438362,NA,NA,NA,0.318079578662522,0.276175812605509
70,"SUCRE",70400,"LA UNION",2024,13950,0.916243847,0.083756153,13205,0.946594982,0.866155,86.6155,42.4658,1.4576,9.4361,5.9455,99.8,80.62,85.98,88.8,100,0,40.81632653,1015.744262,0.072813209,NA,NA,NA,0.618388148586914,0.481430683924982
70,"SUCRE",70418,"LOS PALMITOS",2024,25570,0.937645378,0.062354622,24505,0.958349628,0.952471,95.2471,51.3924,2.9973,8.0817,6.2167,67.21,49.37,64.67,60.41666667,60.23183237,0,4.385964912,1182.12117,0.046230785,NA,NA,NA,0.651052677299242,0.501413070727749
70,"SUCRE",70429,"MAJAGUAL",2024,40125,0.955785853,0.044214147,44194,1,0.949286,94.9064,56.2155,3.6017,8.3787,4.5049,63.58,34.84,40.6,46.34,100,0,2.262443439,962.292205,0.02398236,NA,NA,NA,0.373536099677706,0.317388509191204
70,"SUCRE",70473,"MORROA",2024,17030,0.912910576,0.087089424,17993,1,0.792284,79.2284,24.812,1.6484,14.0659,13.0769,55.85,47.75,51.58,51.72666667,71.31877023,0,6.578947368,468.008183,0.027481397,NA,NA,NA,1.60253102997214,0.956484444576017
70,"SUCRE",70508,"OVEJAS",2024,24462,0.919076196,0.080923804,27495,1,1.082804,108.2804,57.8745,3.567,8.6479,6.9266,100,71.26,72.68,81.31333333,50.75098814,0,9.852216749,1716.333766,0.070163264,NA,NA,NA,0.510812899671169,0.412647850124697
70,"SUCRE",70523,"PALMITO",2024,16081,0.960912052,0.039087948,14429,0.89727007,0.834193,83.4193,44.9686,3.0801,8.8882,8.1549,76.98,76.98,76.98,76.98,95.90220386,0,14.08450704,312.199912,0.01941421,NA,NA,NA,0.686045952215271,0.522386114377448
70,"SUCRE",70670,"SAMPUES",2024,53083,0.944211994,0.055788006,48039,0.904978995,0.885583,88.4591,50.2674,3.0371,9.7754,8.188,80.68,61.12,54.84,65.54666667,80.28774844,0,8.385744235,1152.215481,0.021705922,NA,NA,NA,1.29955720927446,0.832716586694435
70,"SUCRE",70678,"SAN BENITO ABAD",2024,31892,0.959582899,0.040417101,23975,0.751755926,0.75056,75.056,28.7435,3.1752,12.9282,6.2241,52.32,0,23.22,25.18,73.80525372,0,8.064516129,643.66952,0.020182789,NA,NA,NA,0.306753155500881,0.267545553378119
70,"SUCRE",70702,"SAN JUAN DE BETULIA",2024,14694,0.922728224,0.077271776,14339,0.975840479,0.881623,88.1248,46.822,1.9949,8.8672,6.6638,93.94,71.5,91.79,85.74333333,71.79909428,0,9.259259259,317.674173,0.021619312,NA,NA,NA,0.700300959892371,0.53080527062409
70,"SUCRE",70708,"SAN MARCOS",2024,64076,0.916273231,0.083726769,73286,1,0.873239,87.3093,44.7312,5.0299,11.443,8.0013,46.94,27.23,58.47,44.21333333,76.57193021,0,8.633093525,4963.483417,0.077462442,NA,NA,NA,0.502488767898869,0.407122911791209
70,"SUCRE",70713,"SAN ONOFRE",2024,52983,0.93367087,0.06632913,62808,1,0.830642,83.0197,33.2005,3.1339,13.8095,8.5764,54.6,48.87,43.26,48.91,40.70633459,184.501845,20.29520295,1708.675251,0.0322495,NA,NA,NA,0.40090895801584,0.337121281671498
70,"SUCRE",70717,"SAN PEDRO",2024,20760,0.922377521,0.077622479,20677,0.996001927,0.874592,87.4592,42.963,2.7785,9.216,6.0504,54.74,54.74,54.73,54.73666667,82.45172124,0,0,547.363529,0.026366259,NA,NA,NA,0.817032153473397,0.597204485170175
70,"SUCRE",70742,"SINCE",2024,32683,0.937578301,0.062421699,31928,0.976899305,0.84322,84.2906,39.7459,2.8343,11.8164,8.6228,100,100,100,100,46.14934114,0,8.163265306,1026.54865,0.031409254,NA,NA,NA,0.540711389781242,0.432244251179839
70,"SUCRE",70771,"SUCRE",2024,33442,0.961026809,0.038973191,24581,0.73503379,0.687757,68.7757,21.6369,2.4757,10.4575,5.8824,60.8,4.84,23.77,29.80333333,100,0,15.46391753,431.688089,0.012908561,NA,NA,NA,0.3124200643013,0.271872810239469
70,"SUCRE",70820,"TOLU",2024,37512,0.775562948,0.224437052,39080,1,0.917436,91.6916,39.9536,2.6711,12.4704,8.2029,87.32,81.64,97.44,88.8,0.542495479,0,10.17811705,4055.856405,0.108121572,NA,NA,NA,1.50993297862829,0.920256051045478
70,"SUCRE",70823,"TOLUVIEJO",2024,23190,0.899183744,0.100816256,23032,0.993186718,0.927926,92.7926,47.25,3.2025,12.3219,8.2474,99.94,87,99.94,95.62666667,70.93352192,0,5.681818182,4531.637336,0.195413425,NA,NA,NA,0.873176507110572,0.627635656667657
73,"TOLIMA",73001,"IBAGUE",2024,552035,0.448814958,0.551170516,619556,1,1.08903,108.7056,61.7016,4.1818,7.6942,6.6439,100,100,100,100,100,22.44668911,5.836139169,129130.9828,0.233918108,NA,NA,NA,2.26005896849568,1.18174528371063
73,"TOLIMA",73024,"ALPUJARRA",2024,4807,0.876527164,0.123472836,3847,0.800291242,0.769704,76.9704,43.75,2.7273,5.9091,3.1818,47.27,47.27,47.27,47.27,70.87552114,0,0,376.77265,0.078379998,NA,NA,NA,0.326081989658429,0.282228722173722
73,"TOLIMA",73026,"ALVARADO",2024,8855,0.818336831,0.181663169,7624,0.860982496,0.764447,76.4447,33.4545,3.6043,10.5061,9.9693,100,96.13,100,98.71,91.23595506,0,17.85714286,1791.04211,0.202263366,NA,NA,NA,0.650755437789065,0.501233024219521
73,"TOLIMA",73030,"AMBALEMA",2024,6761,0.775723178,0.224276822,5462,0.807868658,0.666667,66.6667,35.2381,3.1802,5.5359,9.1873,82.09,77.95,67.85,75.96333333,45.03676471,0,34.48275862,772.326849,0.114232636,NA,NA,NA,0.45544795116374,0.375313723456775
73,"TOLIMA",73043,"ANZOATEGUI",2024,10590,0.950918398,0.049081602,9963,0.940793201,0.741731,74.1731,34.3085,3.2825,7.5029,4.4549,97.12,44.49,60.42,67.34333333,83.18670577,0,0,291.55298,0.027530971,NA,NA,NA,0.630557727108782,0.488922120164382
73,"TOLIMA",73055,"GUAYABAL",2024,12831,0.773085684,0.226914316,11414,0.889564336,0.884249,88.4249,47.7041,2.6895,5.868,3.6675,100,98.45,95.2,97.88333333,100,0,12.04819277,1333.552634,0.103932089,NA,NA,NA,0.515299000272788,0.409153496039989
73,"TOLIMA",73067,"ATACO",2024,20279,0.947045203,0.052954797,19866,0.979634104,0.968111,96.8111,40.5556,3.6618,7.0072,5.9222,34.08,26.55,31.45,30.69333333,81.73954074,0,15.54404145,1061.383205,0.052339031,NA,NA,NA,0.335831518406655,0.289553958184993
73,"TOLIMA",73124,"CAJAMARCA",2024,19013,0.88880086,0.11119914,17671,0.929416715,0.88726,88.6979,47.7833,3.7097,8.2628,7.2242,2.45,0,0,0.816666667,100,0,16.57458564,1964.256532,0.103311236,NA,NA,NA,0.349246847392372,0.299546545950885
73,"TOLIMA",73148,"CARMEN DE APICALA",2024,10895,0.809657571,0.190342429,7476,0.686186324,1.044396,104.4396,63.2353,2.2627,7.0396,0,39.44,27.02,32.25,32.90333333,100,0,0,1725.942454,0.158416012,NA,NA,NA,0.770277237153285,0.571136165480406
73,"TOLIMA",73152,"CASABIANCA",2024,6590,0.942132137,0.057867863,6463,0.980728376,0.814239,81.4239,43.2836,3.3622,5.4755,4.5149,26.96,26.96,30.79,28.23666667,88.73786408,0,0,483.949098,0.073436889,NA,NA,NA,0.381929641653037,0.323480813523471
73,"TOLIMA",73168,"CHAPARRAL",2024,52842,0.846733212,0.153266788,55100,1,0.857992,85.746,43.6458,2.8644,8.658,6.2396,95.14,88.11,0.74,61.33,66.59602649,0,3.696857671,4215.23348,0.079770514,NA,NA,NA,0.34530448296767,0.296620368822005
73,"TOLIMA",73200,"COELLO",2024,8536,0.895544463,0.104455537,5409,0.633669166,0.792127,79.2127,44.6281,1.8062,6.486,5.0082,100,32.85,77.36,70.07,87.76414451,0,0,2459.976547,0.288188443,NA,NA,NA,0.810663951039683,0.593693601793171
73,"TOLIMA",73217,"COYAIMA",2024,23625,0.944327403,0.055672597,25632,1,0.976201,97.6201,65.9411,3.8247,8.2489,4.7964,20.86,15.76,15.76,17.46,82.26891748,0,23.58490566,867.952308,0.036738722,NA,NA,NA,0.461517279681951,0.37947512875069
73,"TOLIMA",73226,"CUNDAY",2024,9022,0.917800762,0.082199238,7348,0.814453558,0.871256,87.1256,51.938,3.3732,3.7245,2.6704,98.55,90.68,93.02,94.08333333,80.12783266,0,21.27659574,122.863952,0.013618261,NA,NA,NA,0.426639718783288,0.355321832043899
73,"TOLIMA",73236,"DOLORES",2024,8594,0.926850365,0.073149635,8093,0.941703514,0.927605,92.6928,55.7769,2.5,7.1429,4.2857,27.81,27.81,27.81,27.81,88.88888889,0,0,332.798201,0.038724482,NA,NA,NA,0.354763034475872,0.303626556732341
73,"TOLIMA",73268,"ESPINAL",2024,71777,0.653241763,0.346758237,86928,1,1.076401,107.4975,58.4532,3.8076,9.6962,5.5193,79.84,79.83,78.15,79.27333333,100,0,8.955223881,19817.94838,0.27610444,NA,NA,NA,2.02167689604259,1.10581194087526
73,"TOLIMA",73270,"FALAN",2024,7948,0.886631815,0.113368185,6695,0.842350277,0.965468,96.5468,72.4138,3.2578,6.4356,3.6827,18.48,18.48,18.48,18.48,100,0,0,432.981535,0.054476791,NA,NA,NA,0.41777526071829,0.349088925223411
73,"TOLIMA",73275,"FLANDES",2024,29056,0.775713279,0.224286721,11356,0.390831498,0.87295,87.2555,43.3481,5.1282,7.8506,4.7483,65.79,61.07,61.07,62.64333333,100,0,10.3626943,2946.932428,0.101422509,NA,NA,NA,2.35127311505158,1.20934030798597
73,"TOLIMA",73283,"FRESNO",2024,31821,0.854664504,0.145335496,32683,1,0.886743,88.6743,48.4127,3.4067,8.9569,7.7703,44.77,44.77,72.79,54.11,100,0,3.968253968,3299.018207,0.103674247,NA,NA,NA,0.745982741609903,0.557317572838148
73,"TOLIMA",73319,"GUAMO",2024,33796,0.828821311,0.171178689,29957,0.886406675,0.860185,85.9312,52.4802,4.7452,7.8427,5.0967,65.77,50.31,48.82,54.96666667,91.10994901,0,7.8125,4078.509876,0.120680254,NA,NA,NA,0.968062158019934,0.677049382491009
73,"TOLIMA",73347,"HERVEO",2024,7598,0.939366719,0.060633281,4453,0.586075283,0.751076,75.1076,43.038,2.5712,10.9275,7.7135,17.91,18.43,17.42,17.92,100,0,0,449.169808,0.059116848,NA,NA,NA,0.274727837690906,0.242732695189842
73,"TOLIMA",73349,"HONDA",2024,24953,0.549695524,0.450268865,28081,1,0.819898,81.9643,40.0268,3.415,11.804,5.902,55.15,55.14,59.67,56.65333333,64.04624277,0,7.042253521,1510.722949,0.060542738,NA,NA,NA,0.414224556695269,0.346581364409518
73,"TOLIMA",73352,"ICONONZO",2024,12415,0.88970763,0.11029237,8414,0.677728554,0.933704,93.3704,55.9557,2.4631,7.1429,4.7783,25.09,25.09,25.09,25.09,100,0,0,831.525172,0.06697746,NA,NA,NA,1.15795873279717,0.769162743760221
73,"TOLIMA",73408,"LERIDA",2024,18514,0.725306807,0.274639131,18497,0.999081776,0.918945,91.862,58.2868,2.2666,5.801,4.7253,69.33,69.33,45.71,61.45666667,100,0,0,2554.794084,0.137992551,NA,NA,NA,0.70920417112094,0.536027865178472
73,"TOLIMA",73411,"LIBANO",2024,37508,0.795929311,0.20402406,42892,1,0.963304,96.3304,56.7686,3.228,9.3873,7.2287,70.53,63.456,58.884,64.29,100,0,0,2678.927779,0.071422837,NA,NA,NA,0.538019677478083,0.430495665200621
73,"TOLIMA",73443,"MARIQUITA",2024,40114,0.715040462,0.284933766,38802,0.967293214,0.902898,90.2002,47.0688,2.6808,7.9705,8.1684,80.02,80.02,80.02,80.02,100,0,8.230452675,4377.580667,0.1091285,NA,NA,NA,0.903677609447953,0.643787599263523
73,"TOLIMA",73449,"MELGAR",2024,39096,0.570714909,0.429285091,41236,1,1.178082,117.6993,72.4844,2.7214,7.367,5.7896,96.34,80.2,92.55,89.69666667,100,0,13.69863014,9610.266557,0.245812015,NA,NA,NA,3.22900945127054,1.44196779335911
73,"TOLIMA",73461,"MURILLO",2024,4251,0.904941769,0.095058231,3177,0.747353564,0.57234,57.234,14.557,2.9617,14.4599,9.4077,68.2766666666667,56.1126666666667,57.6973333333333,60.6955555566667,57.79727096,0,68.96551724,347.78006,0.081811353,NA,NA,NA,0.256013523070118,0.227942834763617
73,"TOLIMA",73483,"NATAGAIMA",2024,15717,0.912397969,0.087602031,15559,0.989947191,0.994286,99.4286,59.1422,2.5339,8.4577,4.0724,100,89.09,89.09,92.72666667,85.66297516,0,10.30927835,1260.857397,0.080222523,NA,NA,NA,0.383088476591563,0.324319025033717
73,"TOLIMA",73504,"ORTEGA",2024,36303,0.93710341,0.06289659,28682,0.790072446,0.758843,75.8413,45.8226,3.2468,7.5325,4.1373,55.22,28.95,15.95,33.37333333,73.84350643,431.0344828,4.310344828,1357.983877,0.037406933,NA,NA,NA,0.447632896283126,0.369929737154364
73,"TOLIMA",73520,"PALOCABILDO",2024,10120,0.924472781,0.075527219,10195,1,0.782517,78.2517,34.7403,2.9412,6.6667,3.3987,52.67,52.21,57.9,54.26,100,1408.450704,14.08450704,275.102049,0.027183997,NA,NA,NA,0.51522921466041,0.40996243719501
73,"TOLIMA",73547,"PIEDRAS",2024,7393,0.748089359,0.251910641,3402,0.460165021,0.692374,69.2374,29.0909,2.1028,7.243,8.6449,100,50.97,100,83.65666667,84.59444747,0,0,1827.077039,0.24713608,NA,NA,NA,0.569423877509626,0.450708595014783
73,"TOLIMA",73555,"PLANADAS",2024,27075,0.937274074,0.062725926,33750,1,0.98584,98.584,39.9217,5.2088,8.9382,5.7944,39.4,45.3,45.29,43.33,100,0,11.9047619,830.349117,0.030668481,NA,NA,NA,0.265578736745463,0.235529516962068
73,"TOLIMA",73563,"PRADO",2024,8623,0.870724638,0.129275362,8625,1,0.94076,94.076,59.8456,3.215,5.4253,3.7508,26.73,26.73,26.73,26.73,97.46835443,0,0,592.505466,0.068712219,NA,NA,NA,0.444103392975552,0.367488639690973
73,"TOLIMA",73585,"PURIFICACION",2024,24074,0.78950316,0.21049684,24998,1,0.957981,95.7212,67.2727,2.7348,8.6627,2.8336,94.5,61.07,58.35,71.30666667,97.80934039,0,0,2571.910548,0.106833536,NA,NA,NA,0.816923656377104,0.597144772228135
73,"TOLIMA",73616,"RIOBLANCO",2024,23853,0.950841592,0.049119081,25428,1,0.800498,80.0498,36.5998,5.5925,8.0351,4.8854,22.67,15.93,15.93,18.17666667,78.41211951,0,11.32075472,715.841563,0.030010546,NA,NA,NA,0.213942659800528,0.193873459067559
73,"TOLIMA",73622,"RONCESVALLES",2024,5609,0.892775823,0.107224177,4831,0.861294348,0.759473,75.9473,36.7647,1.8653,7.5569,3.3161,46.45,46.45,46.49,46.46333333,67.5729443,0,44.44444444,235.485195,0.041983454,NA,NA,NA,0.1920347339592,0.175661707446135
73,"TOLIMA",73624,"ROVIRA",2024,22305,0.94357195,0.05642805,27380,1,0.929514,92.9514,50.0613,4.2208,6.6064,2.6902,57.24,49.98,51.28,52.83333333,100,0,0,634.850245,0.028462239,NA,NA,NA,0.337946906144135,0.29113627941208
73,"TOLIMA",73671,"SALDAÑA",2024,14768,0.821808714,0.178191286,13059,0.884276815,0.842718,84.1553,47.7322,1.5123,6.2854,3.1664,100,59.76,57.57,72.44333333,100,0,11.62790698,3244.911156,0.219725837,NA,NA,NA,0.6423389380794,0.488140389178681
73,"TOLIMA",73675,"SAN ANTONIO",2024,13284,0.946419593,0.053580407,13923,1,0.873461,87.3461,52.6423,1.5613,7.1945,4.4935,45.07,38.44,30.66,38.05666667,94.74352463,0,0,276.275686,0.020797628,NA,NA,NA,0.342918200136431,0.294845007373702
73,"TOLIMA",73678,"SAN LUIS",2024,13979,0.903482494,0.096517506,10682,0.764146219,0.934382,93.4382,50.1285,3.9545,8.4545,7.8636,38.86,32.45,32.45,34.58666667,100,0,0,871.834501,0.062367444,NA,NA,NA,0.517558700034885,0.417102925269207
73,"TOLIMA",73686,"SANTA ISABEL",2024,5933,0.919753086,0.080246914,5184,0.873756953,0.839827,83.9827,41.0256,3.1936,11.8526,4.8902,62.18,28.36,32.37,40.97,100,0,0,136.557827,0.023016657,NA,NA,NA,0.322059248517863,0.279190557760979
73,"TOLIMA",73770,"SUAREZ",2024,3916,0.882739212,0.117260788,3198,0.816649642,0.89539,89.539,46.9388,3.8043,9.058,5.6159,71.2771428571429,59.7428571428571,60.67,63.8966666657143,89.96316759,0,0,984.847646,0.25149327,NA,NA,NA,0.715008979318117,0.539418316358201
73,"TOLIMA",73854,"VALLE DE SAN JUAN",2024,5503,0.906009245,0.093990755,4543,0.8255497,0.838906,83.8906,50.8671,1.0274,5.5936,5.2511,59.19,36.42,43.53,46.38,47.49466951,0,0,241.584533,0.043900515,NA,NA,NA,0.435854155989735,0.361759902786951
73,"TOLIMA",73861,"VENADILLO",2024,13031,0.77822056,0.22177944,12296,0.94359604,0.87244,87.244,65.75,1.9905,7.6303,5.8294,89.96,89.96,89.96,89.96,97.6011994,0,0,1307.374073,0.100327993,NA,NA,NA,0.587564256959237,0.462200927790261
73,"TOLIMA",73870,"VILLA HERMOSA",2024,9556,0.939863843,0.060136157,7932,0.830054416,0.794762,79.4762,39.7993,3.7468,9.3669,3.23,31.18,31.18,31.18,31.18,69.38698759,1666.666667,66.66666667,207.672274,0.021732134,NA,NA,NA,0.272911830839295,0.241307056249122
73,"TOLIMA",73873,"VILLARRICA",2024,5280,0.92120971,0.07879029,5026,0.951893939,0.905374,90.5374,37.4101,4.401,7.6923,5.0122,55.39,42.33,41.84,46.52,83.24545987,0,0,121.687582,0.023046891,NA,NA,NA,0.358483619936724,0.306369092348728
76,"VALLE",76001,"SANTIAGO DE CALI",2024,2280171,0.419874128,0.580124318,2574050,1,0.790284,78.7699,48.8272,4.412,8.1323,7.0947,88.18,87.62,83.99,86.59666667,86.14508293,29.65071458,9.666132954,973885.8889,0.4271109,NA,NA,NA,3.12844029171648,1.20645266085512
76,"VALLE",76020,"ALCALA",2024,14381,0.803679669,0.196249019,14023,0.975106043,0.624177,62.4177,29.4949,7.3575,9.5855,8.2902,82.4,55.46,82.4,73.42,64.72937001,0,17.54385965,594.746394,0.0413564,NA,NA,NA,0.828300884968943,0.603387057391445
76,"VALLE",76036,"ANDALUCIA",2024,24590,0.61352657,0.38647343,17595,0.71553477,0.633756,63.2799,38.7097,6.4166,9.3538,7.5915,56.66,56.4,56.64,56.56666667,84.67819404,0,23.25581395,919.391734,0.037388846,NA,NA,NA,1.59301190493452,0.952820097727832
76,"VALLE",76041,"ANSERMANUEVO",2024,17894,0.807239238,0.192760762,18676,1,0.675718,67.5718,29.9841,7.1841,11.2304,9.744,48.19,48.19,48.22,48.2,52.9844413,0,8,580.411666,0.032436105,NA,NA,NA,0.425062991351526,0.354216017200837
76,"VALLE",76054,"ARGELIA",2024,5543,0.889300194,0.110699806,5673,1,0.688926,68.8926,43.2836,6.3455,8.6957,3.6428,100,40.72,100,80.24,81.73168411,0,0,263.707012,0.047574781,NA,NA,NA,0.359221757083769,0.306912298519225
76,"VALLE",76100,"BOLIVAR",2024,16071,0.848951555,0.151048445,13830,0.860556282,0.677324,67.7324,31.9343,8.0712,10.9272,7.6159,69.22,69.23,43.77,60.74,80.17277708,0,54.94505495,496.237845,0.030877845,NA,NA,NA,0.343751441302426,0.295465285490415
76,"VALLE",76109,"BUENAVENTURA",2024,328686,0.766876776,0.233120048,314915,0.95810287,0.631544,62.9414,32.3427,3.3147,13.5216,10.3932,72.79,72.72,72.95,72.82,91.15363633,111.8151323,16.39955274,70065.42303,0.213168261,NA,NA,NA,0.320352122882602,0.277898460783768
76,"VALLE",76111,"BUGA",2024,132138,0.482787857,0.517212143,145072,1,0.742149,74.0558,46.0934,4.9066,9.8771,6.9299,88.21,84.7,90.77,87.89333333,100,0,9.411764706,38080.27954,0.288185681,NA,NA,NA,0.982150071313063,0.684182150151927
76,"VALLE",76113,"BUGALAGRANDE",2024,25391,0.603349009,0.396650991,22753,0.896104919,0.672988,67.2777,42.4608,5.5595,7.8438,4.34,55.71,51.49,55.14,54.11333333,94.48441247,0,18.40490798,8697.586248,0.34254603,NA,NA,NA,1.10691299504374,0.745223840682198
76,"VALLE",76122,"CAICEDONIA",2024,30115,0.798930672,0.201069328,28055,0.93159555,0.624526,62.4526,33.9056,7.4758,9.201,8.0206,88.2,83.3,82.51,84.67,78.75066738,0,29.76190476,2885.767902,0.095824934,NA,NA,NA,0.719153255201563,0.541831876121675
76,"VALLE",76126,"CALIMA",2024,19194,0.750740561,0.249259439,18567,0.967333542,0.734177,73.4177,45.1923,4.7582,6.5377,4.9903,65.53,61.51,67.17,64.73666667,83.75838926,0,7.042253521,607.73063,0.031662532,NA,NA,NA,0.584123418304811,0.44897627650375
76,"VALLE",76130,"CANDELARIA",2024,110619,0.518459267,0.481540733,81260,0.734593515,1.023969,102.3697,57.8193,5.0874,8.3378,7.8512,95.03,93.08,97.42,95.17666667,100,0,9.719222462,27824.81124,0.25153736,NA,NA,NA,7.91633244464478,2.18788470112783
76,"VALLE",76147,"CARTAGO",2024,142792,0.542711294,0.457288706,156914,1,0.69667,69.6219,42.7878,5.184,8.1047,8.1322,80.04,78.83,79.72,79.53,100,0,14.77832512,20682.52162,0.1448437,NA,NA,NA,1.68560500809705,0.98790603147829
76,"VALLE",76233,"DAGUA",2024,57738,0.773856619,0.226095137,41456,0.718002009,0.674127,67.4127,39.3082,4.1077,7.7945,5.506,72.88,28.62,59.37,53.62333333,86.96405979,0,19.10828025,6951.005073,0.12038874,NA,NA,NA,0.541828530068433,0.432969069261776
76,"VALLE",76243,"EL AGUILA",2024,9210,0.910625621,0.089374379,8056,0.874701412,0.608875,60.7843,44.4795,6.2908,7.9248,5.3922,47.94,27.33,30.95,35.40666667,85.0857569,0,27.02702703,295.155205,0.032047254,NA,NA,NA,0.291197200877574,0.255569850685453
76,"VALLE",76246,"EL CAIRO",2024,7034,0.905873715,0.094126285,6810,0.968154677,0.67022,67.022,37.1681,7.0929,8.4915,3.8961,46.36,36.5,37.06,39.97333333,59.12457912,0,29.41176471,217.039423,0.030855761,NA,NA,NA,0.257422167002301,0.22906372604819
76,"VALLE",76248,"EL CERRITO",2024,56819,0.554474564,0.445525436,53860,0.94792235,0.82994,82.9567,51.0474,4.216,7.3538,9.0475,90.43,73.58,99.99,88,100,0,15.78947368,10905.23305,0.191929338,NA,NA,NA,1.09967417547857,0.741782178157653
76,"VALLE",76250,"EL DOVIO",2024,9256,0.818195421,0.181654945,13366,1,0.871668,87.1668,29.1022,6.5946,13.8844,7.4054,64.42,49.15,44.52,52.69666667,80.99574985,0,23.80952381,575.464596,0.062172061,NA,NA,NA,0.366947002188794,0.312579787559969
76,"VALLE",76275,"FLORIDA",2024,57543,0.572411373,0.427588627,65556,1,0.772278,77.1934,46.2193,6.2306,9.0216,6.1013,94.05,71.22,99.1,88.12333333,97.99364655,0,6.741573034,5130.039287,0.089151405,NA,NA,NA,1.14314359395869,0.76227372029362
76,"VALLE",76306,"GINEBRA",2024,24240,0.658991856,0.341008144,22715,0.937087459,0.763181,76.3181,55.2201,5.0471,8.2092,7.8747,71.21,70.15,72.78,71.38,95.02322495,0,7.407407407,3192.30971,0.131695945,NA,NA,NA,1.20160815293386,0.789188071935831
76,"VALLE",76318,"GUACARI",2024,34561,0.559477316,0.440522684,34055,0.98535922,0.768133,76.7986,43.5652,4.9891,8.9939,7.451,63.03,58.43,52.57,58.01,100,0,0,4786.253712,0.13848713,NA,NA,NA,1.22148712476484,0.798176847637596
76,"VALLE",76364,"JAMUNDI",2024,189878,0.488500352,0.511499648,161918,0.852747554,0.784641,78.3532,41.9654,5.8904,9.045,7.3503,98.9,97.16,99.37,98.47666667,100,0,9.026434558,33609.57578,0.177006161,NA,NA,NA,1.53300380084922,0.92940587155107
76,"VALLE",76377,"LA CUMBRE",2024,18290,0.791212477,0.208787523,11926,0.652050301,0.697994,69.7994,40.7708,6.4179,7.3062,3.8308,34.85,28.37,42.07,35.09666667,85.53229201,0,0,487.377584,0.026647216,NA,NA,NA,1.01429941435791,0.700271449759961
76,"VALLE",76400,"LA UNION",2024,34777,0.764150943,0.235849057,35722,1,0.720855,72.0701,45.5437,6.4938,5.8276,4.6986,74.25,74.25,72.95,73.81666667,79.09582689,0,4.032258065,3422.514743,0.098413168,NA,NA,NA,1.24571506192823,0.80902398358803
76,"VALLE",76403,"LA VICTORIA",2024,12681,0.725635918,0.274364082,13052,1,0.765847,76.5847,47.1074,7.1257,6.5868,7.3653,88.16,84.1,84.08,85.44666667,62.75631855,0,0,1371.4406,0.108149247,NA,NA,NA,0.664794758186216,0.509701847477612
76,"VALLE",76497,"OBANDO",2024,12572,0.730913071,0.269086929,10963,0.872017181,0.521547,52.1547,30.7329,3.8433,5.8346,5.765,73.71,66.72,45.45,61.96,60.43737575,0,14.49275362,637.068199,0.050673576,NA,NA,NA,0.665865444143994,0.510344774662985
76,"VALLE",76520,"PALMIRA",2024,378446,0.452654309,0.547345691,374184,0.988738156,0.791563,79.0289,46.4909,5.1443,8.8922,10.5531,91.41,79.76,74.27,81.81333333,91.7850525,45.16711834,6.775067751,132295.922,0.349576748,NA,NA,NA,5.18164280878339,1.82158406280793
76,"VALLE",76563,"PRADERA",2024,49776,0.572475487,0.427524513,48851,0.981416747,0.679961,67.9668,33.426,7.4951,10.6341,6.782,99.81,99.81,94.49,98.03666667,89.10391249,0,8.379888268,6111.587198,0.122781806,NA,NA,NA,1.21705484618832,0.796179669249383
76,"VALLE",76606,"RESTREPO",2024,15926,0.720641046,0.279358954,18657,1,0.85576,85.576,51.1236,4.1783,7.3468,5.0487,79.6,37.97,58.72,58.76333333,100,0,0,1169.194266,0.073414182,NA,NA,NA,0.733375846334591,0.550070863349991
76,"VALLE",76616,"RIOFRIO",2024,16128,0.784361425,0.215638575,17265,1,0.72736,72.736,39.8833,5.6332,10.3346,8.8098,85.06,50.56,56.18,63.93333333,91.38743455,0,10.1010101,2332.14256,0.144602093,NA,NA,NA,0.41291700750693,0.345656367021254
76,"VALLE",76622,"ROLDANILLO",2024,38443,0.67902228,0.32097772,39766,1,0.759912,75.8449,56.9748,3.6317,6.9628,4.7883,74.06,64.5,67.28,68.61333333,91.78421183,0,19.92031873,2272.463163,0.059112534,NA,NA,NA,0.588456409726296,0.462762733196556
76,"VALLE",76670,"SAN PEDRO",2024,17270,0.672351669,0.327648331,12489,0.723161552,0.718544,71.8257,46.6667,5.6088,7.1135,4.332,82.93,77.78,75.08,78.59666667,90.86071987,0,9.345794393,2022.233955,0.117095191,NA,NA,NA,1.05919961039601,0.722317368658081
76,"VALLE",76736,"SEVILLA",2024,43923,0.810992168,0.18898539,44559,1,0.629166,62.9166,35.9559,7.3827,9.9563,5.9568,63.35,46.04,54.14,54.51,81.42819775,0,3.787878788,2239.176497,0.050979589,NA,NA,NA,0.446943321332717,0.369453277105216
76,"VALLE",76823,"TORO",2024,14973,0.832494658,0.167505342,14507,0.968877312,0.59578,59.545,37.3777,6.1147,4.7619,7.7381,73.54,58.59,77.02,69.71666667,67.82199401,0,37.5,499.001584,0.03332676,NA,NA,NA,0.534585538093373,0.428260336823743
76,"VALLE",76828,"TRUJILLO",2024,19948,0.86694376,0.13305624,19488,0.976940044,0.646288,64.6288,46.8613,4.5802,5.5959,3.8895,72.92,55.1,55.1,61.04,82.57456829,0,8.547008547,772.121761,0.038706726,NA,NA,NA,0.481692111314028,0.393184753140649
76,"VALLE",76834,"TULUA",2024,224250,0.565852382,0.434147618,236977,1,0.655376,65.4441,43.6962,5.6793,8.2258,6.2739,84.15,84.15,81.54,83.28,68.37692154,0,10.98901099,29031.17754,0.129458986,NA,NA,NA,1.88007599442166,1.05781668075169
76,"VALLE",76845,"ULLOA",2024,5636,0.793012682,0.206987318,4179,0.741483322,0.622242,62.2242,38.9474,7.5798,8.9096,2.9255,58.86,36.3,36.8,43.98666667,84.87179487,0,0,203.676096,0.036138413,NA,NA,NA,0.92285620393313,0.653811686864857
76,"VALLE",76863,"VERSALLES",2024,7457,0.83255934,0.16744066,7752,1,0.653392,65.3392,42.4779,4.6638,7.3753,3.4707,56.74,48.44,47.7,50.96,70.92130518,0,15.38461538,302.935344,0.040624292,NA,NA,NA,0.292586204114933,0.256645020816572
76,"VALLE",76869,"VIJES",2024,13893,0.703506698,0.296493302,10152,0.730727705,0.673959,67.3959,44.7236,7.0918,5.5986,3.9928,70.16,58.45,60.92,63.17666667,87.1784725,0,24.3902439,808.686316,0.058208185,NA,NA,NA,1.01819409285908,0.702203098108659
76,"VALLE",76890,"YOTOCO",2024,16743,0.685759041,0.314240959,14683,0.876963507,0.780118,78.0118,47.8011,4.0924,6.8071,5.6321,84.09,51.49,55.41,63.66333333,100,0,34.88372093,6782.901378,0.405118639,NA,NA,NA,0.727340450183559,0.546582913600464
76,"VALLE",76892,"YUMBO",2024,114676,0.478350287,0.521649713,117184,1,1.042555,103.1941,58.8719,5.4926,9.9846,8.4103,90.06,89.86,92.46,90.79333333,100,118.7648456,7.125890736,180983.5067,1.578216075,NA,NA,NA,4.9753429379229,1.78764149163879
76,"VALLE",76895,"ZARZAL",2024,43760,0.588045059,0.411954941,46073,1,0.722896,72.2896,50.0693,4.0988,5.7457,3.0009,76.36,76.39,99.62,84.12333333,74.42557443,0,21.42857143,20237.70665,0.462470444,NA,NA,NA,1.33138106119339,0.846460822108412
81,"ARAUCA",81001,"ARAUCA",2024,90619,0.793012348,0.206979523,123017,1,0.970315,96.9356,45.6601,6.7599,8.7716,6.4329,58.35,59.4,59.58,59.11,100,0,7.85634119,14316.27726,0.157983174,NA,NA,NA,0.364474082102956,0.310769066557832
81,"ARAUCA",81065,"ARAUQUITA",2024,53319,0.918273646,0.081726354,53361,1,0.655117,65.4978,25.423,5.3548,10.647,9.0918,46.05,43.22,48.37,45.88,81.49798134,0,12.98701299,3670.275372,0.068836163,NA,NA,NA,0.434809185301485,0.361031868454694
81,"ARAUCA",81220,"CRAVO NORTE",2024,4135,0.847387481,0.152612519,3866,0.934945586,0.866744,86.6744,45.9259,3.6223,12.2898,4.7865,59.07,59.07,59.07,59.07,16.27118644,0,0,230.602164,0.055768359,NA,NA,NA,0.262887096040386,0.233400445896974
81,"ARAUCA",81300,"FORTUL",2024,20073,0.913043478,0.086956522,23437,1,0.823009,82.3009,40.3868,4.7366,10.9024,10.4737,62.31,31.12,61.43,51.62,100,0,8.230452675,963.38577,0.04799411,NA,NA,NA,0.332617114060646,0.287144763672754
81,"ARAUCA",81591,"PUERTO RONDON",2024,4673,0.858797237,0.141202763,4922,1,0.716856,71.6856,30.1775,5.597,5.9701,3.607,52.82,52.82,52.69,52.77666667,49.09090909,0,19.23076923,171.206199,0.036637321,NA,NA,NA,0.402620465405609,0.338342248063425
81,"ARAUCA",81736,"SARAVENA",2024,58996,0.849309594,0.150676625,72566,1,0.866484,86.6484,44.474,4.4338,8.1514,7.222,74.46,71.12,71.52,72.36666667,41.60162348,0,18.48739496,3205.679308,0.054337231,NA,NA,NA,1.12270662146291,0.75269198262219
81,"ARAUCA",81794,"TAME",2024,46068,0.84952973,0.15047027,62092,1,1.098922,109.7778,47.0649,4.2495,8.7458,8.921,58.86,58.86,58.86,58.86,100,0,6.211180124,5509.281448,0.119590202,NA,NA,NA,0.368339469764601,0.313597938828857
85,"CASANARE",85001,"YOPAL",2024,192468,0.523795204,0.476194936,202856,1,0.978189,97.7729,55.9549,3.2803,7.7278,7.402,95.02,88.02,90.59,91.21,100,0,9.42951438,89133.66721,0.463109022,NA,NA,NA,1.06571300615159,0.725475448246421
85,"CASANARE",85010,"AGUAZUL",2024,39218,0.666463769,0.333536231,36143,0.921592126,0.898533,89.8163,53.0809,3.6227,7.1563,6.4194,52.32,50.65,51.77,51.58,81.05616094,0,8.720930233,22266.66042,0.567766343,NA,NA,NA,4.50466582455426,1.70559606434557
85,"CASANARE",85015,"CHAMEZA",2024,2691,0.835169881,0.164830119,2178,0.809364548,0.692898,69.2898,50.6024,3.1915,2.6596,3.9894,42.86,42.86,42.86,42.86,38.4469697,0,0,147.337633,0.054752,NA,NA,NA,0.343633392193879,0.295377431226186
85,"CASANARE",85125,"HATO COROZAL",2024,13104,0.881722204,0.118277796,12124,0.925213675,0.874569,87.4282,34.7426,4.4881,14.3988,5.5441,51.6633333333333,51.6216666666667,51.5666666666667,51.6172222233333,92.97763829,0,33.89830508,513.9566,0.039221352,NA,NA,NA,0.302996475601535,0.264666593305232
85,"CASANARE",85136,"LA SALINA",2024,1518,0.766497462,0.233502538,985,0.648880105,0.55615,55.615,33.7838,3.139,3.5874,7.1749,71.74,38.72,38.72,49.72666667,36.93931398,0,0,158.136455,0.104174213,NA,NA,NA,0.267899305443729,0.237361440751102
85,"CASANARE",85139,"MANI",2024,19474,0.651732836,0.348267164,18236,0.936428058,0.891863,89.1863,34.7009,6.8976,8.5119,5.1658,40.41,52.06,52.22,48.23,75.62620424,0,11.83431953,5786.1718,0.297122923,NA,NA,NA,0.361251554515023,0.308404537240523
85,"CASANARE",85162,"MONTERREY",2024,18836,0.746667497,0.253332503,16054,0.852304099,0.841367,84.0837,52.1242,3.0692,6.4829,11.2747,100,98.44,100,99.48,47.7300995,0,0,4418.170755,0.234559925,NA,NA,NA,0.57696204577351,0.455500240331424
85,"CASANARE",85225,"NUNCHIA",2024,9365,0.875094056,0.124905944,7974,0.851468233,0.766768,76.6768,46.7742,2.5949,5.443,5.443,39.1,31.1,31.92,34.04,75.05249895,0,0,1085.878037,0.115950671,NA,NA,NA,0.389787104863375,0.329150573443313
85,"CASANARE",85230,"OROCUE",2024,14229,0.8204915,0.1795085,10824,0.760699979,0.701261,70.1261,35.0649,5.4784,8.0633,7.7546,64.98,65.01,65.01,65,47.19042664,0,19.41747573,11017.06358,0.774268296,NA,NA,NA,0.364316120623674,0.310653292557104
85,"CASANARE",85250,"PAZ DE ARIPORO",2024,38468,0.837407039,0.162592961,42222,1,0.912162,91.2162,48.2783,3.2422,6.023,6.7566,55.66,55.48,55.23,55.45666667,89.39126599,0,9.501187648,4434.403127,0.115275115,NA,NA,NA,0.293476310845078,0.257333408479396
85,"CASANARE",85263,"PORE",2024,13407,0.830844955,0.169155045,12190,0.909226523,0.789221,78.9221,53.2751,4.6262,6.8154,7.8067,40.08,40.08,40.08,40.08,69.40615058,0,7.874015748,5683.448547,0.423916502,NA,NA,NA,0.448437926410736,0.370485683605699
85,"CASANARE",85279,"RECETOR",2024,1728,0.826612903,0.173387097,1240,0.717592593,0.584615,58.4615,29.5455,5,5.625,5.625,17.19,14.32,14.56,15.35666667,40.625,0,0,243.586105,0.140964181,NA,NA,NA,0.387817155455749,0.327732121026556
85,"CASANARE",85300,"SABANALARGA",2024,3836,0.79828938,0.20171062,2806,0.731491137,0.75,75,45.7364,4.2373,8.8136,5.2542,62.02,62.11,62.11,62.08,48.3378257,0,0,822.143184,0.214323041,NA,NA,NA,0.602289943590157,0.471433820777936
85,"CASANARE",85315,"SACAMA",2024,2125,0.810627473,0.189372527,1769,0.832470588,0.547667,54.7667,27.5862,6.25,5.9028,0,72.73,72.73,72.73,72.73,49.71590909,0,41.66666667,143.022218,0.067304573,NA,NA,NA,0.25948177277099,0.230700344908264
85,"CASANARE",85325,"SAN LUIS DE PALENQUE",2024,8976,0.831518487,0.168481513,8357,0.931038324,0.796981,79.6981,35.1724,4.8418,13.2343,10.0065,41.38,37.76,38.74,39.29333333,64.07185629,0,0,1681.59583,0.187343564,NA,NA,NA,0.311014890037004,0.270801562487471
85,"CASANARE",85400,"TAMARA",2024,7293,0.902950535,0.097049465,6914,0.94803236,0.8236,82.36,36.2319,5.461,9.078,3.2624,10.84,10.77,10.82,10.81,40.86859688,0,0,275.266725,0.037743963,NA,NA,NA,0.289860991827233,0.254534454293778
85,"CASANARE",85410,"TAURAMENA",2024,25904,0.638349217,0.361650783,24449,0.943831069,0.926301,92.6126,53.3054,3.1858,8.0008,6.6077,62.74,60.84,60.05,61.21,84.91428571,0,11.58301158,17060.38746,0.658600504,NA,NA,NA,0.572256961759024,0.452512142327379
85,"CASANARE",85430,"TRINIDAD",2024,14036,0.830224161,0.169775839,13294,0.947135936,0.884226,88.4226,47.2973,4.7293,8.4121,5.4468,54.26,50.28,21.82,42.12,63.21462043,0,0,1982.909915,0.141273149,NA,NA,NA,0.326457946205306,0.282512191270124
85,"CASANARE",85440,"VILLANUEVA",2024,40889,0.557981442,0.442018558,40306,0.985741887,0.95821,95.8087,56.9392,3.7915,7.0596,4.6758,84.91,59.29,59.64,67.94666667,100,224.7191011,4.494382022,21024.35524,0.514181204,NA,NA,NA,1.17347576941608,0.776327623197811
86,"PUTUMAYO",86001,"MOCOA",2024,65766,0.741097038,0.258886848,62058,0.943618283,0.848162,84.7561,44.8071,5.305,8.5816,7.57,53.28,47.13,53.31,51.24,82.40597267,175.4385965,7.01754386,9402.945872,0.142975791,NA,NA,NA,0.498647614795448,0.404563111294954
86,"PUTUMAYO",86219,"COLON",2024,5762,0.868714604,0.131285396,5827,1,0.736056,73.6056,42.0732,3.5578,4.9492,5.5909,100,82.26,78.73,86.99666667,0,2380.952381,23.80952381,216.497102,0.037573256,NA,NA,NA,0.346831245102855,0.297754607547747
86,"PUTUMAYO",86320,"ORITO",2024,38938,0.878036059,0.121941263,44095,1,0.911111,91.055,42.8667,6.6424,8.3666,5.0464,45.73,45.72,45.72,45.72333333,44.56026059,253.8071066,12.69035533,3598.02672,0.092403994,NA,NA,NA,0.429478705642232,0.357309836301479
86,"PUTUMAYO",86568,"PUERTO ASIS",2024,71540,0.837082203,0.162917797,75934,1,0.885008,88.4808,40.0915,6.0839,10.0068,9.1936,100,100,100,100,35.5696324,0,8.760951189,10478.98737,0.146477319,NA,NA,NA,0.388213459486855,0.328017639515916
86,"PUTUMAYO",86569,"PUERTO CAICEDO",2024,17329,0.927374302,0.072625698,14499,0.836689942,0.672414,67.2414,27.9926,4.7865,6.8103,3.881,42.38,42.38,42.38,42.38,67.3849428,0,8.695652174,634.983967,0.036642851,NA,NA,NA,0.291607787758815,0.255887789427639
86,"PUTUMAYO",86571,"PUERTO GUZMAN",2024,41134,0.953572209,0.046427791,18308,0.445081927,0.475605,47.5605,15.3642,11.4985,11.2696,5.6677,22.36,22.36,22.36,22.36,39.05796501,502.5125628,15.07537688,563.721797,0.013704522,NA,NA,NA,0.280613038806874,0.247338899845885
86,"PUTUMAYO",86573,"PUERTO  LEGUIZAMO",2024,36170,0.935832669,0.064167331,22566,0.623887199,0.573821,57.3821,22.4586,8.8148,8.2374,3.1765,31.8,21.38,34.02,29.06666667,30.4144009,0,19.3236715,968.276054,0.026770142,NA,NA,NA,0.314670436485014,0.272815885799469
86,"PUTUMAYO",86749,"SIBUNDOY",2024,16037,0.87139297,0.12860703,15248,0.950801272,0.951591,95.1591,76.1165,2.519,5.452,3.0021,71.21,71.21,71.28,71.23333333,0,0,9.803921569,579.010986,0.036104695,NA,NA,NA,0.538057537118185,0.430520280733628
86,"PUTUMAYO",86755,"SAN FRANCISCO",2024,5670,0.905625212,0.094374788,5902,1,0.6366,63.66,36.3636,2.9216,5.4449,3.5857,37.21,37.21,37.21,37.21,0,0,0,708.236712,0.124909473,NA,NA,NA,0.291080962677256,0.255479823048588
86,"PUTUMAYO",86757,"SAN MIGUEL",2024,19566,0.951463075,0.048536925,21530,1,0.876567,87.6351,39.3782,6.5574,7.1082,4.5486,5.83,34.52,55.53,31.96,38.59974069,0,18.29268293,1030.165819,0.052650814,NA,NA,NA,0.388213459486855,0.328017639515916
86,"PUTUMAYO",86760,"SANTIAGO",2024,7308,0.927585006,0.072414994,8617,1,0.76366,76.366,35.6846,5.3485,5.5916,2.4311,35.03,35.03,35.03,35.03,0,0,15.15151515,205.778366,0.028157959,NA,NA,NA,0.192258640837438,0.1758495256746
86,"PUTUMAYO",86865,"VALLE DEL GUAMUEZ",2024,34604,0.911475176,0.088501046,42056,1,0.95688,95.6745,45.8427,7.3345,7.3484,5.5183,65.78,31.17,51.36,49.43666667,43.34124026,0,8.163265306,2533.799858,0.073222745,NA,NA,NA,0.427945228700893,0.355679858160459
86,"PUTUMAYO",86885,"VILLAGARZON",2024,25576,0.842431632,0.157568368,28705,1,0.959911,95.9911,41.6327,5.6535,9.1421,6.0171,24,24,24,24,100,0,13.65187713,5827.398713,0.227846368,NA,NA,NA,0.328142909433309,0.283781657789512
88,"SAN ANDRES",88001,"SAN ANDRES",2024,56965,0.352770221,0.647229779,59183,1,0.95878,95.8051,53.9164,2.0108,9.0484,10.6061,6.9,10.05,36.82,17.92333333,100,0,11.15241636,2260.547038,0.359673355,NA,NA,NA,13.1718301825189,2.65125620432622
88,"SAN ANDRES",88564,"PROVIDENCIA",2024,6285,0.370812299,0.629187701,4358,0.693396977,0.784629,78.4629,57.5419,1.4085,3.9003,3.6836,58.37,1.59,80.37,46.77666667,100,0,0,2260.547038,0.359673355,NA,NA,NA,13.1718301825189,2.65125620432622
91,"AMAZONAS",91001,"LETICIA",2024,53059,0.728957942,0.271042058,57991,1,0.881831,88.1686,36.4515,5.6081,12.2301,4.687,100,100,100,100,74.97129736,0,14.18439716,7557.502991,0.142435835,NA,NA,NA,0.233685994983375,0.210006431986894
91,"AMAZONAS",91263,"EL ENCANTO",2024,2211,0.92345815,0.07654185,1816,0.821347806,0.513678,51.3678,10.6195,3.0899,6.1625,1.6854,100,100,100,100,0.250941029,0,0,3851.9975495,0.0777670995,NA,NA,NA,0.26801330155046,0.237451346141763
91,"AMAZONAS",91405,"LA CHORRERA",2024,3127,0.934508816,0.065491184,2382,0.761752478,0.503772,50.3772,9.7938,14.8092,8.855,6.5649,100,100,100,100,4.782146652,0,0,3851.9975495,0.0777670995,NA,NA,NA,0.275036362258349,0.242974697622031
91,"AMAZONAS",91407,"LA PEDRERA",2024,4073,0.961158657,0.038841343,3038,0.745887552,0.670539,67.0539,18.3673,1.7897,13.8702,0.2237,100,100,100,100,4.407135362,0,66.66666667,3851.9975495,0.0777670995,NA,NA,NA,0.277235443583312,0.244697932478223
91,"AMAZONAS",91430,"LA VICTORIA",2024,681,0.865771812,0.134228188,149,0.218795888,0.131737,13.1737,11.6071,3.17895,27.2727,0.95455,100,100,100,100,14.87179487,0,0,3851.9975495,0.0777670995,NA,NA,NA,0.268366984368362,0.237730233990055
91,"AMAZONAS",91460,"MIRITIÑPARANA",2024,2043,0.96489649,0.03510351,1111,0.543808125,0.460733,46.0733,11.6071,3.268,13.7255,0,100,100,100,100,1.312335958,0,0,3851.9975495,0.0777670995,NA,NA,NA,0.268366984368362,0.237730233990055
91,"AMAZONAS",91530,"PUERTO ALEGRIA",2024,793,0.982261641,0.017738359,451,0.568726356,0.721698,72.1698,11.6071,5.2326,16.8605,7.5581,100,100,100,100,0.207039337,0,0,3851.9975495,0.0777670995,NA,NA,NA,0.268366984368362,0.237730233990055
91,"AMAZONAS",91536,"PUERTO ARICA",2024,1067,0.971857411,0.028142589,1066,0.999062793,0.834559,83.4559,23.6842,0,11.4625,0,100,100,100,100,0.815217391,0,0,3851.9975495,0.0777670995,NA,NA,NA,0.268366984368362,0.237730233990055
91,"AMAZONAS",91540,"PUERTO NARI¥O",2024,11184,0.919694312,0.080305688,7982,0.71369814,0.543512,54.3512,15.0659,3.617,16.5426,8.5638,100,100,100,100,6.254545455,0,25.97402597,146.492108,0.013098364,NA,NA,NA,0.233685994983375,0.210006431986894
91,"AMAZONAS",91669,"PTO SANTANDER",2024,1853,0.97804878,0.02195122,1230,0.663788451,0.600649,60.0649,8.2474,0.75,12.5,0,100,100,100,100,2.409638554,0,0,3851.9975495,0.0777670995,NA,NA,NA,0.268366984368362,0.237730233990055
91,"AMAZONAS",91798,"TARAPACA",2024,4018,0.946598639,0.053401361,2940,0.731707317,0.525526,52.5526,2.6201,2.1964,17.4419,0,100,100,100,100,2.639296188,0,78.94736842,3851.9975495,0.0777670995,NA,NA,NA,0.268366984368362,0.237730233990055
94,"GUAINIA",94001,"INIRIDA",2024,38710,0.869594031,0.130405969,40742,1,0.774053,77.4053,14.8461,5.1865,14.9042,14.6909,19.87,15.01,40.96,25.28,82.71103896,0,19.53818828,4964.215661,0.128241169,NA,NA,NA,0.269226762770664,0.238407866835085
94,"GUAINIA",94343,"BARRANCO MINAS",2024,11359,0.940742625,0.059257375,7864,0.692314464,0.658722,65.8722,8.8685,4.4033,13.0463,16.5922,43.58,30.3333333333333,51.2266666666667,41.7133333333333,61.32246377,0,27.27272727,0,0,NA,NA,NA,0.265594708825548,0.235542137258882
94,"GUAINIA",94883,"SAN FELIPE",2024,1926,0.981288981,0.018711019,1443,0.749221184,0.611276,61.1276,4.2105,5.4585,10.6987,11.7904,31.725,22.6716666666667,46.0933333333333,33.4966666666667,24.23312883,0,0,2482.1078305,0.0641205845,NA,NA,NA,0.281062597753319,0.247689888038647
94,"GUAINIA",94884,"PUERTO COLOMBIA",2024,1971,0.971166448,0.028833552,1526,0.774226281,0.839735,83.9735,1.7857,2.8274,26.5973,25.2976,31.725,22.6716666666667,46.0933333333333,33.4966666666667,49.7382199,0,100,2482.1078305,0.0641205845,NA,NA,NA,0.276938017128413,0.24446503799332
94,"GUAINIA",94885,"LA GUADALUPE",2024,319,0.978609626,0.021390374,187,0.586206897,0.782609,78.2609,2.9981,1.087,8.6957,4.3478,31.725,22.6716666666667,46.0933333333333,33.4966666666667,0,0,0,2482.1078305,0.0641205845,NA,NA,NA,0.258266246284676,0.229734778400772
94,"GUAINIA",94886,"CACAHUAL",2024,902,0.971428571,0.028571429,525,0.582039911,0.838542,83.8542,2.9981,2.0349,18.8953,4.6512,31.725,22.6716666666667,46.0933333333333,33.4966666666667,43.78698225,0,0,2482.1078305,0.0641205845,NA,NA,NA,0.247708690094864,0.221308821301875
94,"GUAINIA",94887,"PANA PANA",2024,2001,0.990394877,0.009605123,937,0.468265867,0.35901,35.901,0.8621,0.3165,7.5949,6.0127,31.725,22.6716666666667,46.0933333333333,33.4966666666667,41.62561576,0,142.8571429,2482.1078305,0.0641205845,NA,NA,NA,0.278149712253944,0.245413494832927
94,"GUAINIA",94888,"MORICHAL NUEVO",2024,1052,0.97810219,0.02189781,685,0.651140684,0.458213,45.8213,0,10,16.3158,5.7895,31.725,22.6716666666667,46.0933333333333,33.4966666666667,0,0,0,2482.1078305,0.0641205845,NA,NA,NA,0.269226762770664,0.238407866835085
95,"GUAVIARE",95001,"SAN JOSE DEL GUAVIARE",2024,54315,0.747883543,0.252116457,67802,1,0.875124,87.4346,39.214,5.0166,11.5116,7.6524,34.7,34.69,35.44,34.94333333,86.65290678,0,8.939974457,6431.069006,0.118403185,NA,NA,NA,0.279160054091258,0.246203654791786
95,"GUAVIARE",95015,"CALAMAR",2024,9862,0.894647768,0.105352232,9454,0.958629081,0.786911,78.6911,30.3483,2.6718,9.6851,10.0668,52.54,50.69,50.69,51.30666667,37.06365503,0,0,761.973829,0.077263621,NA,NA,NA,0.275881889822049,0.24363761780301
95,"GUAVIARE",95025,"EL RETORNO",2024,13324,0.899665303,0.100334697,13445,1,0.507124,50.7124,18.6441,5.3196,9.6043,7.134,94.36,60.63,77.21,77.4,72.27146814,0,0,716.584242,0.053781465,NA,NA,NA,0.267214045625691,0.236820826001518
95,"GUAVIARE",95200,"MIRAFLORES",2024,7049,0.913687881,0.086312119,4588,0.650872464,0.278673,27.8673,10.2473,5.7402,14.5015,12.3867,98.49,98.49,98.49,98.49,11.98830409,0,0,196.934328,0.02793791,NA,NA,NA,0.25111869495983,0.224038107047759
97,"VAUPES",97001,"MITU",2024,31810,0.832338032,0.167661968,28802,0.905438541,0.577835,57.7835,17.26,5.0601,15.7455,8.8149,100,100,100,100,100,224.2152466,26.9058296,2554.218854,0.080296097,NA,NA,NA,0.250139763246754,0.223255355661274
97,"VAUPES",97161,"CARURU",2024,3025,0.910144928,0.089855072,2415,0.798347107,0.474673,47.4673,12.7451,3.537,13.1833,2.2508,95.95,95.95,97.69,96.53,64.29699842,0,0,100.615192,0.03326122,NA,NA,NA,0.238216360333057,0.213671925012843
97,"VAUPES",97511,"PACOA",2024,4255,0.977859779,0.022140221,271,0.063689777,0.548019,54.8019,5.2459,7.8254,18.2867,2.2241,95.95,95.95,97.69,96.53,15.73157316,0,45.45454545,137.167633,0.048452007,NA,NA,NA,0.274400518829575,0.24247588673036
97,"VAUPES",97666,"TARAIRA",2024,2831,0.912021858,0.087978142,1830,0.646414694,0.199501,19.9501,0,0,34.7305,0,95.48,95.48,95.48,95.48,61.63522013,0,0,137.167633,0.048452007,NA,NA,NA,0.277021492134241,0.244530407084376
97,"VAUPES",97777,"PAPUNAHUA",2024,768,0.981818182,0.018181818,55,0.071614583,0.474673,47.4673,12.7451,5.0601,15.7455,2.2508,95.95,95.95,97.69,96.53,25.11013216,0,0,137.167633,0.048452007,NA,NA,NA,0.252690307919172,0.225293484885234
97,"VAUPES",97889,"YAVARATE",2024,1086,0.927419355,0.072580645,124,0.114180479,0.462633,46.2633,15.9574,8.3916,7.6923,8.7413,95.95,95.95,97.69,96.53,71.12299465,0,0,137.167633,0.048452007,NA,NA,NA,0.278266644907599,0.245504976530272
99,"VICHADA",99001,"PUERTO CARRENO",2024,23959,0.784407517,0.215530362,32195,1,1.483478,148.1739,29.0999,8.4491,12.717,10.0839,66.72,0,67.01,44.57666667,93.81652306,0,11.65501166,6194.163207,0.258531792,NA,NA,NA,0.314357632728515,0.273348054056871
99,"VICHADA",99524,"LA PRIMAVERA",2024,10603,0.807252102,0.192747898,9873,0.931151561,0.909641,90.9641,31.3305,5.1606,13.1498,8.8303,29.51,0,24.43,17.98,18.96193772,0,11.62790698,563.96447,0.053189142,NA,NA,NA,0.283794195232398,0.249819908333985
99,"VICHADA",99624,"SANTA ROSALIA",2024,4170,0.732032601,0.267967399,4049,0.970983213,0.814175,81.4175,22.449,6.2977,13.1679,7.6336,47.9666666666667,35.9883333333333,46.31,43.4216666666667,0,0,24.3902439,514.487996,0.123378416,NA,NA,NA,0.282960070776133,0.249169963384696
99,"VICHADA",99773,"CUMARIBO",2024,104385,0.941190193,0.058809807,47152,0.451712411,0.507033,50.7033,3.8452,5.5005,20.1357,15.22,76.17,41.3,77.28,64.91666667,6.55420213,490.797546,26.99386503,1357.867243,0.01300826,NA,NA,NA,0.285485314929942,0.251136324033463
